"Time (s)","Linear Acceleration x (m/s^2)","Linear Acceleration y (m/s^2)","Linear Acceleration z (m/s^2)","Absolute acceleration (m/s^2)"
1.171583310E-3,4.752507247E-2,-1.547752136E-1,-1.193416715E-1,2.011378478E-1
1.115858322E-2,-7.384282367E-2,-5.474075586E-2,-1.347192639E-1,1.630907509E-1
2.114658291E-2,-2.307673093E-2,4.383072853E-3,-7.258090317E-2,7.628718335E-2
3.113358328E-2,-2.024890780E-3,-3.436481729E-2,-3.138551474E-2,4.658423967E-2
4.112058319E-2,-1.824978132E-2,-5.316697776E-2,-2.589439452E-2,6.188943133E-2
5.110758310E-2,-2.804101702E-2,-4.792582601E-2,8.580788970E-3,5.618552637E-2
6.109558325E-2,-7.339200335E-2,-2.954466507E-2,6.986428678E-2,1.055475815E-1
7.108258316E-2,-6.787605073E-2,-3.210004449E-2,1.159596419E-1,1.381456104E-1
8.106958307E-2,-7.735793218E-3,-3.638956189E-2,1.402571619E-1,1.451072506E-1
9.105658298E-2,7.429941813E-2,-3.728637859E-2,1.647675204E-1,1.845508422E-1
1.010445831E-1,1.587836992E-1,-4.001074255E-2,1.231189728E-1,2.048692366E-1
1.110315830E-1,1.285894816E-1,-2.287123784E-2,6.447198451E-2,1.456536477E-1
1.210185830E-1,2.969583387E-2,-2.810566530E-2,3.249005377E-2,5.222427180E-2
1.310055833E-1,-7.358574718E-3,5.078160614E-3,5.687118888E-2,5.756968353E-2
1.409935830E-1,1.521975417E-3,3.455207437E-2,9.762335837E-2,1.035687325E-1
1.509805829E-1,6.932330970E-2,-5.805700421E-3,1.200474304E-1,1.387472990E-1
1.609675833E-1,1.023128253E-1,-3.652872562E-2,1.186341584E-1,1.608611997E-1
1.709545832E-1,6.457809320E-2,-4.845324486E-2,1.057123965E-1,1.330156300E-1
1.809425829E-1,9.570759125E-3,6.432521939E-3,1.393011421E-1,1.397776268E-1
1.909295833E-1,8.377791915E-2,1.490762249E-2,1.654890668E-1,1.860849489E-1
2.009165832E-1,1.325566164E-1,-3.799696147E-2,1.343070352E-1,1.924926111E-1
2.109045833E-1,1.099012870E-1,-4.218020573E-2,7.579394817E-2,1.400078041E-1
2.208915832E-1,8.261626013E-2,-3.382000297E-2,7.279725015E-2,1.151897507E-1
2.308785832E-1,2.956893101E-2,-3.846473873E-2,8.154877782E-2,9.488973058E-2
2.408655831E-1,1.443873061E-2,-2.200234160E-2,1.081664729E-1,1.113219019E-1
2.508535832E-1,3.633865457E-2,-2.805420980E-2,1.234475863E-1,1.317074146E-1
2.608405831E-1,1.983854290E-2,-1.539995804E-2,9.878169179E-2,1.019242323E-1
2.708275830E-1,2.902411669E-2,-1.794291213E-2,5.697234571E-2,6.640930373E-2
2.808145829E-1,1.605203222E-2,-2.306770429E-2,7.615238249E-2,8.117248351E-2
2.908025831E-1,6.911531327E-2,-8.155111670E-3,1.249099749E-1,1.429892801E-1
3.007895830E-1,1.086872771E-1,-2.902002364E-2,1.477246410E-1,1.856815972E-1
3.107765829E-1,6.027666209E-2,-7.061112240E-2,1.429708546E-1,1.704695629E-1
3.207638334E-1,3.261388684E-2,-6.526340514E-2,1.107795936E-1,1.326465078E-1
3.307518330E-1,8.425159844E-2,-7.384711772E-2,4.748933136E-2,1.216838742E-1
3.407388330E-1,1.139050034E-1,-7.687875286E-2,-2.751114964E-3,1.374491218E-1
3.507258333E-1,7.411814530E-2,-6.104054600E-2,1.007826090E-2,9.654542486E-2
3.607128332E-1,5.454493809E-2,-5.092106223E-2,3.808817804E-2,8.377836329E-2
3.707008329E-1,7.360359946E-2,-3.218117461E-2,7.416023612E-2,1.093291291E-1
3.806878333E-1,1.315704652E-1,-4.545947045E-2,4.800037801E-2,1.472460086E-1
3.906748332E-1,1.640854793E-1,-6.666439801E-2,4.445521116E-2,1.826046338E-1
4.006618331E-1,1.393602812E-1,-5.251325905E-2,4.687245011E-2,1.561280146E-1
4.106498333E-1,1.033571837E-1,-6.243159860E-2,4.716188729E-2,1.296327719E-1
4.206368332E-1,7.286649398E-2,-6.647538677E-2,3.993180513E-2,1.064098306E-1
4.306238331E-1,6.358410308E-2,-6.631926611E-2,1.500746369E-2,9.309353999E-2
4.406118332E-1,1.497647711E-1,-3.551628023E-2,-1.927639890E-1,2.466755931E-1
4.505988332E-1,1.547008809E-1,-1.955966726E-2,-2.808189636E-1,3.212074617E-1
4.605858331E-1,4.150140795E-2,-2.463621989E-2,-1.072367656E-1,1.175969136E-1
4.705728330E-1,-1.072183834E-2,-2.413394406E-2,1.207683921E-1,1.236220433E-1
4.805608331E-1,6.600262111E-2,-3.312564611E-2,2.493679601E-1,2.600731319E-1
4.905478330E-1,2.357224774E-1,-8.741982087E-2,1.885276812E-1,3.142451241E-1
5.005348329E-1,2.864558257E-1,-9.505423799E-2,-6.028654754E-2,3.077770558E-1
5.105218333E-1,1.271189251E-1,-7.825738013E-2,-1.395291835E-1,2.043326496E-1
5.205098330E-1,6.529026579E-2,-2.955840603E-2,-2.800406992E-2,7.694638462E-2
5.304968329E-1,1.116884702E-1,-3.001171142E-2,7.066944838E-3,1.158661249E-1
5.404838333E-1,1.060728225E-1,-5.297679707E-2,5.214663863E-2,1.295270498E-1
5.504708332E-1,1.436536358E-1,-6.155612424E-2,1.079787773E-1,1.899603639E-1
5.604588334E-1,1.696096728E-1,-3.440633252E-2,9.063418150E-2,1.953606708E-1
5.704458333E-1,1.653740411E-1,-2.855473146E-2,4.183215022E-2,1.729562805E-1
5.804328332E-1,1.653867406E-1,-3.909316823E-2,2.256265104E-2,1.714354776E-1
5.904208333E-1,1.969632948E-1,-9.963363111E-3,-8.596576452E-3,1.974024043E-1
6.004078332E-1,1.606889048E-1,-3.266093865E-2,1.110386252E-3,1.639783339E-1
6.103948331E-1,1.466399002E-1,-4.510074377E-2,2.390926480E-2,1.552707003E-1
6.203818331E-1,1.292675941E-1,-5.747008994E-2,4.184910715E-2,1.475271836E-1
6.303698332E-1,1.420303300E-1,-6.942223728E-2,3.028740764E-2,1.609639361E-1
6.403568331E-1,1.626120175E-1,-6.820557788E-2,2.058980048E-2,1.775348106E-1
6.503438330E-1,1.659530069E-1,-7.458562106E-2,1.812578380E-2,1.828440849E-1
6.603318332E-1,1.644970319E-1,-7.334878877E-2,-1.709141135E-2,1.809183093E-1
6.703188331E-1,1.339265916E-1,-8.484646127E-2,-7.069283724E-3,1.586985466E-1
6.803058330E-1,1.412624992E-1,-9.115692258E-2,-2.888699949E-2,1.705846915E-1
6.902928329E-1,1.155589615E-1,-8.532403260E-2,1.443911433E-2,1.443694987E-1
7.002808331E-1,9.961182282E-2,-6.868110269E-2,5.775879622E-2,1.340734413E-1
7.102678330E-1,7.621515783E-2,-3.561305165E-2,7.815446913E-2,1.148266553E-1
7.202548333E-1,7.502096454E-2,-3.412171930E-2,-5.485273004E-3,8.259857788E-2
7.302418333E-1,1.029139648E-1,-4.862909988E-2,-2.437587261E-2,1.164055697E-1
7.402298329E-1,6.501302554E-2,-5.494073063E-2,-6.630742550E-4,8.512119031E-2
7.502168333E-1,4.127875694E-2,-4.749283969E-2,3.541307688E-2,7.220520487E-2
7.602038332E-1,6.654043704E-2,-5.296071723E-2,7.144303501E-2,1.110701336E-1
7.701918329E-1,1.000217126E-1,-6.731095389E-2,8.518925428E-2,1.476222089E-1
7.801788333E-1,7.728971162E-2,-5.350626245E-2,8.465481877E-2,1.265031936E-1
7.901658332E-1,6.458878264E-2,-4.970557228E-2,7.240724087E-2,1.090190960E-1
8.001528331E-1,6.867924803E-2,-5.404786080E-2,2.591661394E-2,9.115745304E-2
8.101408333E-1,7.275202559E-2,-5.836369067E-2,1.803515196E-2,9.499707534E-2
8.201278332E-1,6.367672663E-2,-5.767971262E-2,-4.225782752E-3,8.602053245E-2
8.301148331E-1,6.346605328E-2,-6.423634171E-2,-3.029442430E-3,9.035167424E-2
8.401028332E-1,7.295534424E-2,-5.341782331E-2,2.029451609E-2,9.267045637E-2
8.500898331E-1,1.118879059E-1,-4.176783085E-2,4.597314835E-2,1.279725969E-1
8.600768331E-1,6.857596245E-2,-4.121629223E-2,3.921552122E-2,8.910276357E-2
8.700638330E-1,7.264076404E-2,-6.258114114E-2,7.957475781E-3,9.621019306E-2
8.800518331E-1,9.999963940E-2,-5.671945363E-2,1.693061292E-2,1.162052923E-1
8.900388330E-1,9.206626511E-2,-5.267741963E-2,5.314300418E-2,1.186393131E-1
9.000258329E-1,7.417205846E-2,-5.725973636E-2,2.027112722E-2,9.587017400E-2
9.100138331E-1,7.273353377E-2,-5.837772399E-2,1.604008198E-2,9.463302713E-2
9.200008330E-1,6.981224656E-2,-8.748721004E-2,3.100427628E-2,1.161422698E-1
9.299878329E-1,4.567409067E-2,-9.988535374E-2,6.346392453E-2,1.268498174E-1
9.399748333E-1,3.840116853E-2,-7.239525408E-2,6.986954927E-2,1.076915803E-1
9.499628330E-1,1.490726617E-2,-7.351017192E-2,6.808322489E-2,1.012980625E-1
9.599498333E-1,4.987522376E-2,-7.036013067E-2,5.738925219E-2,1.035934950E-1
9.699368333E-1,5.416630346E-2,-5.490944803E-2,5.620928407E-2,9.543856416E-2
9.799248329E-1,4.793850716E-2,-5.504978120E-2,1.997525811E-2,7.568084180E-2
9.899118333E-1,5.492240326E-2,-6.011873245E-2,-4.710516930E-3,8.156544208E-2
9.998988332E-1,2.008429041E-2,-5.692322910E-2,-5.371837020E-3,6.060106736E-2
1.009885833E0,1.692935212E-2,-6.757130116E-2,-1.880873859E-2,7.215436474E-2
1.019873833E0,3.335177804E-2,-5.599746868E-2,1.791703820E-2,6.759495436E-2
1.029860833E0,3.848303868E-2,-5.599586070E-2,6.010996163E-2,9.071762876E-2
1.039847833E0,1.909755450E-2,-3.271122470E-2,9.471553802E-2,1.020086955E-1
1.049835833E0,-3.780517280E-3,-4.564555809E-2,9.517220557E-2,1.056198750E-1
1.059822833E0,1.473028740E-2,-5.522475913E-2,1.061942071E-1,1.205983624E-1
1.069809833E0,1.161640752E-2,-4.528361544E-2,6.999818802E-2,8.417418296E-2
1.079796833E0,5.508287279E-3,-3.743811384E-2,2.925303519E-2,4.782984073E-2
1.089784833E0,-1.153820101E-4,-4.475970492E-2,-2.745852470E-3,4.484399852E-2
1.099771833E0,8.866854860E-3,-3.541190743E-2,-1.383509696E-2,3.903888076E-2
1.109758833E0,4.098873504E-2,-1.597693205E-2,-3.616561353E-2,5.694989342E-2
1.119746833E0,6.865234170E-2,-3.347808704E-2,6.816684008E-3,7.668372392E-2
1.129733833E0,5.356901952E-2,-3.879876092E-2,6.639454901E-2,9.371883397E-2
1.139720833E0,3.348099237E-2,-4.197730735E-2,5.420135021E-2,7.629454468E-2
1.149707833E0,2.235131074E-2,-7.450229824E-2,4.174093366E-2,8.827501955E-2
1.159695833E0,3.658829413E-2,-5.626936421E-2,3.828172088E-2,7.726858850E-2
1.169682833E0,9.595281799E-2,-4.654880673E-2,2.101489305E-2,1.086984840E-1
1.179669833E0,1.124412078E-1,-3.414291546E-2,-3.992478848E-3,1.175785005E-1
1.189657833E0,1.131331436E-1,-8.228201866E-3,-2.191244066E-2,1.155290723E-1
1.199644833E0,8.563657542E-2,-3.699343309E-2,5.219400108E-2,1.068941106E-1
1.209631833E0,1.055844064E-1,-4.400687590E-2,1.031407911E-1,1.540217348E-1
1.219619833E0,1.224270918E-1,-3.140276402E-2,1.018315995E-1,1.623089679E-1
1.229606833E0,1.467239905E-1,-4.481759235E-2,5.856688142E-2,1.642151807E-1
1.239593833E0,1.240909445E-1,-5.896990076E-2,-2.723165274E-2,1.400627524E-1
1.249580833E0,7.793046596E-2,-1.559583977E-2,-5.342250109E-2,9.576195155E-2
1.259568833E0,6.286705172E-2,-7.389418781E-4,-2.946587384E-2,6.943378103E-2
1.269555833E0,4.711324576E-2,-1.983229369E-3,2.267257869E-2,5.232243257E-2
1.279542833E0,5.828833468E-2,-1.327201009E-2,9.001262248E-2,1.080553026E-1
1.289530833E0,6.890069305E-2,-2.118797064E-2,1.251690066E-1,1.444420846E-1
1.299517833E0,5.937894090E-2,-3.056471184E-2,1.132588130E-1,1.314823903E-1
1.309504833E0,-6.138461810E-3,-3.743168190E-2,1.181774908E-1,1.241157962E-1
1.319492416E0,-2.057209438E-2,-1.302876592E-2,8.517463624E-2,8.858712360E-2
1.329480417E0,-2.425715586E-2,5.639785677E-3,4.060072660E-2,4.763019834E-2
1.339467417E0,-2.932478235E-2,-6.396853924E-3,4.816526949E-2,5.675170293E-2
1.349454416E0,-1.208228443E-2,-9.825953543E-3,7.150852382E-2,7.318469744E-2
1.359442417E0,-2.274213315E-2,-2.718472883E-2,8.994304061E-2,9.667452951E-2
1.369429416E0,-3.945271717E-3,-3.905399188E-2,1.004920024E-1,1.078861529E-1
1.379416416E0,1.821343722E-3,-3.724252447E-2,9.176561773E-2,9.905176182E-2
1.389404417E0,2.712477660E-3,-1.769206658E-2,9.097799778E-2,9.272196522E-2
1.399391416E0,1.635434241E-2,4.253557026E-3,8.118917406E-2,8.292912183E-2
1.409378416E0,-3.839619840E-3,7.639241070E-3,4.674439609E-2,4.751988269E-2
1.419365416E0,1.681532227E-2,-6.228161752E-3,5.160167813E-3,1.865937817E-2
1.429353416E0,3.291874604E-2,-4.498701543E-3,-1.436368525E-2,3.619665193E-2
1.439340416E0,1.240747184E-2,-7.416608334E-3,-5.986788690E-2,6.158827257E-2
1.449327416E0,8.353615506E-3,-2.166320309E-2,-6.619048119E-2,7.014454405E-2
1.459315416E0,-5.688902289E-3,-4.014873683E-2,-5.194432497E-2,6.589762951E-2
1.469302416E0,-1.475137392E-2,-4.920154229E-2,2.899049520E-3,5.144705321E-2
1.479289417E0,-2.938847132E-3,-3.632188037E-2,6.916846812E-2,7.818051418E-2
1.489277416E0,-1.729617354E-2,-3.220514819E-2,6.740845621E-2,7.668265226E-2
1.499264416E0,7.754111448E-3,-5.724277943E-2,8.562838018E-2,1.032912462E-1
1.509251417E0,1.459560044E-2,-6.532918632E-2,9.043420672E-2,1.125134653E-1
1.519238417E0,4.141939161E-3,-6.618682668E-2,4.946218193E-2,8.273064200E-2
1.529226416E0,6.100308727E-3,-5.392316893E-2,6.332826912E-2,8.339899031E-2
1.539213417E0,3.004750734E-2,-5.176101476E-2,5.849028289E-2,8.368493616E-2
1.549200417E0,5.403030088E-2,-3.554639339E-2,7.231894791E-2,9.701984191E-2
1.559188416E0,5.684957245E-2,-2.943736866E-2,7.072792053E-2,9.539848691E-2
1.569175417E0,6.518826842E-2,-1.264109552E-2,3.021490216E-2,7.295373841E-2
1.579162417E0,5.702232113E-2,-3.797956601E-2,3.395010352E-2,7.646307652E-2
1.589150417E0,4.736193515E-2,-4.343341023E-2,6.456027746E-2,9.109140163E-2
1.599137417E0,6.288841233E-2,-3.453526363E-2,1.044634312E-1,1.267290231E-1
1.609124416E0,8.877383502E-2,-5.562427014E-2,7.692129135E-2,1.299682203E-1
1.619111416E0,9.717376230E-2,-8.122133374E-2,3.916991293E-2,1.325666897E-1
1.629099417E0,1.034810625E-1,-5.490491644E-2,4.726421356E-2,1.263201727E-1
1.639086416E0,9.662308250E-2,-2.667265892E-2,4.781794488E-2,1.110585731E-1
1.649073416E0,7.198284265E-2,1.898590922E-3,1.469990015E-2,7.349300203E-2
1.659061417E0,9.353721444E-2,1.379986748E-2,4.157077968E-2,1.032849290E-1
1.669048416E0,9.570136031E-2,-6.814491302E-3,7.387372255E-2,1.210888704E-1
1.679035416E0,1.261741064E-1,-2.610284775E-2,9.324671745E-2,1.590478359E-1
1.689023416E0,1.379770584E-1,5.496821254E-3,6.917022228E-2,1.544422330E-1
1.699010416E0,1.062397788E-1,-2.211840883E-2,-2.220187783E-3,1.085405171E-1
1.708997416E0,5.677089086E-2,-3.604983866E-2,-5.072459579E-3,6.744075001E-2
1.718985416E0,4.499196729E-2,-8.315179199E-3,4.222566783E-2,6.226095365E-2
1.728972416E0,7.889934959E-2,2.600256801E-3,4.818807364E-2,9.248761615E-2
1.738959416E0,8.744428782E-2,-3.514761329E-3,7.100975633E-2,1.126997893E-1
1.748946417E0,9.010491712E-2,-1.595120430E-3,1.278569716E-1,1.564252080E-1
1.758934416E0,1.127886603E-1,-7.309458107E-3,1.424288177E-1,1.818259558E-1
1.768921416E0,1.271525283E-1,-1.461394608E-2,1.291094452E-1,1.817981895E-1
1.778908417E0,1.227637362E-1,-3.530665755E-2,1.215940189E-1,1.763592936E-1
1.788896416E0,1.298440200E-1,-5.803990111E-2,7.048993886E-2,1.587354123E-1
1.798883417E0,1.205039335E-1,-6.897492528E-2,4.588310122E-2,1.462326820E-1
1.808870417E0,1.045093319E-1,-6.671541497E-2,4.446047366E-2,1.317189461E-1
1.818858416E0,8.997931162E-2,-3.963432804E-2,4.526621997E-2,1.082413375E-1
1.828845417E0,5.869416799E-2,-5.485506892E-2,4.194617093E-2,9.062872171E-2
1.838832417E0,7.625765065E-2,-6.568835154E-2,7.515660167E-2,1.256133097E-1
1.848820416E0,1.146823177E-1,-2.373764902E-2,7.388073921E-2,1.384697570E-1
1.858807417E0,1.319366105E-1,-5.030081883E-2,5.711560249E-2,1.523142594E-1
1.868794417E0,1.332747824E-1,-6.625787035E-2,1.169852436E-2,1.492954402E-1
1.878781416E0,1.477753473E-1,-6.613975659E-2,-1.483321667E-2,1.625793498E-1
1.888769417E0,1.106502788E-1,-6.523183018E-2,7.424209714E-3,1.286615512E-1
1.898756417E0,8.372774273E-2,-7.564323619E-2,7.732357979E-3,1.131018278E-1
1.908743416E0,6.965641826E-2,-6.241434932E-2,-1.502500534E-2,9.472760100E-2
1.918731417E0,6.585921815E-2,-4.598089591E-2,-2.940681696E-2,8.553619285E-2
1.928718416E0,5.968196372E-2,-3.796538651E-2,-1.692242682E-2,7.273015809E-2
1.938705416E0,9.070166202E-2,-2.422384501E-2,-2.467408061E-2,9.706902912E-2
1.948693417E0,1.017640002E-1,-3.272715837E-2,-2.309182405E-2,1.093627494E-1
1.958680416E0,7.646486135E-2,-5.218508407E-2,1.169618547E-2,9.331108603E-2
1.968667416E0,8.008318235E-2,-4.263789654E-2,4.642981589E-2,1.019168000E-1
1.978655417E0,9.153291682E-2,-5.076874226E-2,-8.042260408E-3,1.049781787E-1
1.988642416E0,8.782810271E-2,-7.170776770E-2,-3.627086341E-2,1.190435009E-1
1.998629416E0,7.548776421E-2,-5.916037381E-2,-2.272871196E-2,9.856442929E-2
2.008617416E0,6.207733043E-2,-4.418258473E-2,1.299368262E-2,7.729509386E-2
2.018604416E0,5.051480865E-2,-4.471000358E-2,6.642203093E-2,9.467109647E-2
2.028591416E0,5.276635213E-2,-4.619300365E-2,1.146907961E-1,1.344323630E-1
2.038578417E0,6.249566216E-2,-4.226455182E-2,1.166227162E-1,1.388987331E-1
2.048566416E0,4.860204737E-2,-4.376772478E-2,1.083231783E-1,1.265372818E-1
2.058553416E0,3.826062522E-2,-4.916163504E-2,1.005510592E-1,1.182846453E-1
2.068540417E0,2.179836513E-2,-4.694334760E-2,9.936816752E-2,1.120396328E-1
2.078528416E0,5.135719143E-3,-3.722702935E-2,6.362589240E-2,7.389507094E-2
2.088515416E0,1.967174194E-2,-3.993852943E-2,4.338517070E-2,6.216378850E-2
2.098502417E0,2.169205545E-2,-3.087052122E-2,6.314992905E-4,3.773503864E-2
2.108490416E0,4.206445827E-2,-3.884393066E-2,-2.275619388E-2,6.161261201E-2
2.118477417E0,5.238980058E-2,-5.849291414E-2,1.001511097E-2,7.916068883E-2
2.128464417E0,3.098958515E-2,-5.257363155E-2,4.269695342E-2,7.448067503E-2
2.138452416E0,1.136491329E-2,-6.686247244E-2,4.849856079E-2,8.337782603E-2
2.148439417E0,3.835128447E-2,-4.777160570E-2,4.430727661E-2,7.560477559E-2
2.158426417E0,5.963660211E-2,-4.595107511E-2,1.301414788E-2,7.640283804E-2
2.168414416E0,1.715518255E-2,-4.220534876E-2,-2.113593042E-2,5.022269713E-2
2.178401417E0,2.119051966E-2,-2.709965184E-2,1.624882758E-2,3.804541564E-2
2.188388417E0,-4.229638260E-4,-6.930558532E-3,1.942678928E-2,2.063035826E-2
2.198375416E0,-8.856247645E-4,-2.226371214E-2,-6.095137596E-3,2.309995480E-2
2.208363417E0,2.899777682E-2,-1.244842976E-2,-1.017590940E-2,3.315695396E-2
2.218350417E0,5.307046216E-2,-1.594828069E-2,-8.056293726E-3,5.599754887E-2
2.228337416E0,3.986014020E-2,-1.576102361E-2,5.123330355E-3,4.316814978E-2
2.238325417E0,3.976514122E-2,-3.157891139E-2,2.405252159E-2,5.618734640E-2
2.248312416E0,2.106819408E-2,-4.397486240E-2,3.529964089E-2,6.019735851E-2
2.258299416E0,-9.754882464E-3,-5.830097929E-2,3.911436439E-2,7.088085368E-2
2.268287417E0,5.420113094E-3,-3.432052463E-2,2.034363270E-2,4.026337577E-2
2.278274416E0,-1.041622083E-2,-3.103687450E-2,-1.049692154E-2,3.437979926E-2
2.288261416E0,-1.719536388E-2,-4.469421610E-2,-2.182180882E-3,4.793761994E-2
2.298249417E0,1.568653557E-2,-4.216558769E-2,3.560954332E-2,5.737633449E-2
2.308236416E0,6.507512480E-3,-1.664132193E-2,7.957826614E-2,8.155968218E-2
2.318222667E0,1.757463804E-2,-2.573315755E-2,1.011392891E-1,1.058310876E-1
2.328210666E0,3.263624330E-2,-1.623888731E-2,1.131845534E-1,1.189099195E-1
2.338197667E0,3.681086292E-2,-2.955767512E-2,1.242621034E-1,1.329276726E-1
2.348184667E0,3.662825620E-2,-5.029964939E-2,1.278774369E-1,1.422122454E-1
2.358172666E0,4.803765401E-2,-3.504426375E-2,8.102486730E-2,1.005024664E-1
2.368159667E0,6.396800020E-2,-3.291880086E-2,5.467965245E-2,9.036269635E-2
2.378146667E0,1.017750003E-1,-4.632164240E-2,3.208250284E-2,1.163319914E-1
2.388134666E0,9.319558172E-2,-4.239523709E-2,5.507960200E-2,1.162606345E-1
2.398121667E0,9.147596128E-2,-6.717266724E-2,9.288360536E-2,1.466539562E-1
2.408108667E0,6.393965947E-2,-5.614598796E-2,6.961285651E-2,1.099390823E-1
2.418095666E0,4.326277203E-2,-5.897370145E-2,5.268692136E-2,9.014142548E-2
2.428083667E0,2.887195204E-2,-6.783895746E-2,3.462194860E-2,8.145178383E-2
2.438070667E0,2.701564380E-2,-5.078160614E-2,1.356495559E-2,5.909843105E-2
2.448057666E0,1.495282877E-2,-2.243883625E-2,4.472535253E-3,2.733298432E-2
2.458045667E0,2.800055246E-2,-1.332083434E-2,-1.598336399E-2,3.488471714E-2
2.468032666E0,4.905893418E-2,-6.811860055E-3,-7.110214233E-4,4.953469503E-2
2.478019666E0,5.733809819E-2,-2.435569972E-2,3.227604568E-2,7.016124811E-2
2.488007667E0,5.684758988E-2,-5.311961532E-2,1.098744446E-1,1.346318520E-1
2.497994666E0,5.114395078E-2,-6.194554880E-2,1.368944281E-1,1.587231526E-1
2.507981666E0,3.657271679E-2,-7.217408314E-2,1.312746692E-1,1.542066816E-1
2.517969667E0,-7.341700019E-3,-4.621858522E-2,7.031101406E-2,8.446121522E-2
2.527956666E0,-2.732446815E-2,-3.373448744E-2,-1.872746229E-2,4.727959440E-2
2.537943666E0,-2.114242631E-2,-1.453983262E-2,-3.084523201E-2,4.012277733E-2
2.547931666E0,2.253899722E-2,1.976505071E-3,-2.186273932E-3,2.273087684E-2
2.557918666E0,2.285331247E-2,-2.104354441E-2,4.471482754E-2,5.444740999E-2
2.567905666E0,1.347873657E-2,-1.722078100E-2,1.031951702E-1,1.054868465E-1
2.577893666E0,4.580343291E-3,-2.785803571E-2,1.292404228E-1,1.322880818E-1
2.587880666E0,5.236326884E-2,-1.383655876E-2,1.227125913E-1,1.341333006E-1
2.597867666E0,2.523972563E-2,-2.499450803E-2,7.802466094E-2,8.572990667E-2
2.607855666E0,1.872642989E-2,-2.225333333E-2,8.992959201E-2,9.451572113E-2
2.617842666E0,1.025039745E-2,-3.539802030E-2,6.222139120E-2,7.231591811E-2
2.627829666E0,1.362931151E-3,-5.415106416E-2,6.955789268E-2,8.816175908E-2
2.637817666E0,6.222954076E-3,-5.606471166E-2,6.850948691E-2,8.874416515E-2
2.647804666E0,6.213863483E-3,-5.810085833E-2,6.965203285E-2,9.091604654E-2
2.657791667E0,-2.813168541E-3,-5.540806934E-2,4.412893653E-2,7.088956979E-2
2.667779666E0,-8.172735544E-3,-6.171736121E-2,1.618275404E-2,6.432501698E-2
2.677766666E0,3.922001626E-3,-6.434451520E-2,1.985422075E-2,6.745212239E-2
2.687753667E0,2.808491682E-2,-6.637861535E-2,5.306348205E-2,8.950204610E-2
2.697740667E0,1.612728772E-2,-5.025988832E-2,4.787115455E-2,7.125863611E-2
2.707728666E0,6.295642275E-3,-6.759162024E-2,1.664994657E-2,6.989622993E-2
2.717715667E0,2.805497725E-2,-5.532328472E-2,-9.194746614E-3,6.270798151E-2
2.727702667E0,1.526057504E-2,-4.462112591E-2,-1.592021406E-2,4.977331859E-2
2.737690667E0,1.062058101E-2,-4.214380682E-2,-1.970979452E-2,4.772183142E-2
2.747677667E0,1.356947805E-2,-4.991753384E-2,-1.670607984E-2,5.435976475E-2
2.757664667E0,2.906012275E-2,-4.827417389E-2,-2.093244731E-2,6.010868447E-2
2.767652667E0,5.936044908E-2,-4.615134224E-2,7.769780159E-3,7.559086446E-2
2.777639667E0,4.471969717E-2,-3.176865354E-2,1.419996321E-2,5.666337105E-2
2.787626666E0,4.543368788E-2,-2.743908271E-2,4.147430062E-3,5.323837367E-2
2.797614667E0,6.370820110E-2,-2.564252570E-2,3.109139979E-2,7.538533778E-2
2.807601667E0,6.168769573E-2,-3.715423152E-2,3.815015852E-2,8.149382381E-2
2.817588666E0,4.722289933E-2,-5.826428801E-2,6.347444952E-2,9.825342345E-2
2.827576667E0,4.488053215E-2,-5.454326615E-2,6.969237864E-2,9.922831092E-2
2.837563667E0,1.341625359E-2,-5.346182361E-2,4.832957625E-2,7.330696001E-2
2.847550666E0,4.686278393E-3,-7.093944356E-2,1.743171930E-2,7.319993644E-2
2.857538667E0,2.845766768E-3,-5.350801662E-2,2.908054233E-2,6.096625438E-2
2.867525666E0,3.188107540E-2,-3.871704608E-2,2.197559059E-2,5.475709276E-2
2.877512666E0,2.664684894E-2,-6.106832027E-3,4.659821570E-2,5.402537980E-2
2.887500667E0,2.561169078E-2,-3.329843134E-2,4.713849843E-2,6.314097139E-2
2.897487666E0,3.157602433E-2,-3.795076847E-2,9.492369890E-2,1.069944613E-1
2.907474666E0,1.538827275E-2,-3.800485522E-2,9.659366369E-2,1.049357128E-1
2.917462667E0,4.743718151E-3,-4.374155849E-2,7.202073991E-2,8.439676403E-2
2.927449666E0,1.221267734E-2,-3.676583022E-2,4.502414525E-2,5.939738559E-2
2.937436666E0,3.843405912E-2,-5.283880278E-2,1.353221118E-2,6.672508314E-2
2.947424666E0,4.579535645E-2,-1.733450934E-2,-3.781394362E-3,4.911210471E-2
2.957411666E0,3.757875765E-2,-2.128722712E-2,9.386535287E-3,4.419746723E-2
2.967398666E0,4.147299414E-2,-2.011398330E-2,5.650690734E-2,7.292195927E-2
2.977386666E0,3.941774352E-2,-2.044347391E-2,8.437415242E-2,9.534511905E-2
2.987373666E0,3.226331885E-2,-4.517997354E-2,5.871072292E-2,8.080285106E-2
2.997360666E0,7.464060316E-2,-3.619017184E-2,3.022425771E-2,8.828620465E-2
3.007348666E0,7.240667442E-2,-4.172032222E-2,-1.712474048E-2,8.530280490E-2
3.017335666E0,6.162283732E-2,-4.508247122E-2,-3.982129276E-2,8.611352186E-2
3.027322666E0,4.889692976E-2,-4.038467199E-2,-3.322797239E-2,7.159559777E-2
3.037310666E0,1.273992260E-2,-3.885065496E-2,-2.518395782E-2,4.801989952E-2
3.047297666E0,-1.310384782E-2,-4.449424133E-2,5.590522885E-3,4.671939945E-2
3.057284667E0,1.323248656E-2,-3.474444777E-2,5.044275999E-2,6.266376454E-2
3.067272666E0,1.860258769E-2,-1.244521379E-2,6.221963704E-2,6.612278615E-2
3.077259666E0,-3.524902593E-3,-2.065982088E-2,5.735299945E-2,6.106242448E-2
3.087246667E0,1.875943012E-2,-1.878988132E-2,3.209127367E-2,4.165123892E-2
3.097234666E0,2.208541774E-2,-4.028439224E-3,5.460013032E-2,5.903531342E-2
3.107221666E0,2.423588661E-3,-1.054559961E-2,6.965437174E-2,7.048982164E-2
3.117208667E0,6.388613004E-3,-2.017201692E-2,6.559581935E-2,6.892413336E-2
3.127196666E0,2.723331554E-3,-2.183657303E-2,7.481220067E-2,7.798152233E-2
3.137183666E0,-1.339067202E-3,-1.642482877E-2,9.505233765E-2,9.647028036E-2
3.147170667E0,3.143955580E-2,-1.249783874E-2,1.036693794E-1,1.090503639E-1
3.157158666E0,4.743098712E-2,-9.131742865E-3,7.168920279E-2,8.644321294E-2
3.167145667E0,5.706927245E-2,-1.824667498E-2,2.451562107E-2,6.473684177E-2
3.177132667E0,9.912450308E-2,-1.527278110E-2,5.635137141E-2,1.150408711E-1
3.187120666E0,1.116336891E-1,-2.261819959E-2,6.411296546E-2,1.307062961E-1
3.197107667E0,1.031639241E-1,-1.606771007E-2,7.977180898E-2,1.313944750E-1
3.207094667E0,8.165397288E-2,-2.505736560E-2,7.485430062E-2,1.135711635E-1
3.217082666E0,1.060800585E-1,-4.335052595E-2,6.338440239E-2,1.309573571E-1
3.227069667E0,1.312561408E-1,-2.306872755E-2,5.803303063E-2,1.453553347E-1
3.237056667E0,1.157603067E-1,-1.810312584E-2,4.063171685E-2,1.240125324E-1
3.247044667E0,1.004997317E-1,-1.446133375E-2,4.187834322E-2,1.098322442E-1
3.257031667E0,7.100563130E-2,3.264208138E-4,1.321353793E-2,7.222536820E-2
3.267018666E0,6.274289888E-2,7.637633085E-3,1.802111864E-3,6.323173576E-2
3.277006667E0,7.682294849E-2,1.589419395E-3,2.045589924E-2,7.951563043E-2
3.286993667E0,8.020897971E-2,-1.971520320E-2,5.131457984E-2,9.723865368E-2
3.296980666E0,6.476252260E-2,-3.932091728E-2,7.176930964E-2,1.043606855E-1
3.306968667E0,5.305211195E-2,-2.039260313E-2,8.064479828E-2,9.866087540E-2
3.316955333E0,6.563572203E-2,-2.000771016E-3,7.674353600E-2,1.010030762E-1
3.326942333E0,8.843222058E-2,-3.367016807E-2,3.635681748E-2,1.013694038E-1
3.336930333E0,1.048855088E-1,-3.291470781E-2,1.209847391E-2,1.105925903E-1
3.346917333E0,8.943362935E-2,-1.452550694E-2,1.688909769E-2,9.216618703E-2
3.356904333E0,5.520066221E-2,3.423690945E-3,4.446047366E-2,7.096173959E-2
3.366892333E0,6.129743520E-2,-1.716596335E-3,4.534106433E-2,7.626358489E-2
3.376879333E0,8.224744700E-2,-7.822112739E-3,3.809870303E-2,9.097988326E-2
3.386866333E0,7.792957060E-2,-5.520502478E-3,1.523141205E-2,7.959579031E-2
3.396854333E0,5.664012336E-2,-3.923481703E-4,-5.442588329E-3,5.690236620E-2
3.406841333E0,4.664185511E-2,-1.056591868E-3,8.417651653E-3,4.740712915E-2
3.416828333E0,5.441586080E-2,-1.690839350E-2,1.378071785E-2,5.862497643E-2
3.426816333E0,7.916840374E-2,-6.432083398E-3,4.238003433E-2,9.002819090E-2
3.436803333E0,8.929251046E-2,-1.765318260E-2,6.255819082E-2,1.104459801E-1
3.446790333E0,4.559661963E-2,-5.522271261E-2,6.959356070E-2,9.985921790E-2
3.456778333E0,5.546595678E-2,-4.464963108E-2,4.811849177E-2,8.593864769E-2
3.466765333E0,7.365146897E-2,-2.096650735E-2,3.864132464E-2,8.577461910E-2
3.476752333E0,4.974735703E-2,-2.558960840E-2,5.103449821E-3,5.617537529E-2
3.486740333E0,3.905230167E-2,-1.814069420E-2,1.053317428E-2,4.432961552E-2
3.496727333E0,4.346386143E-2,-3.115761951E-2,7.124832273E-3,5.395060462E-2
3.506714333E0,3.714949893E-2,-3.963988289E-2,-7.408422232E-3,5.482964806E-2
3.516702333E0,4.441252192E-2,-2.943269089E-2,-3.739703715E-2,6.509449887E-2
3.526689333E0,4.710478557E-2,-3.018435046E-2,-3.646206737E-2,6.677902510E-2
3.536676333E0,5.782298311E-2,-6.204787508E-2,-4.116439819E-2,9.427589223E-2
3.546664333E0,7.355127145E-2,-4.596730113E-2,-8.724045753E-3,8.717161969E-2
3.556651333E0,7.003432198E-2,-3.388022929E-2,1.452448368E-2,7.914314133E-2
3.566638333E0,6.948799561E-2,-2.959041953E-2,-1.028700650E-2,7.622333609E-2
3.576626333E0,7.366187976E-2,-2.813051596E-2,-6.558763325E-2,1.025628397E-1
3.586613333E0,8.223030735E-2,-1.150395826E-2,-8.207970500E-2,1.167529121E-1
3.596600333E0,7.864715187E-2,-3.879291371E-2,-7.867253244E-2,1.178118500E-1
3.606588333E0,6.102146032E-2,-3.495582461E-2,-2.227262914E-2,7.376718988E-2
3.616575333E0,6.969867810E-2,-6.039735228E-3,3.993940651E-2,8.055768321E-2
3.626562333E0,3.743908228E-2,-2.411113992E-2,7.415965140E-2,8.650251931E-2
3.636550333E0,3.350275498E-2,-1.196764246E-2,6.347035646E-2,7.276087690E-2
3.646537333E0,7.397212480E-2,2.769504458E-2,6.186997354E-2,1.003333662E-1
3.656524333E0,4.134560706E-2,1.225064769E-2,5.096667051E-2,6.676180866E-2
3.666512333E0,-1.037849258E-2,1.976636633E-2,4.805358768E-2,5.298650427E-2
3.676499333E0,-1.517520569E-2,3.473085299E-2,2.474483192E-2,4.526395612E-2
3.686486333E0,1.159138555E-2,2.325452283E-2,-2.637854397E-2,3.702648556E-2
3.696474333E0,8.060685990E-3,2.005638823E-2,-1.252064288E-2,2.497998930E-2
3.706461333E0,1.334573754E-2,1.568486363E-2,4.697594583E-2,5.129194034E-2
3.716448333E0,2.337224829E-2,1.773445889E-2,1.012001002E-1,1.053671358E-1
3.726436333E0,2.305247869E-2,4.620177448E-2,6.573849142E-2,8.359168614E-2
3.736423333E0,3.747705492E-2,3.874233529E-2,9.202932715E-3,5.468264953E-2
3.746410333E0,2.694148466E-2,2.163045868E-2,1.609796941E-2,3.811646570E-2
3.756398333E0,1.479453368E-2,6.259005815E-3,4.315888345E-2,4.605152116E-2
3.766385333E0,1.804827622E-2,-9.823322296E-4,3.293678105E-2,3.757042450E-2
3.776372333E0,2.631871051E-2,7.321737260E-3,2.214574456E-2,3.516697829E-2
3.786360333E0,1.914887295E-2,-5.242028832E-3,-1.617573738E-2,2.560883991E-2
3.796347333E0,9.726331607E-3,1.199921742E-2,-4.811849177E-2,5.053683800E-2
3.806334333E0,-8.809054219E-3,2.961760908E-3,-5.707467198E-2,5.782637500E-2
3.816322333E0,-3.940460098E-2,-2.755149543E-2,-1.630729973E-2,5.077140439E-2
3.826309333E0,-5.473017148E-2,-3.508753315E-2,2.901388407E-3,6.507645279E-2
3.836296333E0,-4.422653935E-2,-3.722659081E-2,6.612908542E-2,8.783428593E-2
3.846284333E0,-1.133740854E-2,-3.468670651E-2,9.735789478E-2,1.039724200E-1
3.856271333E0,-1.376989136E-2,-5.737448797E-2,1.597126025E-1,1.702631997E-1
3.866258333E0,-4.299009992E-3,-5.471663609E-2,1.780792916E-1,1.863454476E-1
3.876246333E0,2.543960448E-2,-8.069888502E-3,1.274938595E-1,1.302573637E-1
3.886233333E0,-1.741177938E-2,-3.665765673E-2,1.365044188E-1,1.424093053E-1
3.896220333E0,4.417059794E-3,-3.539334252E-2,1.024291849E-1,1.084616846E-1
3.906208333E0,9.536234971E-2,2.523234352E-2,7.621377826E-2,1.246562830E-1
3.916195333E0,5.544015594E-2,7.399943769E-3,5.812600136E-2,8.066599093E-2
3.926182333E0,7.171518178E-2,3.626808599E-2,1.015661359E-2,8.100369225E-2
3.936170333E0,8.437314743E-2,2.883715197E-2,2.267433286E-2,9.200290600E-2
3.946157333E0,7.294608006E-2,6.417903900E-3,6.717807591E-2,9.937411117E-2
3.956144333E0,9.672448601E-2,1.217317209E-2,1.089318734E-1,1.461846961E-1
3.966132333E0,8.297421022E-2,1.919947878E-2,9.748244047E-2,1.294456092E-1
3.976119333E0,8.769465828E-2,1.991225436E-2,7.248910189E-2,1.155055014E-1
3.986106333E0,1.188641367E-1,3.972700641E-2,4.161697268E-2,1.320563911E-1
3.996094333E0,1.210959823E-1,5.008330241E-2,6.855275631E-3,1.312233551E-1
4.006081333E0,1.053837830E-1,1.850936115E-2,1.253935397E-2,1.077291677E-1
4.016068333E0,7.824829867E-2,-3.333059102E-3,1.411283970E-2,7.958063692E-2
4.026056333E0,8.166499123E-2,1.588001445E-2,2.960971534E-2,8.830674320E-2
4.036043333E0,7.687972130E-2,1.174252465E-2,1.607750416E-2,7.941577030E-2
4.046030333E0,9.028541336E-2,3.615625799E-3,-1.442157269E-2,9.150142280E-2
4.056018333E0,9.160608924E-2,6.372587979E-3,-4.022533536E-2,1.002514991E-1
4.066005333E0,5.826708371E-2,-1.290612057E-2,-9.452608824E-2,1.117890976E-1
4.075992333E0,1.707349512E-2,-1.920693398E-2,-4.732502460E-2,5.385228409E-2
4.085980333E0,2.875157249E-2,-6.898925096E-2,2.315088093E-2,7.824406020E-2
4.095967333E0,6.128239232E-2,-7.417982429E-2,7.474144936E-2,1.218378521E-1
4.105954333E0,6.596357267E-2,-1.032093497E-1,1.478760839E-1,1.920174444E-1
4.115942333E0,9.133937398E-2,-1.131531246E-1,2.065640026E-1,2.526167018E-1
4.125929333E0,1.061074581E-1,-8.949470535E-2,1.696920455E-1,2.192338597E-1
4.135916333E0,1.044191020E-1,-8.077460647E-2,9.003016412E-2,1.597914778E-1
4.145904333E0,1.150099536E-1,-8.347163469E-2,5.932234168E-2,1.539933227E-1
4.155891333E0,8.627299002E-2,-7.528012410E-2,5.506556869E-2,1.270525196E-1
4.165878333E0,4.977128950E-2,-5.081712797E-2,3.604866922E-2,7.974376657E-2
4.175866333E0,4.251311330E-2,-3.550531670E-2,6.536017656E-3,5.577375587E-2
4.185853333E0,3.772184084E-2,-1.924713358E-2,-9.537393451E-3,4.340911542E-2
4.195840333E0,2.815067058E-2,1.105416119E-3,-3.689593077E-2,4.642189038E-2
4.205828333E0,2.941254540E-2,-9.500263631E-4,-5.006912291E-2,5.807682366E-2
4.215815333E0,2.464242342E-2,-2.592202261E-2,-4.660698652E-2,5.874871472E-2
4.225803333E0,2.643499701E-2,-5.968691558E-2,1.826728642E-2,6.778665585E-2
4.235790333E0,4.043903282E-2,-5.812527046E-2,4.983231068E-2,8.658592050E-2
4.245777333E0,4.246189535E-2,-3.619601905E-2,7.056829154E-2,8.996137017E-2
4.255765333E0,3.165569264E-2,-4.377664179E-2,4.757587016E-2,7.198569763E-2
4.265752333E0,4.117011750E-2,-1.713380367E-2,3.417229772E-2,5.618088406E-2
4.275739333E0,5.717349906E-2,-1.248541340E-2,1.652481616E-2,6.080924348E-2
4.285727333E0,4.775973768E-2,-2.564603403E-2,2.155692995E-2,5.833877641E-2
4.295714333E0,6.557203763E-2,-7.317790389E-3,4.447158337E-2,7.956735450E-2
4.305701333E0,4.658924388E-2,-2.536492914E-2,5.132744372E-2,7.381357432E-2
4.315689333E0,3.778265188E-2,-3.164878562E-2,8.147919595E-2,9.522622426E-2
4.325676583E0,3.999585955E-2,-3.591374472E-2,7.725282848E-2,9.411410813E-2
4.335663583E0,4.167794818E-2,-3.903352663E-2,4.826818049E-2,7.476954469E-2
4.345651583E0,2.567283073E-2,-4.518026590E-2,5.341548443E-2,7.452224259E-2
4.355638583E0,8.780462248E-3,-5.460203066E-2,8.691535234E-2,1.030182350E-1
4.365625583E0,2.422076608E-2,-3.364429414E-2,1.107456797E-1,1.182505375E-1
4.375613583E0,6.930075224E-2,-2.449924886E-2,9.920912325E-2,1.234716874E-1
4.385600583E0,6.137131568E-2,-4.912289724E-2,1.080384189E-1,1.336106185E-1
4.395587583E0,5.183207670E-2,-5.106695026E-2,1.264337593E-1,1.458762938E-1
4.405575583E0,4.418425667E-2,-5.757738635E-2,1.217998409E-1,1.417836563E-1
4.415562583E0,5.345852542E-2,-5.975839779E-2,1.264881384E-1,1.497602391E-1
4.425549583E0,3.519322157E-2,-6.378669083E-2,1.280294645E-1,1.473052903E-1
4.435537583E0,3.409719754E-2,-4.278831616E-2,7.568460524E-2,9.338960515E-2
4.445524583E0,3.164292013E-2,-5.204021931E-2,4.119948149E-2,7.353132730E-2
4.455511583E0,4.010566844E-2,-2.700054154E-2,2.518746614E-2,5.451515693E-2
4.465499583E0,5.723611909E-2,-3.547344938E-2,2.732637763E-2,7.267096981E-2
4.475486583E0,6.388229281E-2,-2.681167647E-2,4.552057385E-3,6.943006954E-2
4.485473583E0,6.561484108E-2,-2.872927085E-2,1.288317025E-2,7.277811792E-2
4.495461583E0,4.763034062E-2,-3.317563981E-2,4.129771471E-2,7.123744567E-2
4.505448583E0,3.415146701E-2,-3.849689841E-2,3.877581060E-2,6.443521843E-2
4.515435583E0,3.463968211E-2,-8.186116531E-2,3.181820869E-2,9.441163259E-2
4.525423583E0,4.970369020E-2,-7.992076680E-2,1.075127542E-2,9.472790354E-2
4.535410583E0,5.930325600E-2,-7.547732145E-2,2.025358558E-2,9.810152881E-2
4.545398583E0,-2.563245753E-3,-5.537897944E-2,-1.841054320E-2,5.841532071E-2
4.555385583E0,-6.679758662E-3,-6.457343370E-2,-4.922595441E-2,8.147111208E-2
4.565372583E0,2.308172847E-2,-5.944981098E-2,-4.468149841E-2,7.786836659E-2
4.575360583E0,1.223895326E-3,-5.786726207E-2,-4.875817716E-2,7.568010160E-2
4.585347583E0,5.131160142E-3,-6.063796520E-2,-1.095768213E-3,6.086454088E-2
4.595334583E0,2.245994104E-2,-3.519979969E-2,2.526991189E-2,4.880618092E-2
4.605322583E0,2.171957390E-2,-4.147269264E-2,1.268494964E-2,4.850393873E-2
4.615309583E0,3.550378181E-2,-4.431736305E-2,1.414616883E-2,5.852060563E-2
4.625296583E0,4.447999788E-2,-5.258430272E-2,6.251726031E-2,9.301605744E-2
4.635284583E0,2.427985950E-2,-5.745108649E-2,8.894082785E-2,1.086306116E-1
4.645271583E0,3.161351047E-2,-5.755355895E-2,7.575418711E-2,1.002522970E-1
4.655258583E0,6.497351116E-2,-8.157348230E-2,4.460139155E-2,1.134243109E-1
4.665246583E0,7.767953818E-2,-8.294816270E-2,7.636697531E-2,1.369175784E-1
4.675233583E0,6.990214750E-2,-6.122210205E-2,7.751887679E-2,1.210108766E-1
4.685220583E0,4.252412251E-2,-4.996591955E-2,7.136526704E-2,9.694274316E-2
4.695208583E0,7.862275802E-3,-3.196014985E-2,1.163309401E-1,1.208972878E-1
4.705195583E0,-4.404673747E-2,-1.232625219E-1,8.026472926E-2,1.535454042E-1
4.715182583E0,4.434172036E-2,-1.334444247E-1,4.124041200E-2,1.465413738E-1
4.725170583E0,1.510929752E-1,-3.350995436E-2,4.873244941E-2,1.622555263E-1
4.735157583E0,8.023859038E-2,-4.959418282E-2,3.636968136E-4,9.432892786E-2
4.745144583E0,3.810423961E-2,-4.054532424E-2,-1.874909699E-2,5.871443631E-2
4.755132583E0,-7.429709751E-4,-2.335977271E-2,-4.007506192E-2,4.639225770E-2
4.765119583E0,2.598664348E-2,-1.805780992E-2,-3.066046000E-2,4.406193307E-2
4.775106583E0,7.800552045E-2,-2.563740939E-2,-1.940281570E-2,8.437183913E-2
4.785094583E0,6.676941035E-2,-4.437422723E-2,1.544249654E-2,8.164371929E-2
4.795081583E0,5.822630852E-2,-2.951396719E-2,6.391591430E-3,6.559138437E-2
4.805068583E0,4.653733157E-2,-3.844310403E-2,4.601349413E-2,7.590017865E-2
4.815056583E0,4.393202241E-2,-4.973130003E-2,9.583586454E-2,1.165664520E-1
4.825043583E0,3.974450237E-2,-2.302648142E-2,9.062774956E-2,1.016033135E-1
4.835030583E0,5.128427482E-2,-4.051594198E-2,8.562487185E-2,1.077183229E-1
4.845018583E0,4.307580731E-2,-5.547604322E-2,1.059772754E-1,1.271388982E-1
4.855005583E0,5.850825395E-2,-5.204782069E-2,8.954075217E-2,1.189526701E-1
4.864992583E0,5.902123748E-2,-7.286873236E-2,9.273917913E-2,1.318859886E-1
4.874980583E0,5.493967082E-2,-7.300117180E-2,6.694126368E-2,1.132637245E-1
4.884967583E0,4.098751078E-2,-5.488401264E-2,5.207120955E-2,8.604441730E-2
4.894955583E0,3.675895974E-2,-3.093060136E-2,7.836438417E-3,4.867579469E-2
4.904942583E0,3.646783235E-2,-3.271575630E-2,6.033157110E-3,4.936215647E-2
4.914929583E0,5.101960609E-2,-4.573984444E-3,-7.644065022E-3,5.179144011E-2
4.924917583E0,4.018255019E-2,-2.063321605E-2,-6.393345594E-3,4.562062924E-2
4.934904583E0,4.803243720E-2,-3.626589328E-2,2.211300015E-2,6.411953536E-2
4.944891583E0,5.059827765E-2,-2.336825117E-2,5.856746614E-2,8.084806092E-2
4.954879583E0,2.444569202E-2,-3.610070944E-2,6.092564821E-2,7.491854037E-2
4.964866583E0,4.604366211E-2,-4.588704810E-2,7.347084939E-2,9.809997816E-2
4.974853583E0,3.316972864E-2,-7.201138437E-2,8.813975930E-2,1.185516240E-1
4.984841583E0,5.061073953E-2,-7.428551272E-2,8.845492423E-2,1.261112920E-1
4.994828583E0,4.749538871E-2,-5.462585807E-2,1.257765323E-1,1.451190284E-1
5.004815583E0,-2.852582429E-3,-8.241972059E-2,1.195872545E-1,1.452661661E-1
5.014803583E0,2.781590835E-2,-5.926825494E-2,1.224237388E-1,1.388309138E-1
5.024790583E0,3.879170772E-2,-5.510693774E-2,1.106456923E-1,1.295532339E-1
5.034777583E0,1.157770626E-2,-3.014619738E-2,1.272412598E-1,1.312751869E-1
5.044765583E0,-3.528512335E-2,-2.470477849E-2,1.273400778E-1,1.344279041E-1
5.054752583E0,-6.833207874E-2,-1.499942377E-2,1.127097595E-1,1.326564947E-1
5.064739583E0,-4.878045140E-2,-1.077510282E-2,6.141681433E-2,7.916855665E-2
5.074727583E0,-3.403486074E-2,-1.886574894E-2,-7.889648080E-3,3.970560131E-2
5.084714583E0,-3.763631618E-2,5.478548706E-3,-4.194558620E-2,5.662101194E-2
5.094701583E0,-5.126249394E-2,3.270245388E-2,-6.241668820E-2,8.713860649E-2
5.104689583E0,-4.911008818E-2,3.867582321E-2,-5.836339831E-2,8.552137934E-2
5.114676583E0,-3.795320786E-2,1.062877625E-2,-3.561480582E-2,5.312091174E-2
5.124663583E0,-3.126444083E-2,8.551845253E-3,-1.859589994E-2,3.736852702E-2
5.134651583E0,-3.343708344E-2,1.479915664E-2,-1.210315168E-2,3.851674787E-2
5.144638583E0,-3.739038594E-3,-1.185508355E-2,-3.724091649E-3,1.297660488E-2
5.154625583E0,1.766691442E-2,-1.693792194E-2,-3.128260374E-4,2.447674253E-2
5.164613583E0,1.506816510E-2,-1.599827439E-2,2.240711510E-2,3.138587565E-2
5.174600583E0,1.508267807E-2,-2.611424983E-2,1.010223448E-2,3.180403061E-2
5.184587583E0,-3.548688884E-3,-2.384392217E-2,1.375265121E-3,2.414574851E-2
5.194575583E0,-1.266891091E-2,-4.231381461E-2,-1.308080614E-2,4.606590604E-2
5.204562583E0,-1.905861570E-2,-3.579490006E-2,-1.876488447E-2,4.468362778E-2
5.214549583E0,4.849443119E-4,-2.825550020E-2,6.983329654E-3,2.910971239E-2
5.224537583E0,2.063146646E-2,-2.481865302E-2,2.483370960E-2,4.072267278E-2
5.234524583E0,2.518779962E-2,-3.785180435E-2,3.879744530E-2,5.976977584E-2
5.244511583E0,3.028813854E-2,-4.759311944E-2,6.479708970E-2,8.591355648E-2
5.254499583E0,2.680762910E-2,-5.472379893E-2,8.665222764E-2,1.059337137E-1
5.264486583E0,2.285541382E-2,-6.564552069E-2,7.122201025E-2,9.952024453E-2
5.274473583E0,2.448960552E-2,-4.305801898E-2,2.146337450E-2,5.398527783E-2
5.284461583E0,1.491536091E-2,-4.930518419E-3,2.963368893E-3,1.598623027E-2
5.294448583E0,-4.565862296E-3,3.247309685E-2,-6.424686670E-2,7.213188614E-2
5.304435583E0,1.346430582E-2,3.845640644E-2,-9.968216300E-2,1.076880511E-1
5.314423583E0,1.164002022E-2,1.145162567E-2,-1.175769818E-1,1.187054188E-1
5.324411458E0,5.070554665E-3,3.723214567E-4,-1.064023679E-1,1.065237676E-1
5.334398458E0,-4.278846234E-3,-9.612383991E-3,-7.094543695E-2,7.172141574E-2
5.344386458E0,9.521793262E-3,1.894936413E-3,-3.957512498E-2,4.074856866E-2
5.354373458E0,1.598314015E-2,4.999223202E-3,-3.238772750E-3,1.705704108E-2
5.364360458E0,3.122118514E-2,9.143437296E-3,6.069702208E-2,6.886576316E-2
5.374348458E0,5.357162336E-2,1.529704705E-2,1.128530163E-1,1.258559564E-1
5.384335458E0,4.804013908E-2,8.237995952E-3,1.290258300E-1,1.379252854E-1
5.394322458E0,3.097413114E-2,2.006223544E-2,9.900096238E-2,1.056554809E-1
5.404310458E0,2.636667138E-2,9.005881548E-3,7.152138770E-2,7.675686393E-2
5.414297458E0,-1.248704880E-3,-5.955389142E-4,6.602383554E-2,6.603832819E-2
5.424284458E0,-1.156711732E-3,1.277528912E-2,4.990481615E-2,5.152704794E-2
5.434272458E0,-2.689376590E-3,4.151523113E-3,3.812267661E-2,3.844224711E-2
5.444259458E0,3.259459559E-2,-4.502356052E-5,7.098636746E-2,7.811193286E-2
5.454246458E0,5.111589328E-2,-2.600695342E-3,1.256636810E-1,1.356869887E-1
5.464234458E0,1.312318475E-2,4.472535253E-3,1.180482674E-1,1.188596440E-1
5.474221458E0,1.182947458E-2,7.528582513E-3,1.341637784E-1,1.348945346E-1
5.484208458E0,1.978499063E-2,-3.484940529E-4,9.415011227E-2,9.620712522E-2
5.494196458E0,1.774803083E-2,-6.978359520E-3,2.982255399E-2,3.539879696E-2
5.504183458E0,3.438800516E-2,-4.107668996E-4,-9.793501496E-3,3.575774461E-2
5.514170458E0,1.533805978E-2,2.499392331E-2,-3.310050309E-2,4.422211647E-2
5.524158458E0,3.479595808E-4,1.511592954E-2,-2.820872247E-2,3.200538119E-2
5.534145458E0,1.882651321E-2,1.420551807E-2,-3.259822726E-3,2.380883843E-2
5.544132458E0,3.155252583E-2,8.200866133E-3,1.922330618E-2,3.784642113E-2
5.554120458E0,2.840432554E-2,4.086911380E-3,3.822968066E-2,4.780185182E-2
5.564107458E0,2.761785219E-2,-1.727325976E-2,5.258634925E-2,6.185818773E-2
5.574094458E0,2.122421424E-2,-2.164756179E-2,5.930889308E-2,6.660802504E-2
5.584082458E0,2.700316365E-2,-1.495308459E-2,4.720106363E-2,5.639774813E-2
5.594069458E0,3.754114817E-2,-1.868799359E-2,2.063540876E-2,4.673755455E-2
5.604056458E0,3.430115573E-2,-1.745481580E-2,8.951502442E-3,3.951416550E-2
5.614044458E0,3.205481993E-2,-1.963480398E-2,-8.208906054E-3,3.847626732E-2
5.624031458E0,3.065015428E-2,-3.667373657E-3,-1.096235991E-2,3.275751702E-2
5.634018458E0,2.858797836E-2,1.145337984E-2,-1.425434232E-2,3.393580250E-2
5.644006458E0,2.074841534E-2,3.749541655E-2,9.019330144E-3,4.379213762E-2
5.653993458E0,4.387149459E-2,5.000875041E-2,4.921893775E-2,8.275316905E-2
5.663980458E0,3.650353692E-2,3.443337590E-2,6.599109113E-2,8.290349626E-2
5.673968458E0,4.538828974E-2,1.670096353E-2,9.168726504E-2,1.036608586E-1
5.683955458E0,4.735283086E-2,9.597619772E-3,1.001294750E-1,1.111769610E-1
5.693942458E0,4.752218084E-2,-5.689779371E-3,8.619146705E-2,9.858854017E-2
5.703930458E0,3.127993138E-2,-1.176211283E-2,6.333587050E-2,7.161154863E-2
5.713917458E0,2.511993537E-2,4.888710827E-3,5.814705133E-2,6.352944377E-2
5.723904458E0,2.203106605E-2,-1.319438830E-2,5.624846041E-2,6.183323582E-2
5.733892458E0,-9.997551050E-4,-1.518112600E-2,6.780372798E-2,6.948965121E-2
5.743879458E0,-3.570213947E-3,-2.064607993E-2,8.594997704E-2,8.846697461E-2
5.753866458E0,-1.069230990E-2,-2.736292273E-2,9.874485433E-2,1.030223339E-1
5.763854458E0,-1.822502658E-2,-3.245204687E-2,1.309098029E-1,1.360979920E-1
5.773841458E0,-2.297500765E-2,-1.843685567E-2,8.477234781E-2,8.974474679E-2
5.783828458E0,-1.236571907E-2,-1.524032906E-2,3.546979487E-2,4.053745165E-2
5.793816458E0,-2.970792116E-3,-6.703832746E-3,8.301292062E-3,1.107602949E-2
5.803803458E0,8.485698625E-3,-8.107164502E-4,6.868724227E-3,1.094731542E-2
5.813790458E0,1.545587661E-2,-1.941436395E-2,-4.901720881E-3,2.529483182E-2
5.823778458E0,2.901805478E-2,-2.340655044E-2,-6.086366773E-3,3.777509718E-2
5.833765458E0,1.008043533E-2,-2.596163750E-2,-2.812101424E-2,3.957793880E-2
5.843752458E0,1.771174612E-2,-4.671925306E-3,-3.435122252E-2,3.892992839E-2
5.853740458E0,5.363988960E-3,-3.172202200E-2,-3.018566608E-2,4.411613644E-2
5.863727458E0,2.904636809E-2,-1.160745397E-2,5.237351060E-3,3.171520665E-2
5.873714458E0,5.463132613E-2,1.813543171E-2,3.706257641E-2,6.846247328E-2
5.883702458E0,4.112714960E-2,-2.086578906E-2,5.350845516E-2,7.063977888E-2
5.893689458E0,1.477611038E-2,-1.101176888E-2,6.795926392E-2,7.041345074E-2
5.903676458E0,-2.335702269E-3,-2.863206089E-2,8.550266504E-2,9.019953517E-2
5.913664458E0,5.846941564E-3,-2.668771550E-2,7.783696532E-2,8.249250908E-2
5.923651458E0,2.520352315E-2,-4.757396981E-2,5.312020004E-2,7.563237293E-2
5.933638458E0,4.813252509E-2,-4.901121542E-2,3.568321824E-2,7.740885784E-2
5.943626458E0,6.273622940E-2,-6.586713016E-2,4.201516807E-2,1.001977428E-1
5.953613458E0,5.590442943E-2,-5.245317891E-2,6.784699738E-2,1.023711691E-1
5.963600458E0,3.291781871E-2,-5.305368796E-2,5.348155797E-2,8.221042292E-2
5.973588458E0,4.730178649E-2,-2.842068404E-2,2.897763133E-2,6.232894515E-2
5.983575458E0,6.136855196E-2,-2.594848126E-2,1.288550913E-2,6.786353362E-2
5.993562458E0,3.952279240E-2,-9.504502863E-3,2.175164223E-3,4.070771466E-2
6.003550458E0,6.249499521E-2,1.049940661E-2,-3.992478848E-3,6.349647119E-2
6.013537458E0,7.867364706E-2,2.390502557E-2,-1.879528999E-2,8.434604861E-2
6.023524458E0,8.389409602E-2,2.128898129E-2,-1.543664932E-2,8.791888428E-2
6.033512458E0,8.833176725E-2,1.360793263E-2,-1.383275807E-2,9.043794630E-2
6.043499458E0,7.945458840E-2,1.119317874E-2,2.845430553E-2,8.513498911E-2
6.053486458E0,8.341269658E-2,-3.145948201E-3,6.025087953E-2,1.029453419E-1
6.063474458E0,9.525595780E-2,-8.607978523E-3,3.559843361E-2,1.020541193E-1
6.073461458E0,9.439966961E-2,1.683077171E-2,1.070859075E-2,9.648443613E-2
6.083448458E0,4.726432777E-2,1.883256599E-2,2.925361991E-3,5.096214246E-2
6.093436458E0,4.737212667E-2,9.541778862E-3,2.918930054E-2,5.645510778E-2
6.103423458E0,2.713028120E-2,1.400598183E-2,5.089884281E-2,5.935412273E-2
6.113410458E0,4.273131494E-3,1.245033011E-2,6.126829505E-2,6.266637337E-2
6.123398458E0,1.834596802E-2,1.740116760E-2,6.611563683E-2,7.078596336E-2
6.133385458E0,3.129283637E-2,4.870438278E-3,6.706171632E-2,7.416357983E-2
6.143372458E0,4.179378700E-2,1.099261925E-2,7.020927250E-2,8.244331541E-2
6.153360458E0,7.207443380E-2,-1.905753762E-3,7.238034368E-2,1.021629583E-1
6.163347458E0,5.701910059E-2,-1.635436982E-2,6.333353162E-2,8.677430191E-2
6.173334458E0,3.316045532E-2,-1.640509441E-2,8.184990942E-2,8.982288457E-2
6.183321458E0,2.685510575E-2,-5.293191969E-4,6.370599926E-2,6.913704669E-2
6.193309458E0,2.629949236E-2,-5.393910259E-3,5.593212605E-2,6.204160129E-2
6.203296458E0,3.073116106E-2,-4.242593497E-3,5.703783453E-2,6.492856403E-2
6.213283458E0,5.274977893E-2,4.750862718E-3,3.660590887E-2,6.438246996E-2
6.223271458E0,2.446659125E-2,2.603428915E-2,2.008752465E-2,4.098666790E-2
6.233258458E0,3.276035045E-2,1.686351612E-2,1.947415173E-2,4.167566824E-2
6.243245458E0,3.833811453E-2,1.418929204E-2,3.466638744E-2,5.359949116E-2
6.253233458E0,5.489276976E-2,-1.608481318E-2,2.771755636E-2,6.356257010E-2
6.263220458E0,7.136584262E-2,-5.387975335E-2,2.451912940E-2,9.272162111E-2
6.273207458E0,6.866781398E-2,-2.771960288E-2,3.640768826E-2,8.251766372E-2
6.283195458E0,4.671830289E-2,-3.388183728E-2,2.159610629E-2,6.161956288E-2
6.293182458E0,5.836029655E-2,-4.825356245E-2,2.007290661E-2,7.834061579E-2
6.303169458E0,7.362212783E-2,-4.694290906E-2,1.987468600E-2,8.954807402E-2
6.313157458E0,4.817558892E-2,-4.173976421E-2,2.985003591E-2,7.038550936E-2
6.323143667E0,5.616437928E-3,-2.960927680E-2,2.813797116E-2,4.123104496E-2
6.333130667E0,2.244099698E-2,-1.495454639E-2,2.430512130E-2,3.630393539E-2
6.343118667E0,5.250316804E-2,-1.530128628E-2,1.910811603E-2,5.792954440E-2
6.353105667E0,5.919154221E-2,-2.097980976E-2,1.540507436E-2,6.466148314E-2
6.363092666E0,3.843614676E-2,-2.855590090E-2,-7.189151645E-3,4.841963192E-2
6.373080667E0,1.488099481E-2,1.367605269E-2,-3.120366633E-2,3.717724057E-2
6.383067667E0,2.893572781E-2,1.629823655E-2,-5.172096133E-2,6.146516655E-2
6.393054666E0,1.339809524E-2,2.838969380E-3,-5.581635118E-2,5.747202591E-2
6.403042667E0,2.396550314E-2,1.387982816E-3,-1.441221714E-2,2.799971143E-2
6.413029667E0,3.708302340E-2,7.061974704E-4,3.455295146E-2,5.069078608E-2
6.423016666E0,3.031416778E-2,-7.453738153E-4,7.434851646E-2,8.029449702E-2
6.433003666E0,4.193877054E-2,-6.409571618E-3,4.190582514E-2,5.963255205E-2
6.442991666E0,4.750468487E-2,1.047821045E-3,3.936170161E-2,6.170199808E-2
6.452978666E0,6.226849783E-2,1.584595442E-2,1.623245537E-2,6.627180925E-2
6.462965666E0,6.575818466E-2,2.322411731E-2,-9.409924150E-3,7.037076912E-2
6.472953666E0,5.611254919E-2,1.071604595E-2,-1.433152556E-3,5.714460380E-2
6.482940666E0,4.813133280E-2,6.793441325E-3,3.624513566E-2,6.063403254E-2
6.492927666E0,3.717070422E-2,2.697817594E-2,5.740971744E-2,7.352114584E-2
6.502915666E0,3.338695270E-2,9.467080683E-3,6.520697951E-2,7.386653102E-2
6.512902666E0,4.764951766E-2,8.900924027E-4,9.317947447E-2,1.046598455E-1
6.522889666E0,5.870653851E-2,-5.687586665E-3,1.001171958E-1,1.161992221E-1
6.532877666E0,7.628319110E-2,-6.375073045E-3,8.681302607E-2,1.157422494E-1
6.542864666E0,7.218675972E-2,-4.880963266E-3,4.901662409E-2,8.739211360E-2
6.552851666E0,8.696284270E-2,-4.985189885E-3,2.816954613E-2,9.154731813E-2
6.562839666E0,1.018207821E-1,5.038691908E-3,-2.737958729E-2,1.055580499E-1
6.572826666E0,1.081765776E-1,1.453398541E-2,-4.033350885E-2,1.163623677E-1
6.582813667E0,7.364920318E-2,1.341453597E-2,-2.514712036E-2,7.897172004E-2
6.592801666E0,7.495119995E-2,-1.214393601E-2,1.374914289E-2,7.716344008E-2
6.602788666E0,5.549019988E-2,-1.303651348E-2,6.652903497E-2,8.760836410E-2
6.612775667E0,7.762489412E-2,-1.888738364E-2,5.514742970E-2,9.707521028E-2
6.622762667E0,7.650185413E-2,-2.024423003E-2,3.720466375E-2,8.744455123E-2
6.632750666E0,7.636290967E-2,-1.893313810E-2,1.504839420E-2,8.010126003E-2
6.642737667E0,8.372745037E-2,-2.349586666E-2,1.427656174E-2,8.812582999E-2
6.652724667E0,8.563672160E-2,-1.510686636E-2,9.873608351E-3,8.751773328E-2
6.662712667E0,6.945970514E-2,-2.284390211E-2,-4.514050484E-4,7.312112053E-2
6.672699667E0,4.483149776E-2,-2.456546858E-2,1.743054986E-3,5.115040253E-2
6.682686666E0,2.397816145E-2,-3.087212920E-2,-7.049987912E-3,3.972081215E-2
6.692674667E0,5.749553447E-3,-2.802555844E-2,-1.290422022E-2,3.138484014E-2
6.702661667E0,-1.454791822E-3,-4.909848511E-2,4.340388179E-3,4.931142493E-2
6.712648666E0,3.524071192E-3,-2.637123495E-2,2.571020722E-2,3.699832248E-2
6.722636667E0,-6.808575564E-3,-1.698776945E-2,3.598376513E-2,4.037043925E-2
6.732623667E0,4.169124146E-3,-2.801781088E-2,5.098362744E-2,5.832417672E-2
6.742610666E0,1.972443083E-2,-8.757374883E-3,6.121040761E-2,6.490345743E-2
6.752598667E0,3.982944688E-2,5.997342914E-3,6.707516491E-2,7.823957253E-2
6.762585666E0,6.281307461E-2,-4.316560775E-3,5.461708724E-2,8.334951264E-2
6.772572666E0,7.635156241E-2,-1.254870951E-2,6.151855588E-2,9.885122109E-2
6.782559666E0,7.231867382E-2,4.959608316E-3,3.790457547E-2,8.180064266E-2
6.792547666E0,8.609879781E-2,-5.351664126E-3,-8.894199729E-3,8.672225829E-2
6.802534666E0,8.276373787E-2,2.191390246E-3,-1.770653844E-2,8.466498686E-2
6.812521666E0,6.449367859E-2,7.478296459E-3,-8.202474117E-3,6.544188321E-2
6.822509666E0,3.262535971E-2,-4.459671378E-3,3.750754952E-2,4.991111135E-2
6.832496666E0,1.777643322E-2,1.627382442E-2,4.861433566E-2,5.426041440E-2
6.842483666E0,2.624835663E-2,4.497736752E-2,6.625480056E-2,8.427121936E-2
6.852471666E0,3.798392629E-2,4.987572625E-2,5.725476623E-2,8.490273836E-2
6.862458666E0,3.003429172E-2,2.561182782E-2,5.248987019E-2,6.567503998E-2
6.872445666E0,-1.176593179E-2,-8.207590431E-3,5.120465219E-2,5.317629263E-2
6.882432667E0,-2.083717424E-2,3.913892269E-2,2.870632052E-2,5.282135873E-2
6.892420666E0,2.136782962E-2,1.883665904E-2,5.936970413E-2,6.584956822E-2
6.902407667E0,-2.104576453E-2,-3.170594215E-2,1.958349466E-2,4.279841394E-2
6.912394667E0,-6.255281413E-2,-2.980033457E-3,4.343019426E-2,7.620969051E-2
6.922382666E0,-5.613225614E-2,8.814823776E-3,3.544757545E-2,6.697060476E-2
6.932369667E0,-3.613587953E-2,-1.331791073E-2,4.661809623E-2,6.046830105E-2
6.942356667E0,3.761678282E-3,1.166271016E-2,4.402427137E-2,4.569798137E-2
6.952344666E0,-1.482326384E-2,2.143194571E-2,4.072351813E-2,4.834730992E-2
6.962331667E0,-1.676786161E-2,2.571693152E-2,6.129109919E-2,6.855013195E-2
6.972318667E0,-1.061473266E-2,1.563720882E-2,6.936025679E-2,7.188908172E-2
6.982306667E0,-1.721077335E-2,-2.108944505E-3,7.910698056E-2,8.098501553E-2
6.992293667E0,-3.038437092E-3,-1.297043994E-2,6.044091403E-2,6.189158668E-2
7.002280666E0,-7.784558083E-3,-1.345502794E-2,3.969557762E-2,4.263069322E-2
7.012267666E0,-1.624453353E-2,-2.315599725E-2,1.487239301E-2,3.195736460E-2
7.022255667E0,-5.013133180E-3,-5.032113791E-2,-3.075050712E-3,5.066363944E-2
7.032242666E0,3.024372711E-2,-4.916192740E-2,1.180143535E-2,5.891393733E-2
7.042229666E0,4.777824777E-2,-6.198165536E-2,8.765911818E-2,1.175100317E-1
7.052217667E0,6.097224321E-2,-7.893565714E-2,1.553277755E-1,1.845946106E-1
7.062204666E0,8.815707254E-2,-9.174968407E-2,2.028013194E-1,2.394118817E-1
7.072191666E0,8.437364079E-2,-9.543050632E-2,2.365087634E-1,2.686303929E-1
7.082179666E0,7.866893275E-2,-8.393590361E-2,2.065926540E-1,2.364626008E-1
7.092166666E0,6.400177700E-2,-4.047369584E-2,9.874894738E-2,1.244415611E-1
7.102153666E0,3.033069074E-2,-6.371710896E-3,-1.941509485E-2,3.657178432E-2
7.112140666E0,1.042800662E-2,1.193679839E-2,-9.127035856E-2,9.263643360E-2
7.122128666E0,1.404332179E-2,2.275838658E-2,-9.030556798E-2,9.418202936E-2
7.132115666E0,1.659985238E-2,7.791561037E-3,-3.858869970E-2,4.272412980E-2
7.142102667E0,1.325675708E-2,9.035117626E-3,5.401190042E-2,5.634412433E-2
7.152090666E0,2.099876753E-3,9.076925218E-3,6.832880795E-2,6.896104734E-2
7.162077666E0,-1.856653595E-2,-2.640017867E-4,2.907995760E-2,3.450260698E-2
7.172064667E0,-1.044455241E-2,-3.515199870E-3,-5.266002417E-3,1.221376628E-2
7.182052666E0,8.790379674E-3,-9.434920996E-3,-4.391258955E-3,1.362246909E-2
7.192039666E0,-9.281860990E-4,-2.435204521E-2,-3.766191602E-3,2.465903150E-2
7.202026667E0,-1.378417136E-3,-3.404278189E-2,3.378228843E-2,4.797972535E-2
7.212013667E0,-1.277154325E-2,-4.869356543E-2,5.050006270E-2,7.130520292E-2
7.222001667E0,-2.946243403E-2,-4.282091439E-2,4.543111145E-2,6.903369913E-2
7.231988667E0,-1.395998526E-2,-5.665162593E-2,6.534497380E-2,8.760281679E-2
7.241975666E0,-1.391545963E-2,-4.941233441E-2,7.655408621E-2,9.217237614E-2
7.251963667E0,-9.294642638E-3,-4.790375277E-2,7.796735823E-2,9.197863263E-2
7.261950667E0,-3.708196359E-2,-6.028040797E-2,8.152363479E-2,1.079578744E-1
7.271937666E0,-3.671096232E-2,-3.887696743E-2,7.127054214E-2,8.909884134E-2
7.281924666E0,-6.325321463E-2,-3.915558726E-2,4.612342179E-2,8.752999036E-2
7.291912667E0,-5.715756540E-2,-3.244941562E-2,5.484162033E-2,8.560114004E-2
7.301899666E0,-3.638190569E-2,-2.477859959E-2,5.678523481E-2,7.184834690E-2
7.311886666E0,-1.998106421E-2,-3.027454376E-2,5.844993711E-2,6.879088657E-2
7.321875333E0,-1.964234141E-2,-2.925274283E-2,5.391132832E-2,6.440478134E-2
7.331862333E0,-2.895797464E-2,-2.967622742E-2,6.640331984E-2,7.828565420E-2
7.341849333E0,-9.720708230E-3,-3.501824364E-2,4.591058314E-2,5.855383164E-2
7.351836333E0,-2.360042218E-2,-3.728842512E-2,-1.488701105E-3,4.415453324E-2
7.361824333E0,-2.873623725E-2,-3.474561721E-2,-4.415232539E-2,6.310671188E-2
7.371811333E0,-2.938879566E-2,-4.657614246E-2,-2.137858987E-2,5.907691987E-2
7.381798333E0,-1.982973553E-2,-6.130849466E-2,2.647736192E-2,6.966348127E-2
7.391786333E0,7.181710149E-3,-6.175580665E-2,6.508828104E-2,9.001022689E-2
7.401773333E0,-1.706473343E-2,-4.964198381E-2,8.311817050E-2,9.830646953E-2
7.411760333E0,-3.048646878E-3,-5.680350736E-2,8.357951581E-2,1.011012767E-1
7.421747333E0,2.922263423E-2,-6.217037424E-2,4.532410741E-2,8.230062271E-2
7.431735333E0,5.298247070E-2,-7.136424378E-2,5.562456250E-3,8.905581627E-2
7.441722333E0,3.136119397E-2,-6.809930474E-2,-2.730649710E-4,7.497409124E-2
7.451709333E0,2.908868275E-2,-5.655251563E-2,4.098488867E-2,7.565777942E-2
7.461697333E0,2.823333560E-2,-5.029994175E-2,8.701592445E-2,1.043981632E-1
7.471684333E0,2.267690929E-2,-5.807717711E-2,1.047715795E-1,1.219191724E-1
7.481671333E0,2.847317650E-2,-5.001211256E-2,9.476348519E-2,1.108695238E-1
7.491658333E0,3.586318229E-2,-6.013013452E-2,8.409290135E-2,1.094231099E-1
7.501646333E0,3.432149079E-2,-7.499960393E-2,8.439461768E-2,1.180057491E-1
7.511633333E0,2.958739086E-2,-5.326652661E-2,6.999117136E-2,9.279817144E-2
7.521620333E0,4.874005993E-3,-4.538301811E-2,6.103966892E-2,7.621820943E-2
7.531608333E0,3.938483465E-3,-7.254991293E-2,8.377481282E-2,1.108928347E-1
7.541595333E0,6.470825770E-3,-5.309476465E-2,1.134324753E-1,1.254107335E-1
7.551582333E0,1.733185526E-3,-3.883808345E-2,1.016462427E-1,1.088271994E-1
7.561569333E0,5.178269057E-3,-3.777520582E-2,7.973672569E-2,8.838396952E-2
7.571557333E0,1.177730417E-2,-3.284980372E-2,7.858891726E-2,8.598855978E-2
7.581544333E0,3.643021374E-2,-3.484779730E-2,5.658876836E-2,7.578798160E-2
7.591531333E0,2.466286355E-2,-5.738632858E-2,3.360394835E-3,6.255189685E-2
7.601519333E0,2.318694181E-2,-6.154165238E-2,-3.551540315E-2,7.474190999E-2
7.611506333E0,5.024820759E-3,-6.572621226E-2,-4.349860668E-2,7.897665848E-2
7.621493333E0,6.300799702E-3,-6.398827359E-2,-2.899283409E-2,7.053214631E-2
7.631480333E0,1.958518944E-2,-6.935733318E-2,1.265922189E-3,7.208066225E-2
7.641468333E0,2.725059223E-2,-4.665902674E-2,2.854318321E-2,6.110951531E-2
7.651455333E0,3.975755811E-2,-6.376052454E-2,1.455255032E-2,7.653655752E-2
7.661442333E0,5.502735165E-2,-5.145008907E-2,6.502103806E-4,7.533620556E-2
7.671430333E0,4.679890310E-2,-3.587120622E-2,1.146638989E-3,5.897622867E-2
7.681417333E0,2.367884111E-2,-5.246165738E-2,2.017289400E-3,5.759325019E-2
7.691404333E0,1.370600140E-2,-7.765643254E-2,-7.926485538E-3,7.925405455E-2
7.701391333E0,7.562295366E-3,-6.288534254E-2,-4.024930894E-2,7.504506305E-2
7.711379333E0,-1.276883206E-2,-5.322544992E-2,-5.278690875E-2,7.604241794E-2
7.721366333E0,-2.697221909E-2,-4.657234177E-2,-9.179426908E-2,1.064080423E-1
7.731353333E0,-2.386094990E-2,-2.808563858E-2,-9.430447876E-2,1.012496061E-1
7.741340333E0,-3.087797185E-2,-2.162475765E-2,-3.211407781E-2,4.952164458E-2
7.751328333E0,-3.595276575E-2,-3.013187170E-2,-1.625175118E-2,4.964524623E-2
7.761315333E0,-1.791672985E-2,-2.111531898E-2,-7.175118327E-3,2.860678639E-2
7.771302333E0,-1.223734985E-2,-8.499512672E-3,1.716859460E-2,2.273224774E-2
7.781290333E0,2.953979087E-3,-1.731097430E-2,1.073081017E-2,2.058023592E-2
7.791277333E0,3.824413424E-2,-3.988283470E-2,1.150147319E-2,5.644057223E-2
7.801264333E0,5.940560055E-2,-4.196736708E-2,1.788955629E-2,7.490207942E-2
7.811251333E0,3.191602850E-2,-5.023781508E-2,3.830452502E-2,7.077928776E-2
7.821239333E0,2.175980320E-2,-3.162802801E-2,4.159066021E-2,5.660039053E-2
7.831226333E0,2.882428810E-2,-3.621867701E-2,1.254169285E-2,4.795754590E-2
7.841213333E0,5.001529655E-2,-3.336757466E-2,1.206572950E-2,6.132297087E-2
7.851200333E0,8.139829424E-2,-3.783850193E-2,3.788469493E-2,9.743040924E-2
7.861188333E0,8.087149666E-2,9.633287787E-5,9.380921960E-2,1.238562793E-1
7.871175333E0,3.093535679E-2,1.606902570E-2,1.337363470E-1,1.382049941E-1
7.881162333E0,3.352634941E-2,-7.140473574E-3,1.536005080E-1,1.573789011E-1
7.891150333E0,6.217559106E-2,4.751155078E-3,1.429153061E-1,1.559267851E-1
7.901137333E0,6.471307708E-2,-1.987614781E-3,9.943131745E-2,1.186520958E-1
7.911124333E0,5.730960215E-2,-7.612343878E-3,6.788383484E-2,8.916587525E-2
7.921111333E0,7.760607339E-2,-2.305352479E-2,9.532598734E-2,1.250648292E-1
7.931099333E0,1.047259073E-1,-2.495328516E-2,1.176161581E-1,1.594482447E-1
7.941086333E0,7.835084422E-2,-1.574362814E-2,1.306203657E-1,1.531286928E-1
7.951073333E0,6.933564824E-2,-4.464816928E-2,1.328633577E-1,1.563763503E-1
7.961060333E0,7.976091854E-2,-1.664468408E-2,1.271196377E-1,1.509909002E-1
7.971048333E0,6.459896958E-2,-2.301975712E-2,9.981489480E-2,1.211030524E-1
7.981035333E0,7.331385165E-2,-1.067643106E-2,9.321631193E-2,1.190721959E-1
7.991022333E0,6.780593896E-2,2.881975651E-2,7.450814545E-2,1.047840038E-1
8.001010333E0,4.671825721E-2,1.328399688E-2,2.839641809E-2,5.626203596E-2
8.010997333E0,6.295237082E-2,1.166022509E-2,2.966175556E-2,7.056048174E-2
8.020984333E0,6.639002656E-2,1.329496041E-2,4.393013120E-2,8.071089162E-2
8.030971333E0,6.511823888E-2,-4.216427207E-3,6.608055353E-2,9.286981667E-2
8.040959333E0,8.559092145E-2,-1.034387067E-2,6.517949760E-2,1.080794541E-1
8.050946333E0,9.036281588E-2,-3.102313355E-2,5.572747350E-2,1.106048128E-1
8.060933333E0,8.135825909E-2,-3.925864443E-2,2.219895422E-2,9.302258356E-2
8.070920333E0,7.483793298E-2,-2.301507935E-2,-1.553371310E-2,7.982296871E-2
8.080908333E0,4.863288686E-2,1.093283147E-3,-4.841611505E-2,6.863288679E-2
8.090895333E0,1.993356016E-2,-1.117636800E-2,-4.073228896E-2,4.670521797E-2
8.100882333E0,3.533883551E-2,2.943926901E-3,-2.552309632E-2,4.369128571E-2
8.110869333E0,4.604825766E-2,9.496462941E-3,-2.594175696E-2,5.369915824E-2
8.120857333E0,4.303351549E-2,-1.218340471E-2,-1.576701701E-2,4.742275436E-2
8.130844333E0,3.714688824E-2,-6.930412352E-4,-2.282226741E-2,4.360306757E-2
8.140831333E0,4.528498588E-2,-3.115688860E-3,-4.367519259E-2,6.299174479E-2
8.150818333E0,5.825766878E-2,-1.494577557E-2,-9.584229648E-2,1.131506870E-1
8.160806333E0,7.505001332E-2,-2.867094487E-2,-7.489464641E-2,1.098350383E-1
8.170793333E0,8.393214860E-2,-2.613106057E-2,-8.832219243E-3,8.834843514E-2
8.180780333E0,5.810055227E-2,-1.349961296E-2,4.175379753E-2,7.280998099E-2
8.190767333E0,5.745025052E-2,-1.877131641E-2,8.075531065E-2,1.008678036E-1
8.200755333E0,5.193450348E-2,-2.405252159E-3,4.292850316E-2,6.742280232E-2
8.210742333E0,5.937114766E-2,7.569951564E-3,3.999670923E-2,7.198592981E-2
8.220729333E0,7.337407798E-2,1.667947501E-2,1.862279713E-2,7.751624848E-2
8.230717333E0,7.154833514E-2,3.516632438E-2,3.892491460E-3,7.981845727E-2
8.240704333E0,5.831748853E-2,3.243625939E-2,3.725436509E-2,7.642596489E-2
8.250691333E0,6.904787386E-2,4.023030549E-3,1.027145290E-1,1.238308045E-1
8.260678333E0,7.440448528E-2,-2.635866344E-2,1.622403538E-1,1.804237761E-1
8.270665333E0,6.429603813E-2,-2.971715793E-2,2.382436323E-1,2.485500319E-1
8.280653333E0,3.086200164E-2,-4.572581112E-2,2.747407830E-1,2.802245720E-1
8.290640333E0,4.236499602E-2,-4.263161078E-2,2.538428342E-1,2.608609431E-1
8.300627333E0,7.404093922E-3,-2.243050396E-2,1.650785923E-1,1.667599765E-1
8.310615333E0,3.508153518E-3,1.504780948E-2,9.318707585E-3,1.804389155E-2
8.320602166E0,1.161724806E-2,3.327679664E-2,-8.660135686E-2,9.349920137E-2
8.330589166E0,-8.147585664E-3,6.469841793E-2,-1.274646235E-1,1.431764599E-1
8.340576166E0,7.924735942E-3,5.826984286E-2,-8.655107081E-2,1.046387303E-1
8.350564166E0,3.552170261E-2,7.375677824E-2,-6.034092665E-2,1.016999563E-1
8.360551166E0,5.240047175E-2,4.096325397E-2,-1.460634470E-2,6.809657055E-2
8.370538166E0,3.146704457E-2,6.259590536E-3,5.090819836E-2,6.017476238E-2
8.380525167E0,2.616817897E-2,-1.222141162E-2,7.881695867E-2,8.394194104E-2
8.390513166E0,4.930047900E-2,-3.383652136E-2,9.906411231E-2,1.157114763E-1
8.400500166E0,2.171616151E-2,-3.903250337E-2,8.995181143E-2,1.004313515E-1
8.410487167E0,-3.169604300E-3,-3.357573554E-2,4.730338991E-2,5.809463921E-2
8.420474167E0,-1.742104813E-3,-3.363552332E-2,6.801949024E-2,7.590147832E-2
8.430462167E0,8.351386255E-3,-3.240132228E-2,6.125192285E-2,6.979533931E-2
8.440449167E0,2.124309435E-2,-2.337132096E-2,1.738669574E-2,3.605252959E-2
8.450436166E0,1.768598639E-2,-1.236934617E-2,2.683287263E-2,3.443541626E-2
8.460423166E0,2.894578228E-2,-3.613579273E-3,3.992128015E-2,4.944314791E-2
8.470411167E0,3.402980381E-2,-1.845045045E-2,2.755383432E-2,4.751484457E-2
8.480398166E0,3.766671028E-2,-9.282162488E-3,-2.386248708E-3,3.886687261E-2
8.490385166E0,1.997580172E-2,-8.319564611E-3,-1.544132710E-2,2.658349849E-2
8.500372166E0,1.242983288E-2,-3.529277042E-2,7.243530750E-3,3.811232250E-2
8.510360166E0,2.772251279E-2,-4.631389484E-2,1.751299560E-2,5.674697864E-2
8.520347166E0,1.708425993E-2,-4.223926261E-2,2.703752518E-2,5.298164787E-2
8.530334166E0,3.169327014E-2,-2.622432366E-2,-5.220394135E-3,4.146602270E-2
8.540321167E0,4.867808858E-2,2.046525478E-6,-2.600841522E-2,5.519052432E-2
8.550309166E0,3.113263636E-2,-2.243825153E-2,-2.683462679E-2,4.682748524E-2
8.560296167E0,2.559444377E-2,-2.720914096E-2,4.300042391E-3,3.760190511E-2
8.570283167E0,3.108079257E-2,-2.975764990E-2,2.209078074E-2,4.836875012E-2
8.580270167E0,4.708982036E-2,-2.043411836E-2,2.383208156E-2,5.659480971E-2
8.590257166E0,5.479383761E-2,-7.002040744E-3,2.755617321E-2,6.173115823E-2
8.600245167E0,4.914489739E-2,1.417964414E-2,3.195854187E-2,6.031278178E-2
8.610232166E0,2.047849325E-2,1.860101625E-2,4.993112862E-2,5.708313321E-2
8.620219166E0,1.783626668E-2,6.794610769E-3,7.976537704E-2,8.201715991E-2
8.630206166E0,5.305402600E-2,-5.715653300E-5,9.639836669E-2,1.100335314E-1
8.640194166E0,4.464335903E-2,-2.197690621E-2,1.266208702E-1,1.360472664E-1
8.650181166E0,2.152652214E-2,-1.981387496E-2,1.342444700E-1,1.373956277E-1
8.660168166E0,9.266180859E-3,-1.595383555E-2,1.079056871E-1,1.094715684E-1
8.670155167E0,1.322806232E-2,-1.668941528E-2,6.059995830E-2,6.423296008E-2
8.680143166E0,4.819224891E-2,-4.665639549E-3,7.873275876E-3,4.905353729E-2
8.690130166E0,7.131736555E-2,-2.162695035E-2,-1.073490322E-2,7.529362362E-2
8.700117167E0,5.258890741E-2,-2.794369742E-2,3.177669346E-2,6.749964189E-2
8.710104167E0,1.441152964E-2,-3.029106215E-2,6.359899521E-2,7.190321845E-2
8.720092167E0,8.379619627E-3,-2.344528824E-2,6.420242786E-2,6.886110157E-2
8.730079167E0,1.894681054E-2,-2.919587865E-2,6.471172035E-2,7.347780420E-2
8.740066167E0,-1.620462400E-2,-4.957547173E-2,3.240760803E-2,6.140496962E-2
8.750053166E0,-4.055889160E-2,-3.394001707E-2,-1.105123758E-4,5.288629936E-2
8.760041167E0,-4.204977171E-2,-6.731460840E-3,-1.881575525E-2,4.655672359E-2
8.770028166E0,-4.645270226E-2,-1.232724622E-2,-2.155225217E-2,5.267175828E-2
8.780015166E0,-1.723379791E-2,-4.999954104E-3,-1.813396990E-2,2.551164824E-2
8.790002166E0,-1.903168196E-2,6.198487133E-3,-3.272394240E-2,3.835990833E-2
8.799989167E0,-1.890821206E-2,4.659499973E-3,-2.922146022E-2,3.511588189E-2
8.809977166E0,-4.240025290E-2,9.327770770E-3,1.738318741E-2,4.676498646E-2
8.819964166E0,-5.840251527E-2,-1.877584800E-2,5.827276647E-2,8.461147422E-2
8.829951167E0,-9.442528772E-2,-8.770531118E-3,4.575563192E-2,1.052930911E-1
8.839938167E0,-9.867353657E-2,-3.575426191E-3,7.896547794E-2,1.264309978E-1
8.849926166E0,-5.761242396E-2,-2.488677308E-2,1.570304847E-1,1.691068183E-1
8.859913167E0,-2.154988588E-2,-4.953044817E-2,1.937638628E-1,2.011519262E-1
8.869900167E0,-1.872821603E-2,-6.585967496E-2,2.154681426E-1,2.260857434E-1
8.879887166E0,9.306665976E-5,-5.885266408E-2,1.789750850E-1,1.884030939E-1
8.889875167E0,1.274163565E-2,-6.089509651E-2,1.069449896E-1,1.237246655E-1
8.899862166E0,5.917484567E-2,-4.724886462E-2,6.553266943E-2,1.001431392E-1
8.909849166E0,5.407680909E-2,-3.173664004E-2,-1.733231664E-2,6.505324590E-2
8.919836166E0,2.729663906E-2,-5.313072503E-3,-1.003218484E-1,1.041047958E-1
8.929823167E0,-8.782933610E-3,2.582671300E-2,-1.465797561E-1,1.490965591E-1
8.939811166E0,-5.003277424E-3,3.070095196E-2,-1.545319694E-1,1.576315667E-1
8.949798166E0,3.074851084E-2,2.603750512E-2,-8.490040183E-2,9.397606516E-2
8.959785167E0,3.233240507E-2,1.491917074E-2,5.444342494E-3,3.602231168E-2
8.969772167E0,5.176989065E-2,-3.838697076E-4,6.737629652E-2,8.496960790E-2
8.979760166E0,5.789376640E-2,1.974604726E-3,9.401094854E-2,1.104248418E-1
8.989747167E0,5.161855740E-2,7.447306216E-3,7.350008547E-2,9.012325118E-2
8.999734167E0,2.759200111E-2,3.738271147E-3,1.105766952E-2,2.995939338E-2
9.009721166E0,2.103839612E-3,6.421119869E-3,-4.771269500E-2,4.818877656E-2
9.019709167E0,1.415253681E-2,2.214779109E-3,-5.651509345E-2,5.830227553E-2
9.029696167E0,2.848832902E-2,-4.923940301E-3,-6.879600048E-2,7.462385517E-2
9.039683166E0,3.769113154E-2,1.476421952E-4,-4.938207507E-2,6.212272155E-2
9.049670166E0,2.494172777E-2,-8.468814790E-3,-1.097054601E-2,2.853355021E-2
9.059657166E0,2.754902864E-2,-2.790349782E-2,5.788568079E-2,6.991642304E-2
9.069645166E0,2.626576123E-2,-2.220260873E-2,1.263945830E-1,1.309902159E-1
9.079632166E0,4.981969805E-2,-2.371469870E-2,1.184663433E-1,1.306853616E-1
9.089619167E0,2.669500168E-2,-5.972653046E-2,8.312928021E-2,1.057844922E-1
9.099606167E0,3.942968919E-2,-4.904498309E-2,6.615247428E-2,9.130312486E-2
9.109594166E0,4.076904876E-2,-3.407231033E-2,7.355621874E-2,9.073893863E-2
9.119581167E0,2.935625682E-2,-2.411844894E-2,6.163959324E-2,7.240807171E-2
9.129568167E0,3.166052573E-2,-2.575932384E-2,7.431226373E-2,8.478351369E-2
9.139555166E0,3.263249743E-2,-7.574483156E-3,9.843085885E-2,1.039754137E-1
9.149542166E0,2.709968382E-2,1.949637115E-2,7.456661761E-2,8.169872589E-2
9.159530167E0,2.423576328E-2,2.257259130E-2,3.556861281E-2,4.860062054E-2
9.169517166E0,2.347667134E-2,3.857437402E-2,1.351291537E-3,4.517701204E-2
9.179504166E0,3.167133851E-2,3.950568929E-2,-4.933880568E-3,5.087353288E-2
9.189491166E0,1.565749135E-2,3.362470597E-2,-7.811880112E-4,3.709970541E-2
9.199478167E0,1.864274619E-2,1.800094575E-2,3.371504545E-3,2.613337093E-2
9.209466166E0,1.947421112E-2,1.095154256E-2,1.547465622E-2,2.717804570E-2
9.219453166E0,1.595012165E-2,-2.083231375E-2,3.012777865E-2,3.995090391E-2
9.229440167E0,3.587133413E-2,-2.106576383E-2,3.178721845E-2,5.235404736E-2
9.239427167E0,6.892782322E-2,-2.054141477E-2,4.202569306E-2,8.330158108E-2
9.249415167E0,4.641299601E-2,-3.698466226E-2,2.879870653E-2,6.596511911E-2
9.259402167E0,3.766444677E-2,-2.008562431E-2,5.529770315E-2,6.985612949E-2
9.269389166E0,2.411981025E-2,3.679214269E-3,6.236640215E-2,6.696917187E-2
9.279376166E0,1.264921767E-3,-2.145928144E-4,6.234652162E-2,6.235972125E-2
9.289363166E0,-4.950622790E-3,-6.370541453E-4,6.733770490E-2,6.752244815E-2
9.299351166E0,-4.747993927E-3,2.633849055E-2,1.546471596E-2,3.090981996E-2
9.309338166E0,-1.053456299E-2,-1.634764552E-2,-3.086686671E-2,3.648268071E-2
9.319325166E0,-1.337705897E-2,-4.051243365E-3,-8.846486449E-2,8.956221597E-2
9.329312333E0,-1.404380144E-2,-1.694069937E-2,-7.176346242E-2,7.506137617E-2
9.339300333E0,-5.607137200E-3,-3.502379850E-2,-1.011451364E-2,3.688373401E-2
9.349287333E0,2.222104574E-2,-8.232514188E-2,8.764333069E-2,1.222806496E-1
9.359274333E0,4.210750840E-2,-6.904509187E-2,1.617094266E-1,1.808043297E-1
9.369261333E0,3.099139184E-2,-3.669990286E-2,2.120188701E-1,2.173921584E-1
9.379248333E0,1.934235184E-2,-5.863836363E-2,1.839855641E-1,1.940702761E-1
9.389236333E0,2.929038656E-2,-5.537971035E-2,1.284773612E-1,1.429379985E-1
9.399223333E0,4.642934537E-2,-2.205905959E-2,6.204480529E-2,8.057198077E-2
9.409210333E0,5.556956670E-2,1.954051763E-2,-1.173243821E-2,6.006212349E-2
9.419197333E0,4.920479480E-2,3.840992108E-2,-5.809676528E-2,8.527407581E-2
9.429184333E0,2.493541460E-2,4.934728414E-2,-6.661265016E-2,8.656890039E-2
9.439172333E0,4.570619554E-2,5.435615525E-2,-3.174979627E-2,7.779265703E-2
9.449159333E0,4.504451457E-2,3.112911433E-2,1.035541892E-3,5.476406120E-2
9.459146333E0,2.420819000E-2,2.634740755E-2,-2.282752991E-3,3.585294003E-2
9.469133333E0,3.922091619E-2,-1.021903262E-2,6.707925797E-3,4.108168890E-2
9.479120333E0,4.778985084E-2,-3.388446853E-2,1.459581971E-2,6.037437373E-2
9.489108333E0,6.312645796E-2,-3.898747981E-2,3.899800479E-2,8.382015064E-2
9.499095333E0,5.453054845E-2,-4.459145129E-2,4.444702506E-2,8.329175397E-2
9.509082333E0,4.208877903E-2,-3.343423292E-2,1.853567362E-2,5.685845978E-2
9.519069333E0,2.048306367E-2,-2.212527931E-2,-7.875030041E-3,3.116247711E-2
9.529056333E0,3.383558717E-3,-2.439209864E-2,-2.815668225E-2,3.740617196E-2
9.539044333E0,-1.719444226E-2,-3.232998624E-2,1.780477166E-3,3.666124594E-2
9.549031333E0,1.396071845E-2,-3.972320572E-2,2.761055231E-2,5.035054449E-2
9.559018333E0,3.980871211E-2,-5.799809352E-2,5.320849299E-2,8.820235903E-2
9.569005333E0,1.993834756E-2,-1.663401291E-2,9.740291834E-3,2.773267701E-2
9.578992333E0,-2.453242724E-2,-3.369384930E-2,-4.711686373E-2,6.290559843E-2
9.588980333E0,-2.507153367E-2,-2.668493807E-2,-3.369048715E-2,4.975657389E-2
9.598967333E0,-1.147498713E-2,-3.322680295E-3,5.053163767E-3,1.297112169E-2
9.608954333E0,1.039898068E-2,1.940500841E-2,-1.625525951E-3,2.207567632E-2
9.618941333E0,4.242982702E-2,9.369432181E-3,1.422276735E-2,4.572049422E-2
9.628928333E0,5.916229242E-2,-1.929405749E-2,4.340446651E-2,7.587084560E-2
9.638916333E0,6.507734491E-2,-2.850663811E-2,6.694886506E-2,9.762089822E-2
9.648903333E0,5.685510904E-2,-3.341786072E-2,9.189308703E-2,1.131087807E-1
9.658890333E0,6.137197349E-2,-3.931521624E-2,1.102638692E-1,1.321753616E-1
9.668877333E0,7.186228951E-2,-3.192711309E-2,9.129140854E-2,1.204892131E-1
9.678864333E0,9.268317377E-2,-4.220958799E-3,5.823008180E-2,1.095387129E-1
9.688852333E0,6.778122991E-2,2.750676423E-3,4.152458668E-2,7.953711491E-2
9.698839333E0,2.153907995E-2,4.020150796E-2,5.970007181E-3,4.599711070E-2
9.708826333E0,3.278223640E-2,4.344963625E-2,-2.302633524E-3,5.447795916E-2
9.718813333E0,3.447296109E-2,1.602590248E-2,7.935256362E-3,3.883533044E-2
9.728800333E0,3.167604598E-2,-2.752284408E-3,4.213035822E-2,5.278175861E-2
9.738788333E0,6.344517232E-2,-2.444428504E-3,1.088932818E-1,1.260516241E-1
9.748775333E0,5.341797406E-2,-6.801042706E-3,1.606154126E-1,1.694020215E-1
9.758762333E0,4.982971597E-2,-2.207718596E-2,1.236440527E-1,1.351231087E-1
9.768749333E0,5.525642546E-2,-2.227730691E-2,9.254212797E-2,1.100617845E-1
9.778736333E0,4.426711811E-2,-1.175875068E-3,9.216790617E-2,1.022540139E-1
9.788724333E0,5.364154327E-2,-5.571373254E-3,6.231319249E-2,8.240988607E-2
9.798711333E0,5.282310667E-2,-9.602589905E-4,4.732268572E-2,7.092699965E-2
9.808698333E0,4.324662823E-2,2.009249479E-3,3.101070821E-2,5.325384456E-2
9.818685333E0,6.273276675E-2,3.215091527E-2,-5.905687809E-5,7.049173615E-2
9.828672333E0,5.686110243E-2,3.288488701E-2,1.745686233E-2,6.796574730E-2
9.838660333E0,6.721799686E-2,1.656662375E-3,2.979565680E-2,7.354444096E-2
9.848647333E0,7.792062619E-2,-1.433269501E-2,5.456212342E-2,9.619810520E-2
9.858634333E0,6.866321387E-2,-2.580361649E-2,6.160918772E-2,9.579225216E-2
9.868621333E0,7.564870425E-2,-2.988278031E-2,4.083052218E-2,9.101010139E-2
9.878608333E0,7.292839680E-2,-4.481890798E-2,1.856958747E-2,8.759061109E-2
9.888595333E0,7.128608295E-2,-3.561158985E-2,-9.782976508E-3,8.028447909E-2
9.898583333E0,5.621428161E-2,-1.663664415E-2,8.788365126E-4,5.863101346E-2
9.908570333E0,5.182984745E-2,-4.845295250E-3,1.054311454E-2,5.311277847E-2
9.918557333E0,4.022211939E-2,2.906066179E-4,-6.026725173E-3,4.067216194E-2
9.928544333E0,3.033309129E-2,2.221064866E-3,-9.640304446E-3,3.190556419E-2
9.938531333E0,9.663903443E-3,-1.552728117E-3,1.194527686E-2,1.544317433E-2
9.948519333E0,1.041208438E-2,-2.392022833E-2,2.350580692E-3,2.619377892E-2
9.958506333E0,2.130384829E-2,-2.909062877E-2,1.164531469E-2,3.789105420E-2
9.968493333E0,6.126943252E-2,-1.409105882E-2,2.292050064E-2,6.691674416E-2
9.978480333E0,5.117444767E-2,-2.100846112E-2,1.033319950E-2,5.627570119E-2
9.988467333E0,4.110145840E-2,-1.933951959E-2,3.947572231E-2,6.018039176E-2
9.998455333E0,5.702141664E-2,-7.371584773E-3,7.213943839E-2,9.224901511E-2
1.000844233E1,3.795507166E-2,2.900218964E-4,9.748360991E-2,1.046122640E-1
1.001842933E1,3.785015068E-2,-2.118680120E-2,1.070747977E-1,1.155271689E-1
1.002841633E1,4.824601589E-2,-2.557732925E-2,6.135191023E-2,8.213363933E-2
1.003840333E1,5.257152108E-2,-6.836418360E-3,-4.315829873E-3,5.318954626E-2
1.004839033E1,3.320781320E-2,-6.252281517E-3,-9.137853205E-2,9.742631062E-2
1.005837833E1,1.673265269E-2,1.385980144E-2,-1.334451556E-1,1.352023865E-1
1.006836533E1,1.117772017E-2,2.977431446E-2,-9.515115559E-2,1.003254386E-1
1.007835233E1,-2.269425450E-3,-1.041242927E-3,-2.941383362E-2,2.951962206E-2
1.008833933E1,-2.006340032E-2,8.780617565E-3,7.525191128E-2,7.837403543E-2
1.009832633E1,-2.767831377E-2,2.201579019E-2,1.122367197E-1,1.176769533E-1
1.010831433E1,-5.760400032E-2,2.704761162E-2,1.083272713E-1,1.256367457E-1
1.011830133E1,-4.553177493E-2,2.928227127E-2,6.726286054E-2,8.634168371E-2
1.012828833E1,-3.349215690E-2,2.505078748E-2,9.723101020E-2,1.058448670E-1
1.013827533E1,-3.954737355E-2,6.810252070E-3,1.250444609E-1,1.313258980E-1
1.014826233E1,-5.176647825E-2,2.126500770E-2,1.420212668E-1,1.526499560E-1
1.015824933E1,-6.863897533E-2,9.845541716E-3,1.072279948E-1,1.276952877E-1
1.016823733E1,-3.524837041E-2,-2.421770543E-3,6.264648378E-2,7.192283725E-2
1.017822433E1,-5.891549424E-3,-5.757607073E-3,7.046479583E-2,7.094468158E-2
1.018821133E1,-2.066198161E-3,-1.438999772E-3,8.386719882E-2,8.390498754E-2
1.019819833E1,-3.809378771E-3,-1.716157794E-4,8.128565311E-2,8.137504667E-2
1.020818533E1,6.179401455E-3,-5.158998370E-3,5.207647204E-2,5.269496377E-2
1.021817233E1,1.632699297E-2,-4.162267372E-2,4.799511552E-2,6.559381664E-2
1.022816033E1,1.445799444E-3,-2.293497249E-2,5.722436070E-2,6.166628542E-2
1.023814733E1,-9.702977005E-3,-1.930034325E-2,3.451026678E-2,4.071375106E-2
1.024813433E1,-1.781687723E-4,-1.620175749E-2,2.383851349E-2,2.882366069E-2
1.025812133E1,-1.303981852E-2,-1.521694019E-2,-4.099073589E-2,4.562710340E-2
1.026810833E1,-3.035542492E-2,-3.934547558E-2,-3.766659379E-2,6.235615895E-2
1.027809633E1,-3.070094283E-2,-2.571254611E-2,6.892113090E-3,4.063476517E-2
1.028808333E1,-9.974701228E-3,-3.309480205E-2,1.620848179E-2,3.817689706E-2
1.029807033E1,-3.077078965E-2,-5.198890999E-2,-1.077992678E-2,6.136688911E-2
1.030805733E1,-1.556370978E-2,-6.371783987E-2,-2.100202918E-2,6.887145569E-2
1.031804433E1,-3.383259504E-2,-2.596412256E-2,-4.895347416E-2,6.492474706E-2
1.032803129E1,-4.285111891E-2,-5.272419736E-2,-4.544748366E-2,8.174064564E-2
1.033801929E1,-1.900013212E-2,-4.275995716E-2,-2.034246325E-2,5.102190479E-2
1.034800629E1,-1.349396446E-2,-3.200561196E-2,1.069631159E-2,3.634360130E-2
1.035799329E1,-1.072121708E-2,-2.633702874E-2,-3.131067038E-2,4.229588228E-2
1.036798029E1,-2.213212923E-2,-2.243956715E-2,-4.667481422E-2,5.631965555E-2
1.037796729E1,4.042031716E-3,-1.618977070E-2,-6.023216844E-3,1.774051400E-2
1.038795429E1,1.144171967E-2,-1.142122015E-2,3.065695167E-2,3.465841751E-2
1.039794229E1,-1.970787134E-2,-9.708570689E-3,6.697049975E-2,7.048194361E-2
1.040792929E1,-9.482240046E-3,-2.211109981E-2,8.263343632E-2,8.606450145E-2
1.041791629E1,1.521463100E-2,-3.348057210E-2,6.109989524E-2,7.131360952E-2
1.042790329E1,2.660201268E-2,-2.493895948E-2,3.589956522E-2,5.117028006E-2
1.043789029E1,2.326684081E-2,-3.455485180E-2,5.182270288E-2,6.649042186E-2
1.044787729E1,9.343078597E-3,-8.560616076E-3,6.685063183E-2,6.804104821E-2
1.045786429E1,-7.638345715E-3,-9.971695393E-3,6.858491600E-2,6.972567487E-2
1.046785229E1,-3.503487394E-2,-5.240420848E-3,8.700773835E-2,9.394280673E-2
1.047783929E1,-2.830882178E-2,-8.206859529E-3,1.136991084E-1,1.174573505E-1
1.048782629E1,-3.197484098E-2,-1.339319363E-2,8.747025311E-2,9.408938979E-2
1.049781329E1,-5.435224492E-2,-1.156286895E-2,8.182593584E-2,9.891081964E-2
1.050780029E1,-4.726921110E-2,-7.845355421E-3,8.177974284E-2,9.478319608E-2
1.051778829E1,-2.834613432E-2,-1.177336872E-3,5.030593514E-2,5.775445060E-2
1.052777529E1,-2.685117487E-2,-1.419660106E-2,6.073327482E-2,6.790478440E-2
1.053776229E1,-2.964376167E-2,-1.365076348E-2,5.710098445E-2,6.576943344E-2
1.054774929E1,-3.088917749E-2,-1.688544318E-2,5.676827788E-2,6.679743147E-2
1.055773629E1,-1.165194991E-2,-2.435321465E-2,4.294662952E-2,5.072731008E-2
1.056772329E1,-1.721685240E-3,-2.551666439E-2,1.071268380E-2,2.772771097E-2
1.057771029E1,-3.545902320E-4,-3.212577224E-2,8.911156654E-4,3.214008499E-2
1.058769829E1,2.618835415E-3,-3.902227074E-2,-8.683699965E-3,4.006248317E-2
1.059768529E1,2.564549271E-2,-2.433538064E-2,1.147399127E-2,3.716926853E-2
1.060767229E1,2.484579460E-2,-1.876810044E-2,4.959608316E-3,3.153018900E-2
1.061765929E1,2.490689801E-2,-1.587840647E-2,1.338369191E-2,3.242839141E-2
1.062764629E1,5.622086430E-3,5.066320002E-3,5.474748015E-3,9.340680918E-3
1.063763329E1,2.873247083E-2,5.708051920E-3,5.691679716E-3,2.984178203E-2
1.064762129E1,1.592612066E-2,1.153202489E-2,-2.437704206E-3,1.981341261E-2
1.065760829E1,2.021824190E-2,5.841368437E-3,-7.847548127E-3,2.246069684E-2
1.066759529E1,2.142992431E-2,-3.246958852E-3,2.026469529E-2,2.967224752E-2
1.067758229E1,2.043222487E-2,-3.276458055E-2,3.411791861E-2,5.152694365E-2
1.068756929E1,1.851052831E-2,-4.923633322E-2,3.040259778E-2,6.075503370E-2
1.069755629E1,1.824347729E-2,-7.526229009E-2,7.083901763E-2,1.049542910E-1
1.070754329E1,-1.499108007E-2,-8.120320737E-2,8.896597087E-2,1.213821953E-1
1.071753129E1,-1.210437366E-2,-5.266060889E-2,7.293290555E-2,9.076818993E-2
1.072751829E1,-3.878259428E-3,-3.165375575E-2,2.233285546E-2,3.893273151E-2
1.073750529E1,1.526762368E-2,-2.624478891E-2,-2.535937428E-3,3.046834844E-2
1.074749229E1,3.925046290E-2,-1.412526503E-2,2.935828507E-2,5.101010539E-2
1.075747929E1,4.470454009E-2,-9.907376021E-3,6.191909015E-2,7.701055596E-2
1.076746629E1,4.807814598E-2,-4.336309746E-2,6.595308423E-2,9.242118622E-2
1.077745429E1,3.826923159E-2,-3.593304053E-2,8.771700561E-2,1.022251953E-1
1.078744129E1,3.920857308E-2,-5.327982903E-2,8.911039710E-2,1.109806977E-1
1.079742829E1,5.033183648E-2,-5.694413289E-2,4.376757860E-2,8.770136243E-2
1.080741529E1,6.006206014E-2,-2.488034114E-2,-4.631579518E-3,6.517617642E-2
1.081740229E1,5.322211061E-2,4.986359328E-3,-4.504987299E-2,6.990670851E-2
1.082738929E1,1.768423222E-2,3.092299998E-3,-5.053690016E-2,5.363089284E-2
1.083737629E1,-2.051225178E-2,-8.755182177E-3,1.265922189E-3,2.233849250E-2
1.084736429E1,-2.551119176E-2,-2.163265139E-2,5.238929808E-2,6.215650460E-2
1.085735129E1,-6.788937142E-3,-2.962740317E-2,6.482574105E-2,7.159783090E-2
1.086733829E1,-2.879374553E-3,-2.322177842E-2,3.793848932E-2,4.457432852E-2
1.087732529E1,3.297235770E-4,-4.340241998E-3,4.332786798E-3,6.141617025E-3
1.088731229E1,9.981128597E-3,-1.454217151E-2,2.000624835E-2,2.667110147E-2
1.089729929E1,4.802628849E-3,-4.952445477E-3,3.657199502E-2,3.721696898E-2
1.090728629E1,8.548994735E-3,-8.673174977E-3,4.233208716E-2,4.404900542E-2
1.091727429E1,-1.394902630E-2,-3.057275176E-2,5.990297019E-2,6.868503711E-2
1.092726129E1,-1.620414206E-2,-3.352983490E-2,7.055016518E-2,7.977562193E-2
1.093724829E1,1.971900389E-3,-2.324984506E-2,6.245294094E-2,6.666943466E-2
1.094723529E1,4.202471548E-3,-4.199075595E-2,4.178186417E-2,5.938525512E-2
1.095722229E1,4.848305653E-3,-4.384403095E-2,5.110524952E-2,6.750964114E-2
1.096720929E1,1.534832896E-2,-4.594712824E-2,8.249778092E-2,9.566918862E-2
1.097719629E1,2.356467651E-2,-4.047705799E-2,1.029197663E-1,1.130759236E-1
1.098718429E1,2.034879926E-2,-5.935391665E-2,8.523369312E-2,1.058382894E-1
1.099717129E1,6.935049011E-3,-4.818193406E-2,6.515493929E-2,8.133117354E-2
1.100715829E1,3.624104261E-3,-3.678424895E-2,5.317107081E-2,6.475629602E-2
1.101714529E1,7.147581596E-4,-2.830505535E-2,2.273923695E-2,3.631473440E-2
1.102713229E1,1.258169603E-2,-1.927023008E-2,-9.702284932E-3,2.497549150E-2
1.103711929E1,9.993923949E-3,-5.186480284E-4,-3.130950093E-2,3.286993095E-2
1.104710629E1,1.772295176E-2,-3.101509362E-3,1.081676424E-2,2.099344583E-2
1.105709429E1,1.708282325E-2,-2.045546070E-2,4.200815141E-2,4.974870358E-2
1.106708129E1,2.357929911E-2,-1.513712570E-2,4.644151032E-2,5.423955938E-2
1.107706829E1,2.249451270E-3,-2.057255119E-2,5.001883686E-2,5.413108103E-2
1.108705529E1,1.978592710E-3,-2.434195876E-2,3.597382486E-2,4.348059177E-2
1.109704229E1,-9.073161073E-3,-2.778582260E-2,3.359868586E-2,4.453364886E-2
1.110702929E1,4.640423432E-3,-1.713307276E-2,2.598093331E-2,3.146560992E-2
1.111701629E1,6.957067433E-3,1.695692539E-4,1.386608720E-2,1.551444215E-2
1.112700329E1,2.462668619E-2,5.269218385E-3,3.317768633E-2,4.165329765E-2
1.113699129E1,6.899027879E-2,2.019759849E-2,3.992186487E-2,8.222747015E-2
1.114697829E1,9.966412799E-2,3.589430273E-2,4.685783207E-2,1.158317565E-1
1.115696529E1,1.161253009E-1,3.135203943E-2,6.948772609E-2,1.389121303E-1
1.116695229E1,9.396238924E-2,4.463618249E-2,1.011404586E-1,1.450886341E-1
1.117693929E1,8.866103858E-2,2.672630712E-2,2.130842328E-2,9.502170361E-2
1.118692629E1,1.069611699E-1,1.225298658E-2,-1.560797274E-2,1.087861956E-1
1.119691329E1,9.267265792E-2,6.892990172E-3,5.486150086E-2,1.079144064E-1
1.120690129E1,6.001095639E-2,-1.175144166E-3,1.242392993E-1,1.379786191E-1
1.121688829E1,6.470000764E-2,-7.584861964E-3,1.125109541E-1,1.300089840E-1
1.122687529E1,7.017648698E-2,-5.273574561E-2,9.025118887E-2,1.259010535E-1
1.123686229E1,5.300984755E-2,-6.145525977E-2,7.484436035E-2,1.104014093E-1
1.124684929E1,4.467408432E-2,-3.047817305E-2,6.766514897E-2,8.662139013E-2
1.125683629E1,3.565391821E-2,8.265916407E-3,3.818407238E-2,5.289187689E-2
1.126682329E1,5.524310934E-2,1.749384597E-2,3.544816017E-2,6.792943277E-2
1.127681029E1,3.183637618E-2,1.146112740E-2,6.419248760E-2,7.256436972E-2
1.128679829E1,1.335248239E-2,1.385351568E-2,8.659024715E-2,8.870219606E-2
1.129678529E1,3.530788638E-2,1.651253700E-3,4.311269045E-2,5.575013504E-2
1.130677229E1,5.779129851E-2,-1.515890658E-3,-1.346672237E-2,5.935894810E-2
1.131675929E1,5.102797035E-2,1.764192671E-2,-5.332894564E-2,7.588852205E-2
1.132674542E1,6.737192024E-2,2.137858987E-2,-4.131759524E-2,8.187284910E-2
1.133673242E1,8.153927609E-2,9.014944732E-3,5.061934590E-3,8.219212831E-2
1.134671942E1,8.260385307E-2,-4.525160193E-3,6.450589836E-2,1.049041684E-1
1.135670642E1,7.915516527E-2,-1.352767959E-2,7.488587558E-2,1.098017881E-1
1.136669442E1,9.763928290E-2,-1.757482991E-2,6.639688790E-2,1.193769280E-1
1.137668142E1,6.356390735E-2,-1.446893513E-2,5.886099637E-2,8.783130020E-2
1.138666842E1,1.677073269E-2,-3.153900415E-2,2.669838667E-2,4.459562880E-2
1.139665542E1,3.477978688E-3,-1.963509634E-2,1.285218000E-3,1.998212024E-2
1.140664242E1,1.105044730E-2,-7.084486485E-3,-7.366322279E-3,1.505207753E-2
1.141662942E1,3.619600992E-2,-4.760218263E-3,1.066122830E-2,3.803252030E-2
1.142661642E1,2.022591180E-2,-1.999937788E-2,9.763095975E-3,3.007292248E-2
1.143660342E1,8.530571437E-3,4.344773591E-3,2.192764342E-2,2.392632969E-2
1.144659142E1,-7.184186080E-3,-5.206068456E-3,5.111986756E-2,5.188406825E-2
1.145657842E1,-3.464516387E-3,-3.889348581E-2,9.730526984E-2,1.048476116E-1
1.146656542E1,2.099620937E-2,-4.303623810E-2,9.370806277E-2,1.052338331E-1
1.147655242E1,2.755948510E-2,-4.895011202E-2,7.441459000E-2,9.323717011E-2
1.148653942E1,1.702810611E-2,-6.230544493E-2,5.826107204E-2,8.698435135E-2
1.149652642E1,-1.453621923E-2,-5.079066932E-2,4.315537512E-2,6.821568853E-2
1.150651342E1,1.981540072E-2,-3.525593296E-2,5.083276927E-2,6.495845862E-2
1.151650042E1,4.754471546E-2,-2.500927225E-2,3.728710949E-2,6.539336511E-2
1.152648842E1,3.635918378E-2,-7.128925323E-3,1.251362622E-2,3.910757807E-2
1.153647542E1,4.208193140E-2,-1.276300997E-3,1.341819048E-2,4.418784595E-2
1.154646242E1,2.879332070E-2,7.706776410E-3,1.364740133E-2,3.278263691E-2
1.155644942E1,4.810378694E-2,1.287322998E-2,2.437119484E-3,4.985613221E-2
1.156643642E1,3.296782154E-2,2.475886524E-2,-8.074420094E-3,4.201279478E-2
1.157642342E1,2.612265977E-2,-2.156306952E-3,-1.443969905E-2,2.992570670E-2
1.158641042E1,2.793005696E-2,8.956472576E-4,-1.975832641E-2,3.422399346E-2
1.159639742E1,3.566123636E-2,-7.784105837E-3,-3.389864802E-2,4.981399824E-2
1.160638442E1,3.648492176E-2,-1.195375532E-2,-2.271877170E-2,4.461148248E-2
1.161637242E1,1.804634846E-2,2.166978121E-3,-3.429625869E-2,3.881494360E-2
1.162635942E1,-2.965369737E-3,-2.363912344E-2,-2.540030479E-2,3.482494879E-2
1.163634642E1,-3.576311953E-2,-4.207115516E-2,6.638343930E-3,5.561519959E-2
1.164633342E1,-2.845779559E-2,-5.002585351E-2,2.083713770E-2,6.120962716E-2
1.165632042E1,-2.543662149E-3,-4.850499272E-2,3.952366948E-2,6.262048375E-2
1.166630742E1,-4.733732203E-4,-4.211223185E-2,4.268350482E-2,5.996286966E-2
1.167629442E1,-1.839294674E-2,-3.455426708E-2,5.742550492E-2,6.949810414E-2
1.168628142E1,-1.465385333E-3,-4.102377266E-2,8.553014696E-2,9.487098247E-2
1.169626842E1,1.564007761E-2,-4.078199029E-2,8.684577048E-2,9.721095931E-2
1.170625642E1,1.228290788E-2,-3.317052349E-2,3.409569919E-2,4.912911721E-2
1.171624342E1,2.568937652E-3,-1.728188440E-2,2.527225077E-2,3.072376325E-2
1.172623042E1,-6.996878749E-3,1.616170406E-3,2.447819889E-2,2.550981262E-2
1.173621742E1,-1.341808084E-2,5.444781035E-3,5.615315080E-2,5.799023089E-2
1.174620442E1,-5.452848366E-3,1.876810044E-3,6.617937148E-2,6.643015264E-2
1.175619142E1,-2.266147812E-2,1.859867737E-2,4.962122619E-2,5.763436023E-2
1.176617842E1,-2.059099733E-2,1.658548102E-2,3.119664967E-2,4.089374405E-2
1.177616542E1,-1.424125917E-2,7.556356788E-3,2.252288997E-2,2.769824116E-2
1.178615242E1,3.357005278E-3,7.145736068E-3,4.394591868E-2,4.464946581E-2
1.179614042E1,-4.748578649E-3,1.511534482E-2,5.518660605E-2,5.741588748E-2
1.180612742E1,-9.774689907E-3,6.236786395E-3,5.964978576E-2,6.076626538E-2
1.181611442E1,-1.849820576E-2,-1.240589127E-2,6.840949953E-2,7.194407119E-2
1.182610142E1,-8.486146303E-3,-5.632038116E-3,5.796695709E-2,5.885492882E-2
1.183608842E1,-1.374841655E-2,7.494083941E-3,4.991066337E-2,5.230922069E-2
1.184607542E1,-1.056331485E-2,2.518834323E-3,4.891546726E-2,5.010639764E-2
1.185606242E1,2.456159480E-2,-1.555432454E-2,8.153942227E-2,8.656723592E-2
1.186604942E1,3.945148834E-2,-1.466174707E-2,1.210057890E-1,1.281163055E-1
1.187603642E1,2.653461438E-2,-3.479941159E-2,1.119309103E-1,1.201815855E-1
1.188602442E1,-5.961674899E-3,-5.326711133E-2,8.448875785E-2,1.000563687E-1
1.189601142E1,-1.231326315E-2,-5.785863742E-2,6.708568990E-2,8.944119947E-2
1.190599842E1,1.943830099E-2,-3.225397244E-2,1.928353250E-2,4.230863871E-2
1.191598542E1,1.599614563E-2,-3.624250442E-3,-3.475818872E-2,3.843362525E-2
1.192597242E1,4.225499528E-3,7.196168303E-3,-1.340649605E-2,1.579157436E-2
1.193595942E1,2.340771074E-2,-1.388348266E-2,-3.931667805E-3,2.749781855E-2
1.194594642E1,2.343736709E-2,-7.503878027E-3,3.197257519E-2,4.034679573E-2
1.195593342E1,3.451789557E-2,-2.606308669E-2,2.964362919E-2,5.243581175E-2
1.196592042E1,2.412249174E-2,-1.801117837E-2,2.951849878E-2,4.216205551E-2
1.197590742E1,3.163860324E-2,-9.786777198E-3,7.639387250E-3,3.398738679E-2
1.198589542E1,4.182693341E-2,-1.075127542E-2,-1.427948534E-2,4.548610758E-2
1.199588242E1,3.607891486E-2,-2.776009485E-2,2.809528649E-2,5.349444912E-2
1.200586942E1,3.818037218E-2,-2.102044791E-2,8.826430500E-2,9.843875043E-2
1.201585642E1,3.491050412E-2,-3.131374016E-2,1.105281633E-1,1.200656841E-1
1.202584342E1,2.632389992E-2,-1.662217230E-2,7.461456478E-2,8.084910386E-2
1.203583042E1,2.638046259E-2,-1.290641293E-2,1.306384921E-2,3.214293791E-2
1.204581742E1,4.651078155E-2,3.541804701E-3,-1.733699441E-3,4.667764877E-2
1.205580442E1,5.439610361E-2,9.450708479E-3,9.752570987E-3,5.606571697E-2
1.206579142E1,5.321656946E-2,1.997087270E-2,2.488282621E-2,6.204832038E-2
1.207577842E1,8.507807496E-2,1.549833745E-2,3.677430868E-2,9.397248045E-2
1.208576642E1,-2.966028462E-2,-4.690080911E-2,1.335123986E-1,1.445855420E-1
1.209575342E1,1.140892273E-2,-9.908106923E-4,8.588565767E-2,8.664578130E-2
1.210574042E1,4.384108907E-2,-6.139137894E-3,6.331365108E-3,4.471930555E-2
1.211572742E1,2.011266311E-2,-3.640213341E-2,2.654051185E-2,4.933592305E-2
1.212571442E1,6.157171072E-2,-2.089429423E-2,9.805195928E-3,6.575552418E-2
1.213570142E1,4.075344400E-2,-1.372151479E-2,5.879960060E-3,4.340157942E-2
1.214568842E1,1.266418745E-2,-1.823746562E-2,-6.606184244E-3,2.316524264E-2
1.215567542E1,3.356642568E-2,-1.420127884E-2,-8.792458177E-3,3.749251357E-2
1.216566242E1,4.836835974E-2,-3.934898391E-2,-1.379358172E-2,6.386003175E-2
1.217564942E1,5.442457681E-2,-3.977042198E-2,9.321046472E-3,6.804853365E-2
1.218563742E1,3.234964751E-2,9.031316936E-3,1.555476308E-2,3.701371413E-2
1.219562442E1,-1.326056234E-2,3.393797055E-2,3.270815492E-2,4.896378005E-2
1.220561142E1,-1.102585244E-2,4.985672280E-2,2.079913080E-2,5.513498048E-2
1.221559842E1,1.789184036E-3,4.523245230E-2,3.486460805E-2,5.713770047E-2
1.222558542E1,2.516285759E-2,8.329212517E-3,4.549893916E-2,5.265642076E-2
1.223557242E1,-7.336524320E-3,3.281018883E-3,4.441194177E-2,4.513324989E-2
1.224555942E1,-1.686321463E-2,5.855547935E-3,3.916172683E-2,4.303831197E-2
1.225554642E1,-8.321081232E-3,-2.339617163E-3,1.345561266E-2,1.599273940E-2
1.226553342E1,2.710304140E-2,-1.303183571E-2,4.238237321E-2,5.196796277E-2
1.227552042E1,4.435337368E-2,5.865488201E-3,6.825045526E-2,8.160729350E-2
1.228550742E1,3.134398123E-2,2.455538213E-3,7.508351147E-2,8.140029805E-2
1.229549542E1,8.058564090E-3,-1.199921742E-2,8.724864364E-2,8.843781708E-2
1.230548242E1,1.282415905E-2,-1.462096274E-2,7.104542434E-2,7.365924196E-2
1.231546942E1,1.963809304E-2,-2.736394599E-2,3.327884316E-2,4.734893495E-2
1.232545704E1,2.481654711E-2,-1.673838571E-2,5.015741587E-3,3.035114874E-2
1.233544404E1,2.286644587E-2,-2.297210231E-2,-2.562600732E-2,4.131929431E-2
1.234543104E1,8.372988976E-3,-9.435213357E-3,-4.424237251E-2,4.600562706E-2
1.235541804E1,2.333325924E-2,-2.603765130E-3,-4.617370784E-2,5.179992158E-2
1.236540504E1,5.151560529E-2,4.976711422E-3,-2.243459702E-2,5.640865526E-2
1.237539204E1,6.615392695E-2,-4.421079755E-3,-5.861307442E-2,8.849508738E-2
1.238537904E1,5.720872397E-2,-2.363883108E-3,-2.223228335E-2,6.142231243E-2
1.239536604E1,4.164056711E-2,-1.130105987E-2,1.128980398E-2,4.459944459E-2
1.240535304E1,1.301528078E-2,-4.378687441E-2,2.865544975E-2,5.392423115E-2
1.241534104E1,2.112821940E-2,-6.215297878E-2,5.130639374E-2,8.331710788E-2
1.242532804E1,-9.828557381E-3,-3.620961383E-2,4.195260286E-2,5.628283540E-2
1.243531504E1,5.426947027E-5,-1.884557605E-3,2.239483595E-2,2.247405570E-2
1.244530204E1,2.114106044E-2,-6.621094644E-3,2.466297090E-2,3.315185461E-2
1.245528904E1,-1.039251219E-5,1.036711335E-3,3.436642528E-2,3.438206022E-2
1.246527604E1,-1.675118106E-2,6.086074412E-3,4.150821447E-2,4.517271563E-2
1.247526304E1,-1.674657638E-2,9.478921294E-3,3.353612065E-2,3.866483102E-2
1.248525004E1,-7.169508655E-4,2.636874989E-2,2.813212395E-2,3.856476873E-2
1.249523704E1,1.081001710E-2,1.646575928E-2,9.007635713E-3,2.165906737E-2
1.250522404E1,1.725790168E-2,3.517246395E-3,5.884696305E-2,6.142614470E-2
1.251521104E1,2.087757028E-2,1.595851332E-3,1.049224377E-1,1.069912969E-1
1.252519904E1,1.315623522E-4,-5.701035261E-6,1.194820046E-1,1.194820772E-1
1.253518604E1,1.808099778E-2,8.247790039E-3,8.539273739E-2,8.767478611E-2
1.254517304E1,1.880319287E-2,-7.168978751E-3,5.791842520E-2,6.131474779E-2
1.255516004E1,2.316446200E-2,-3.862085938E-4,3.620128155E-2,4.297992837E-2
1.256514704E1,-1.232807762E-3,8.744949549E-3,2.527283549E-2,2.677144321E-2
1.257513404E1,-2.235518452E-3,1.060611829E-2,3.387116611E-2,3.556322794E-2
1.258512104E1,2.531661652E-4,2.446577355E-2,4.797815859E-2,5.385667898E-2
1.259510804E1,8.785669925E-3,-8.895369172E-3,7.192426085E-2,7.300284164E-2
1.260509504E1,2.623554301E-2,9.810312241E-3,9.502427101E-2,9.906643238E-2
1.261508204E1,1.530589553E-2,-1.229143202E-2,1.100539541E-1,1.117909771E-1
1.262506904E1,1.572999682E-2,-1.083050519E-2,1.078086233E-1,1.094871312E-1
1.263505604E1,3.775547147E-3,1.342491478E-2,8.240656435E-2,8.357825639E-2
1.264504304E1,2.142269067E-3,1.504357025E-2,5.212441921E-2,5.429413781E-2
1.265503104E1,9.646896268E-3,3.572180986E-2,1.535186470E-2,4.005983097E-2
1.266501804E1,1.683527133E-2,3.522231147E-2,5.525677264E-2,6.765610474E-2
1.267500504E1,2.889220716E-2,4.078506008E-2,8.868471980E-2,1.017996085E-1
1.268499204E1,2.409449363E-2,2.067838579E-2,1.192282355E-1,1.233835986E-1
1.269497904E1,1.973145206E-2,2.662851244E-2,8.632419884E-2,9.246769804E-2
1.270496604E1,3.336380595E-2,8.718929440E-3,4.472242892E-2,5.647352412E-2
1.271495304E1,-3.923984198E-4,-2.169448569E-2,1.775507033E-2,2.803653346E-2
1.272494004E1,-1.077096866E-2,-1.125106618E-2,-6.389252543E-3,1.683516570E-2
1.273492704E1,4.510181271E-3,-1.134389073E-2,7.974432707E-3,1.458139804E-2
1.274491404E1,6.420663055E-3,3.711520135E-4,2.720592499E-2,2.795576903E-2
1.275490104E1,1.770798197E-2,1.275599331E-2,3.721460402E-2,4.314179810E-2
1.276488804E1,3.130237464E-2,-2.410353854E-2,2.503836215E-2,4.677327022E-2
1.277487604E1,2.835547388E-2,-2.329589188E-2,6.334873438E-3,3.724059746E-2
1.278486304E1,3.419328374E-2,-1.777071163E-2,-4.186430991E-2,5.689990588E-2
1.279485004E1,4.572929204E-2,-1.535171852E-2,-1.017871606E-1,1.126386678E-1
1.280483704E1,5.049020010E-2,-1.547319442E-3,-1.328148258E-1,1.420965603E-1
1.281482404E1,4.132336023E-2,-9.713394642E-3,-9.216966033E-2,1.014752010E-1
1.282481104E1,3.802037775E-2,-1.526795715E-2,-4.188360572E-2,5.859092137E-2
1.283479804E1,4.547227494E-2,-1.911922574E-2,1.078226566E-2,5.049286914E-2
1.284478504E1,5.253502166E-2,-1.979311734E-2,6.627877414E-2,8.685949514E-2
1.285477204E1,4.133180672E-2,-2.753892392E-2,6.299907088E-2,8.022215099E-2
1.286475904E1,3.018012950E-2,-2.900715977E-2,3.874189675E-2,5.703674341E-2
1.287474604E1,3.327820363E-2,-1.281037241E-2,1.022444129E-2,3.709560186E-2
1.288473304E1,3.412661634E-2,-2.797892690E-4,-4.429265857E-3,3.441398874E-2
1.289472004E1,1.951058262E-2,1.124273390E-3,-2.620605111E-2,3.269073171E-2
1.290470704E1,3.167819072E-2,1.128834218E-2,3.599545956E-3,3.382146016E-2
1.291469404E1,5.559919564E-2,1.633931324E-2,3.565456688E-2,6.804036928E-2
1.292468204E1,4.851822662E-2,6.540403068E-3,6.489298403E-2,8.128895720E-2
1.293466904E1,4.920170217E-2,-1.116876662E-2,7.094719112E-2,8.705775538E-2
1.294465604E1,4.715080956E-2,-4.550887942E-3,7.898243487E-2,9.209850401E-2
1.295464304E1,2.325484260E-2,3.432754129E-3,5.428262651E-2,5.915382529E-2
1.296463004E1,2.982397011E-2,1.744458318E-2,3.349519014E-2,4.812182913E-2
1.297461704E1,2.745770701E-2,2.158236533E-2,3.446407378E-2,4.906624653E-2
1.298460404E1,1.650501328E-2,1.992073283E-2,3.425474346E-2,4.292596544E-2
1.299459104E1,2.379132464E-2,1.586261898E-2,3.257016063E-2,4.334126408E-2
1.300457804E1,3.193627220E-2,3.754584879E-2,2.965824723E-2,5.752588871E-2
1.301456504E1,1.418176832E-2,2.446942806E-2,2.470331669E-2,3.755168862E-2
1.302455204E1,2.324483838E-2,2.534972638E-2,1.697622120E-2,3.835522422E-2
1.303453904E1,3.399910136E-2,3.120629758E-2,2.478927076E-2,5.238587449E-2
1.304452604E1,3.141676993E-3,1.835426375E-2,5.063104033E-3,1.929725770E-2
1.305451304E1,-1.218146326E-2,2.448843151E-2,3.748533010E-2,4.640281563E-2
1.306450104E1,-2.371443832E-2,2.543304920E-2,5.470304132E-2,6.482003784E-2
1.307448804E1,-3.839260784E-2,1.471700326E-2,4.621405363E-2,6.185726533E-2
1.308447504E1,-3.421562650E-2,-4.262620211E-4,6.767158091E-2,7.583095449E-2
1.309446204E1,-2.166040282E-2,-8.541174084E-3,8.523427784E-2,8.835726809E-2
1.310444904E1,-3.647688183E-2,-8.371458650E-3,4.091823041E-2,5.545219390E-2
1.311443604E1,-4.256506673E-2,1.245456934E-4,-1.218735158E-2,4.427563614E-2
1.312442304E1,-4.196411457E-2,-6.626795679E-3,-4.323489726E-2,6.061483047E-2
1.313441004E1,-4.592897446E-2,-5.967814475E-3,-1.603891253E-2,4.901359219E-2
1.314439704E1,-4.873582527E-2,6.561306864E-3,3.744323015E-2,6.180798408E-2
1.315438404E1,-5.695005777E-2,3.491226286E-3,6.483217299E-2,8.636381415E-2
1.316437104E1,-2.476362980E-2,-1.374636546E-2,2.926414490E-2,4.072579159E-2
1.317435804E1,1.106372687E-2,-2.614889458E-2,4.610178709E-2,5.414374860E-2
1.318434504E1,-5.364998518E-3,-1.768358812E-2,7.906897366E-2,8.119972348E-2
1.319433204E1,-2.705616318E-2,-3.722776026E-3,8.552196085E-2,8.977695036E-2
1.320431904E1,-3.301251620E-2,1.287118345E-2,1.010702920E-1,1.071013423E-1
1.321430704E1,-3.298815889E-2,-4.547671974E-3,8.384614885E-2,9.021683116E-2
1.322429404E1,-1.513363564E-2,-1.402425438E-2,7.794689298E-2,8.063141301E-2
1.323428104E1,-1.276277699E-2,5.408820659E-3,6.722836196E-2,6.864252669E-2
1.324426804E1,-1.307307228E-2,1.700604200E-2,5.963165939E-2,6.337227694E-2
1.325425504E1,-1.142762925E-2,2.520076856E-2,2.068686426E-2,3.454874526E-2
1.326424204E1,-1.871687792E-2,2.012743190E-2,-7.941688299E-3,2.860953420E-2
1.327422904E1,-6.404994344E-3,1.833145961E-2,-5.420661271E-2,5.757971192E-2
1.328421604E1,-9.556684694E-3,9.446469247E-3,-7.082323015E-2,7.208672508E-2
1.329420304E1,-1.394303290E-2,3.568087935E-2,-6.123145759E-2,7.222758972E-2
1.330419004E1,-1.915282439E-2,3.715481624E-2,-8.757433355E-2,9.703903827E-2
1.331417704E1,5.151159447E-3,4.104920805E-2,-8.108392417E-2,9.102842789E-2
1.332416404E1,2.940736970E-2,2.638468355E-2,-8.555645943E-3,4.042454695E-2
1.333415067E1,6.144052296E-2,1.024490654E-2,8.609498799E-2,1.062649657E-1
1.334413767E1,4.889912704E-2,-1.045262888E-2,1.494869918E-1,1.576284961E-1
1.335412467E1,5.752456955E-2,-4.872674838E-2,1.674794590E-1,1.836647525E-1
1.336411167E1,7.048180300E-2,-5.641452134E-2,1.602388519E-1,1.839205601E-1
1.337409967E1,8.207217671E-2,-8.464867920E-2,1.368166602E-1,1.806101868E-1
1.338408667E1,8.299316799E-2,-6.742015064E-2,1.140563732E-1,1.563400106E-1
1.339407367E1,6.647707241E-2,-5.960359275E-2,1.047423434E-1,1.376326558E-1
1.340406067E1,4.818241828E-2,-5.365331993E-2,1.183423823E-1,1.385826238E-1
1.341404767E1,7.889185784E-2,-3.288064778E-2,1.035489267E-1,1.342663117E-1
1.342403467E1,7.674254014E-2,-7.515426278E-3,8.404495418E-2,1.140589910E-1
1.343402167E1,7.288092929E-2,-2.102878019E-2,6.971810639E-2,1.030264714E-1
1.344400867E1,6.585655035E-2,-2.970049337E-2,4.612693012E-2,8.571404910E-2
1.345399567E1,4.005515398E-2,-1.286065847E-2,2.247728169E-2,4.769738031E-2
1.346398267E1,2.673541142E-2,-2.235946029E-2,-9.027516246E-3,3.600310734E-2
1.347396967E1,1.435488930E-2,-1.613743812E-2,-2.084532380E-2,3.001678331E-2
1.348395667E1,8.732802873E-3,-1.399501830E-2,-9.352036715E-3,1.896267318E-2
1.349394367E1,3.526742411E-2,-1.993505850E-2,9.197670221E-4,4.052213879E-2
1.350393067E1,3.273328424E-2,-1.948423818E-2,-6.936551929E-3,3.871975190E-2
1.351391767E1,2.612668430E-2,-1.858055100E-2,-2.080497801E-2,3.821894318E-2
1.352390467E1,2.455820067E-2,-4.163846120E-2,1.634823024E-2,5.103068982E-2
1.353389167E1,3.190441401E-2,-4.364975721E-2,1.771238565E-2,5.689394997E-2
1.354387967E1,3.816812729E-2,-4.873990461E-2,1.379942894E-3,6.192163180E-2
1.355386667E1,5.321577461E-2,-4.512807950E-2,-2.505531907E-3,6.981933770E-2
1.356385367E1,4.414884447E-2,-6.030730516E-2,3.079143763E-2,8.083442432E-2
1.357384067E1,2.162399705E-2,-7.384843335E-2,6.189102352E-2,9.875063113E-2
1.358382767E1,2.499299826E-2,-6.636224315E-2,5.001708269E-2,8.677733482E-2
1.359381467E1,-1.472108260E-2,-5.470099479E-2,2.712347925E-2,6.280598881E-2
1.360380167E1,1.716145688E-2,-4.264725208E-2,-1.117110550E-2,4.730853317E-2
1.361378867E1,3.922391288E-2,-4.413127542E-2,-3.507686198E-2,6.867656848E-2
1.362377567E1,1.899717768E-2,-2.757064506E-2,-2.403848827E-2,4.121749807E-2
1.363376267E1,-1.867192745E-2,-8.016825020E-3,-2.679252684E-2,3.362662416E-2
1.364374967E1,-6.515340440E-2,-5.145549774E-5,-1.436953247E-2,6.671920425E-2
1.365373667E1,-5.532614437E-2,8.226740062E-3,3.232282341E-2,6.460206201E-2
1.366372367E1,-2.807756440E-2,-1.464844465E-2,8.414728045E-2,8.990935080E-2
1.367371067E1,-2.214038842E-2,-3.003992423E-2,8.459693134E-2,9.246207136E-2
1.368369767E1,-9.075527368E-3,-1.727735281E-2,9.030673742E-2,9.239144409E-2
1.369368467E1,1.178568441E-2,-1.395481870E-2,7.486482561E-2,7.706089433E-2
1.370367167E1,1.626695166E-2,-1.679554224E-2,4.932828069E-2,5.458922266E-2
1.371365867E1,4.324218800E-2,9.085696042E-3,3.223102212E-2,5.469255418E-2
1.372364567E1,4.520721334E-2,7.855880409E-3,3.891088128E-2,6.016197867E-2
1.373363367E1,2.460217128E-2,1.624546543E-2,3.435590029E-2,4.527151271E-2
1.374362067E1,2.864088881E-2,1.096075192E-2,3.733973444E-2,4.831867509E-2
1.375360767E1,2.945226992E-2,3.152233958E-3,3.467925131E-2,4.560727195E-2
1.376359467E1,3.179505737E-2,-1.547699511E-2,1.530918002E-2,3.853354440E-2
1.377358167E1,1.818968062E-2,-2.489598244E-2,1.733348608E-2,3.537123355E-2
1.378356867E1,2.613430852E-2,-2.630940065E-2,2.935126841E-2,4.729358943E-2
1.379355567E1,4.574469580E-2,-4.047881216E-2,4.464349151E-2,7.565813084E-2
1.380354267E1,2.839267451E-2,-8.178412825E-2,9.297482193E-2,1.270397777E-1
1.381352967E1,1.777567263E-3,-6.414848730E-2,1.011714488E-1,1.198075550E-1
1.382351667E1,5.249621077E-3,-7.155676335E-2,1.018906564E-1,1.246179552E-1
1.383350367E1,3.498444171E-2,-8.121183202E-2,7.988232136E-2,1.191656750E-1
1.384349067E1,3.699691401E-2,-8.745037258E-2,4.924349606E-2,1.069638313E-1
1.385347767E1,5.314261132E-2,-6.598685190E-2,4.561822236E-2,9.622590074E-2
1.386346467E1,1.057381471E-2,-6.658224463E-2,5.370024383E-2,8.619000549E-2
1.387345167E1,-2.596486489E-2,-6.206380874E-2,8.143358767E-2,1.056291615E-1
1.388343867E1,-2.013167113E-2,-5.152274072E-2,1.116490746E-1,1.246009344E-1
1.389342567E1,-2.242441464E-4,-3.001112670E-2,1.151796234E-1,1.190254748E-1
1.390341267E1,2.803138738E-2,-1.869442552E-2,4.673679471E-2,5.761569408E-2
1.391339967E1,6.458062395E-3,-3.329229176E-2,-3.107853591E-2,4.599955060E-2
1.392338767E1,2.727288931E-2,-2.200555757E-2,-8.243989348E-3,3.600025577E-2
1.393337467E1,4.488064635E-2,1.437684149E-3,-2.592187643E-2,5.184865505E-2
1.394336167E1,1.788914858E-2,2.834730148E-3,-2.290295899E-2,2.919936408E-2
1.395334867E1,5.075803455E-3,-7.024991065E-3,-4.616669118E-2,4.697315888E-2
1.396333567E1,2.609266538E-2,-3.524847776E-3,-6.892873228E-2,7.378632578E-2
1.397332267E1,5.666669622E-2,-1.093619362E-2,-4.565798342E-2,7.358917204E-2
1.398330967E1,5.102808912E-2,-3.045449182E-2,1.715280712E-2,6.185111756E-2
1.399329667E1,2.898130640E-2,-4.999603271E-2,1.053323275E-1,1.201433253E-1
1.400328367E1,2.770799981E-2,-7.794499263E-2,1.661100411E-1,1.855685881E-1
1.401327067E1,1.702208759E-2,-6.713173673E-2,1.551757479E-1,1.699292037E-1
1.402325767E1,5.275904996E-3,-4.779499456E-2,8.216741323E-2,9.520336379E-2
1.403324467E1,-4.209065654E-3,-2.554823935E-2,-1.651663005E-2,3.071201452E-2
1.404323167E1,3.785470283E-3,-2.344835803E-2,-6.310607493E-2,6.742797619E-2
1.405321867E1,2.213584084E-2,-4.805475712E-2,-5.501411319E-2,7.632697938E-2
1.406320567E1,-4.176410325E-2,-1.418446809E-2,-3.468509853E-2,5.611145618E-2
1.407319267E1,-7.515484293E-2,-4.226659834E-3,1.487531662E-2,7.672933021E-2
1.408317967E1,-5.194486858E-2,6.329610944E-4,4.823719025E-2,7.089073659E-2
1.409316667E1,-1.544779558E-2,-8.633267730E-3,8.319535375E-2,8.505665515E-2
1.410315367E1,7.134379679E-4,-5.183849037E-3,1.075946152E-1,1.077217829E-1
1.411314067E1,-7.111196383E-3,-2.245243102E-2,1.233440906E-1,1.255724709E-1
1.412312767E1,7.627066984E-3,-3.908571303E-3,1.066058511E-1,1.069497852E-1
1.413311567E1,1.318207032E-2,-6.326687336E-3,7.590212166E-2,7.729764565E-2
1.414310267E1,2.307501331E-2,-8.539566100E-3,5.187942088E-2,5.741824396E-2
1.415308967E1,1.993053148E-2,1.438415051E-3,6.903398216E-2,7.186783575E-2
1.416307667E1,-7.404808835E-3,-2.233534053E-2,7.955721617E-2,8.296414451E-2
1.417306367E1,2.262369962E-5,-1.067189947E-2,6.548004448E-2,6.634399879E-2
1.418305067E1,9.421647817E-2,4.535202786E-2,8.229780614E-2,1.330656984E-1
1.419303767E1,6.257528936E-2,-2.486762345E-2,1.026350069E-1,1.227518235E-1
1.420302467E1,3.833822873E-2,-4.156303212E-2,1.320318836E-1,1.436305111E-1
1.421301167E1,2.580395682E-2,-2.943970755E-2,1.574918300E-1,1.622843710E-1
1.422299867E1,3.553504157E-2,-3.172392234E-2,1.131956631E-1,1.228104416E-1
1.423298567E1,6.083587061E-2,-5.621250004E-2,4.378570497E-2,9.369117500E-2
1.424297267E1,9.332752323E-3,-9.601932094E-2,-4.694027781E-2,1.072855999E-1
1.425295967E1,9.316392453E-2,3.012412414E-2,-2.463022649E-2,1.009634971E-1
1.426294667E1,2.376277835E-2,5.731879324E-3,-1.586349607E-3,2.449572576E-2
1.427293367E1,-1.647501432E-2,-2.560057193E-2,-1.066064358E-2,3.225623508E-2
1.428292067E1,-3.174198476E-2,4.328401387E-4,8.640722930E-2,9.205406141E-2
1.429290767E1,-3.821938408E-2,1.633039623E-2,1.111848056E-1,1.186990487E-1
1.430289467E1,-3.626704902E-2,-2.323274195E-2,1.053071845E-1,1.137746116E-1
1.431288167E1,-3.861238092E-2,-1.210461348E-2,5.253840208E-2,6.631531740E-2
1.432286867E1,-5.228278283E-2,5.471970588E-3,-1.706334472E-2,5.526834153E-2
1.433285546E1,-3.275233794E-2,-7.600649446E-3,-5.572630405E-2,6.508384190E-2
1.434284246E1,-3.003943088E-2,2.099150419E-3,-4.411899626E-2,5.341591215E-2
1.435283046E1,-6.115720709E-2,2.650893688E-2,-1.216162384E-2,6.775568469E-2
1.436281746E1,-3.825286852E-2,2.048952073E-2,2.209078074E-2,4.869399350E-2
1.437280446E1,-2.859875917E-2,1.473673761E-2,7.168394029E-2,7.857256364E-2
1.438279146E1,-2.593997539E-2,4.395512804E-2,5.322369576E-2,7.374074447E-2
1.439277846E1,-1.759719094E-2,3.088294655E-2,1.868770123E-2,4.015778497E-2
1.440276546E1,-1.864439300E-2,2.789019540E-2,1.416195631E-2,3.641479639E-2
1.441275246E1,-2.182030818E-2,3.657404155E-2,3.553937674E-3,4.273659833E-2
1.442273946E1,4.694041943E-3,1.461277664E-2,2.075761557E-2,2.581561300E-2
1.443272646E1,3.373297539E-3,-7.214879394E-3,7.725282848E-2,7.766230185E-2
1.444271346E1,7.039515458E-3,-1.607648090E-2,9.912433863E-2,1.006659949E-1
1.445270046E1,8.669689489E-3,-1.800986275E-2,8.261297107E-2,8.499659794E-2
1.446268746E1,3.190609737E-2,-1.690824732E-2,5.858266890E-2,6.881727234E-2
1.447267446E1,3.598332202E-2,-1.737193152E-2,9.326776743E-2,1.014665458E-1
1.448266146E1,3.412803247E-2,-1.135529280E-3,7.734755337E-2,8.454972525E-2
1.449264846E1,4.427340387E-3,8.873149753E-4,3.783265471E-2,3.810116053E-2
1.450263546E1,1.674534298E-2,7.798431516E-3,2.694981694E-2,3.267284314E-2
1.451262246E1,2.345842164E-2,-1.790563613E-3,1.899643421E-2,3.023852140E-2
1.452260946E1,-1.421823576E-2,-3.478099287E-2,3.452956259E-2,5.103103356E-2
1.453259646E1,-2.251342022E-2,-3.562226102E-2,2.363444567E-3,4.220646207E-2
1.454258346E1,4.531709989E-2,2.241544738E-2,1.473790705E-2,5.266210903E-2
1.455257046E1,8.554081813E-2,6.864748120E-2,2.847827911E-2,1.133169035E-1
1.456255746E1,3.500728925E-2,1.727413684E-3,1.427656174E-2,3.784593074E-2
1.457254446E1,3.678313889E-2,-3.461113125E-3,-3.226318181E-2,4.904988798E-2
1.458253146E1,1.341095455E-2,1.863069087E-2,-5.879609227E-2,6.311843479E-2
1.459251846E1,-5.793138044E-3,3.446451232E-2,-5.349617600E-2,6.389995231E-2
1.460250646E1,2.831057366E-3,1.786280528E-2,-5.214488447E-2,5.519224288E-2
1.461249346E1,5.731646349E-3,4.228998721E-3,-3.152935624E-2,3.232393084E-2
1.462248046E1,1.500179007E-2,-7.259318233E-4,-1.413213551E-2,2.062275288E-2
1.463246746E1,1.396188560E-2,9.291810393E-3,-2.914369226E-2,3.362479425E-2
1.464245446E1,2.454683058E-2,-6.818876714E-3,-7.864505053E-3,2.666260323E-2
1.465244146E1,3.735064771E-2,-1.221804947E-2,1.804333806E-2,4.324249838E-2
1.466242846E1,2.540264825E-2,-9.830777496E-3,3.219886243E-2,4.217470173E-2
1.467241546E1,7.388792946E-3,-1.454085588E-2,4.763375759E-2,5.034883924E-2
1.468240246E1,5.108639225E-4,-2.977723807E-2,5.910657942E-2,6.618559224E-2
1.469238946E1,3.247324303E-3,-1.902990952E-2,4.995451748E-2,5.355498472E-2
1.470237646E1,-1.289196391E-2,-1.133658171E-2,3.447752237E-2,3.851519658E-2
1.471236346E1,1.631697048E-2,2.467525005E-4,2.087631404E-2,2.649763953E-2
1.472235046E1,-2.599157707E-2,5.645632893E-3,3.171529770E-3,2.678607568E-2
1.473233746E1,-4.752735654E-2,4.316706955E-3,1.071560740E-2,4.891122387E-2
1.474232446E1,-2.631061577E-2,1.294675872E-2,4.923355579E-3,2.973392833E-2
1.475231146E1,-2.483476941E-3,1.553985268E-2,3.074758351E-2,3.454082469E-2
1.476229846E1,5.952428989E-3,1.149533361E-2,3.848988175E-2,4.060843635E-2
1.477228546E1,-1.419137511E-4,2.226955935E-2,4.969724000E-2,5.445887509E-2
1.478227246E1,3.531284281E-3,3.627100959E-2,3.439449191E-2,5.011025024E-2
1.479225946E1,-5.026609185E-3,4.323021948E-2,-2.543714225E-2,5.040998792E-2
1.480224646E1,-1.118919533E-3,2.469220698E-2,-6.115719795E-2,6.596332260E-2
1.481223346E1,1.821786831E-3,2.124234974E-2,-5.927030146E-2,6.298829229E-2
1.482222046E1,-4.025337459E-3,2.455815956E-2,-2.777018130E-2,3.728926805E-2
1.483220746E1,-2.199029999E-2,2.366514355E-3,3.086101949E-2,3.796809460E-2
1.484219446E1,-2.463135025E-3,5.302839875E-3,8.931797326E-2,8.950914753E-2
1.485218146E1,-7.927467688E-3,3.097416312E-2,1.003171706E-1,1.052890224E-1
1.486216946E1,-4.920130474E-3,1.322669417E-2,9.911264420E-2,1.001122838E-1
1.487215646E1,1.902647428E-3,-1.170539483E-2,7.647690296E-2,7.739091046E-2
1.488214346E1,4.289682769E-2,4.473412335E-3,5.752256870E-2,7.189572417E-2
1.489213046E1,2.999836789E-2,6.186500341E-3,5.303249180E-2,6.124230604E-2
1.490211746E1,3.016438770E-2,2.798608974E-2,3.277422845E-2,5.260476742E-2
1.491210446E1,-3.225077474E-3,7.551386654E-3,5.907091141E-2,5.963888949E-2
1.492209146E1,6.873255819E-3,1.290626675E-2,6.686875820E-2,6.844884360E-2
1.493207846E1,1.977353831E-2,6.486170143E-3,6.232897997E-2,6.571122404E-2
1.494206546E1,1.783103845E-3,-1.203196183E-2,3.764729798E-2,3.956345043E-2
1.495205246E1,1.602666079E-2,-2.231779888E-2,4.282851577E-2,5.088437644E-2
1.496203946E1,-1.057004828E-2,-2.588255391E-2,2.354030550E-2,3.654830366E-2
1.497202646E1,-1.433563689E-2,-1.236042917E-2,2.900277436E-2,3.463309999E-2
1.498201346E1,1.923578633E-3,-9.399399161E-4,2.249482334E-2,2.259647580E-2
1.499200046E1,8.476690259E-3,-2.103784338E-2,5.604322314E-2,6.045897776E-2
1.500198746E1,-7.020614790E-3,1.242387146E-3,6.563616514E-2,6.602225937E-2
1.501197446E1,-3.450273849E-2,-1.447916776E-2,8.956647992E-2,9.706822131E-2
1.502196146E1,-1.446939195E-2,-2.357699677E-2,1.091207385E-1,1.125725262E-1
1.503194846E1,1.188595503E-2,-7.983934432E-3,8.718900204E-2,8.835689680E-2
1.504193546E1,3.743647845E-2,-4.320946187E-3,1.026654124E-2,3.905844804E-2
1.505192246E1,4.141940989E-2,-2.980895922E-2,-2.676972270E-2,5.762603247E-2
1.506190946E1,2.107130955E-2,-3.192477420E-2,-1.460868359E-2,4.094636651E-2
1.507189646E1,1.538331175E-2,2.929308861E-3,2.250067055E-2,2.741363358E-2
1.508188346E1,4.935689550E-3,2.054404601E-2,2.530908823E-2,3.296920995E-2
1.509187046E1,9.032486379E-3,-5.773540735E-3,4.975395799E-3,1.181838171E-2
1.510185746E1,2.691488896E-2,-2.129234344E-2,7.864505053E-3,3.520831687E-2
1.511184446E1,5.261158364E-2,-9.023130834E-3,2.455538213E-2,5.875680739E-2
1.512183246E1,3.388635060E-2,-1.795387566E-3,3.956576943E-2,5.212444997E-2
1.513181946E1,1.873316333E-2,-1.684553593E-2,1.450167954E-2,2.906892152E-2
1.514180646E1,4.045881285E-2,-2.639360055E-2,-2.165633261E-2,5.293896892E-2
1.515179346E1,5.574044701E-2,-1.989368945E-3,-3.086160421E-2,6.374475379E-2
1.516178046E1,6.397119789E-2,-4.186167866E-3,-6.289849877E-3,6.441583946E-2
1.517176746E1,6.493152997E-2,3.482309282E-3,-1.476421952E-3,6.504160118E-2
1.518175446E1,4.311607087E-2,2.743952125E-3,1.056533396E-2,4.447641085E-2
1.519174146E1,3.915545021E-2,-1.712064743E-2,5.235713840E-2,6.758354675E-2
1.520172846E1,7.200781208E-2,-3.030641109E-2,5.385753393E-2,9.489066084E-2
1.521171546E1,5.951036621E-2,-2.872240037E-2,2.577394187E-2,7.092782281E-2
1.522170246E1,2.811447266E-2,-2.208098665E-2,-1.894088566E-2,4.045677563E-2
1.523168946E1,2.043287583E-2,-3.662330434E-2,-2.042373955E-2,4.664652155E-2
1.524167646E1,2.567314136E-2,4.573107362E-3,7.232421041E-3,2.706162250E-2
1.525166346E1,2.824648269E-2,1.191165537E-2,1.883095801E-2,3.597716356E-2
1.526165046E1,3.052128713E-2,5.464076847E-3,1.297204792E-2,3.361069965E-2
1.527163746E1,5.017680761E-2,1.074484348E-2,4.674790442E-2,6.941563405E-2
1.528162446E1,6.718449871E-2,-2.001355737E-3,7.397254050E-2,9.994848193E-2
1.529161146E1,5.544008742E-2,-1.086310342E-2,1.048382378E-1,1.190910005E-1
1.530159846E1,6.403097197E-2,-5.269803107E-3,1.106170410E-1,1.279213272E-1
1.531158546E1,5.411984551E-2,9.615599960E-3,1.070163256E-1,1.203075699E-1
1.532157246E1,6.440887569E-2,1.490513742E-2,8.251590729E-2,1.057333502E-1
1.533156017E1,6.913100939E-2,-8.020771891E-3,9.322859108E-2,1.163400165E-1
1.534154717E1,5.734185319E-2,1.498378247E-2,9.633346260E-2,1.131049861E-1
1.535153417E1,3.676303452E-2,3.008874848E-2,9.271695971E-2,1.041791155E-1
1.536152117E1,1.134602861E-2,3.597835645E-2,5.752490759E-2,6.879163824E-2
1.537150817E1,1.192713222E-2,3.947689176E-2,3.713040411E-2,5.549187666E-2
1.538149517E1,1.191023924E-2,4.567391708E-2,2.193173647E-2,5.204768549E-2
1.539148217E1,2.066319217E-2,3.011754602E-2,2.059974074E-3,3.658247644E-2
1.540146917E1,1.098501787E-2,2.510823637E-2,6.754703522E-3,2.822623196E-2
1.541145617E1,-1.142279159E-2,5.371398479E-3,4.262093961E-2,4.445083332E-2
1.542144417E1,-1.253581823E-2,2.047987282E-3,4.917566836E-2,5.078963821E-2
1.543143117E1,2.226711083E-3,-1.393113747E-2,3.490436912E-2,3.764770666E-2
1.544141817E1,3.535916372E-2,-3.491489410E-2,1.547407150E-2,5.204581807E-2
1.545140517E1,2.178627784E-2,-5.312253892E-2,1.773694396E-2,6.009363714E-2
1.546139217E1,3.148031272E-2,-3.242178753E-2,2.796255469E-2,5.314213828E-2
1.547137917E1,1.744459231E-2,-2.665365547E-2,3.367996216E-4,3.185662545E-2
1.548136617E1,2.420697031E-2,-3.634205326E-2,-1.485485137E-2,4.612362579E-2
1.549135317E1,4.948387144E-2,-2.587290600E-2,-6.240733266E-3,5.618725433E-2
1.550134017E1,5.329139555E-2,-2.036746010E-2,-3.869044125E-2,6.893298568E-2
1.551132717E1,4.078058330E-2,-2.969128400E-2,-4.948440135E-2,7.066352876E-2
1.552131417E1,2.431038380E-2,-3.403094128E-2,-1.303461313E-2,4.380640209E-2
1.553130117E1,1.481047648E-2,-3.893792465E-2,-2.157154799E-2,4.691315245E-2
1.554128817E1,3.446155217E-2,-2.756070480E-2,-4.891020477E-2,6.587411599E-2
1.555127517E1,2.865514825E-2,-7.939787954E-3,-6.811129153E-2,7.431894636E-2
1.556126217E1,2.141189159E-2,-7.788345069E-3,-8.593302011E-2,8.890225738E-2
1.557124917E1,8.817610340E-3,-2.795056790E-2,-6.688922346E-2,7.302843770E-2
1.558123617E1,1.445755133E-2,-5.657049581E-2,-1.105825424E-2,5.942665037E-2
1.559122317E1,-6.127342964E-3,-5.686548784E-2,4.633742988E-2,7.360968311E-2
1.560121017E1,-1.624129929E-2,-4.727634653E-2,6.987305760E-2,8.591319412E-2
1.561119717E1,-3.070361062E-2,-3.196395054E-2,5.308687091E-2,6.915650152E-2
1.562118417E1,-2.775961063E-2,-2.372858584E-2,6.285698354E-2,7.269554421E-2
1.563117117E1,-2.127134828E-2,7.473326325E-3,5.977316201E-2,6.388389281E-2
1.564115817E1,-1.714472151E-2,2.811048925E-3,5.815465271E-2,6.069437457E-2
1.565114517E1,-1.088756123E-2,8.058924973E-4,5.936268747E-2,6.035823983E-2
1.566113217E1,-1.082485897E-2,9.372355789E-3,6.504501164E-2,6.660234353E-2
1.567111917E1,1.635402264E-3,5.146573037E-3,5.125026047E-2,5.153397863E-2
1.568110617E1,1.004597330E-2,1.053142011E-2,2.801985741E-2,3.157443267E-2
1.569109317E1,2.596419565E-3,1.307057351E-2,2.068043232E-2,2.460206429E-2
1.570108017E1,1.175716097E-2,-4.546063989E-3,4.676135302E-2,4.843058608E-2
1.571106717E1,6.864484996E-3,-3.032658398E-3,7.589335084E-2,7.626348322E-2
1.572105517E1,3.302240621E-2,-2.732754707E-2,1.001177806E-1,1.089075026E-1
1.573104217E1,6.016495286E-2,-3.270479277E-2,1.354302853E-1,1.517589774E-1
1.574102917E1,6.885361383E-2,-4.142869234E-2,1.445998889E-1,1.654275810E-1
1.575101617E1,4.385430926E-2,-4.006629109E-2,1.365687382E-1,1.489279302E-1
1.576100317E1,6.190435334E-2,-1.518960446E-2,1.001207042E-1,1.186887882E-1
1.577099017E1,4.981401986E-2,-9.441791475E-4,3.343964159E-2,6.000448049E-2
1.578097717E1,2.147218186E-2,1.715295330E-2,-1.082787395E-2,2.953847076E-2
1.579096417E1,1.124264253E-2,1.779161543E-2,-3.931667805E-3,2.141019856E-2
1.580095117E1,1.275095008E-2,2.952244565E-2,7.800770402E-3,3.309098886E-2
1.581093817E1,3.011392806E-2,3.174073309E-2,4.172046840E-2,6.045593671E-2
1.582092517E1,2.410742146E-2,-3.290666789E-3,5.920598209E-2,6.401050361E-2
1.583091217E1,6.964344475E-3,-2.135213122E-2,7.564776778E-2,7.891134501E-2
1.584089917E1,-8.115834827E-3,-2.538071662E-2,5.781785309E-2,6.366279673E-2
1.585088617E1,-1.840566443E-3,-7.659413964E-3,3.427637815E-2,3.516993612E-2
1.586087317E1,1.777955554E-3,8.205836266E-3,1.432275474E-2,1.660235460E-2
1.587086017E1,-7.651264407E-4,8.252760172E-3,2.704980433E-2,2.829108310E-2
1.588084717E1,1.985611196E-2,-1.114493921E-2,2.877063990E-2,3.669093311E-2
1.589083417E1,2.922012633E-2,-8.807222396E-3,7.126644909E-2,7.752605830E-2
1.590082117E1,3.218608079E-2,-7.270135581E-3,1.121379018E-1,1.168918632E-1
1.591080817E1,4.460496384E-2,-2.767399460E-2,1.203356981E-1,1.312864541E-1
1.592079517E1,3.146680931E-2,-3.757654667E-2,1.127881122E-1,1.229768889E-1
1.593078217E1,3.145770958E-2,-2.843530208E-2,7.585592866E-2,8.690383081E-2
1.594076917E1,3.386983221E-2,-6.768152118E-4,6.152440310E-2,7.023443450E-2
1.595075617E1,3.372430050E-2,-9.873754531E-3,4.991358697E-2,6.104249042E-2
1.596074317E1,2.861524100E-2,-1.104465947E-2,6.008774221E-2,6.746371828E-2
1.597073017E1,2.202796885E-2,-2.639418527E-2,8.576520503E-2,9.239888972E-2
1.598071717E1,1.038486513E-2,-4.067600951E-2,7.648041129E-2,8.724469316E-2
1.599070417E1,-1.029098078E-2,-3.623095617E-2,3.259179533E-2,4.980774631E-2
1.600069117E1,-8.633587500E-3,-4.648828804E-2,-1.354215145E-3,4.730257559E-2
1.601067817E1,8.724210206E-3,-3.634570777E-2,-7.984372973E-3,3.822136221E-2
1.602066517E1,4.453650573E-3,-3.938055888E-2,-2.296318531E-2,4.580361668E-2
1.603065317E1,-9.077299805E-3,-2.608925298E-2,-9.826245904E-3,2.931896317E-2
1.604064017E1,-2.372072864E-2,-2.532180592E-2,6.046605706E-3,3.521971413E-2
1.605062717E1,-1.721991305E-2,-5.096374691E-2,1.329364479E-2,5.541254277E-2
1.606061417E1,-6.153564071E-3,-6.416266680E-2,3.332620561E-2,7.256273246E-2
1.607060117E1,1.037482437E-2,-5.232980266E-2,3.962658048E-2,6.645533167E-2
1.608058817E1,-3.706860635E-4,-4.300393224E-2,3.489559829E-2,5.538211242E-2
1.609057517E1,-2.059451479E-2,-4.816526949E-2,1.267851770E-2,5.389593710E-2
1.610056217E1,-4.733092664E-3,-5.303804666E-2,1.674057841E-3,5.327512580E-2
1.611054917E1,5.344473878E-3,-5.720945030E-2,-3.840158880E-2,6.910981571E-2
1.612053617E1,3.905008156E-3,-6.420081988E-2,-2.029685497E-2,6.744595380E-2
1.613052317E1,-1.643949249E-2,-5.319606766E-2,7.454030514E-3,5.617509322E-2
1.614051017E1,-2.205477468E-2,-3.451918378E-2,4.709405959E-2,6.241664508E-2
1.615049717E1,1.989438381E-2,-3.239357471E-4,6.695939004E-2,6.985306977E-2
1.616048417E1,3.691521744E-2,2.037564620E-2,3.810571969E-2,5.683261484E-2
1.617047117E1,3.355772794E-2,3.110397130E-2,-5.923229456E-3,4.613743364E-2
1.618045817E1,2.838837817E-2,4.646709189E-2,-1.749194562E-2,5.719317097E-2
1.619044517E1,4.546368227E-2,4.529604077E-2,1.889761627E-2,6.690140220E-2
1.620043217E1,4.114143874E-2,3.257703111E-2,5.533454061E-2,7.626134224E-2
1.621041917E1,7.871137988E-3,3.213483542E-3,9.229069769E-2,9.268146617E-2
1.622040617E1,1.999391438E-3,4.312321544E-4,9.592591166E-2,9.594771522E-2
1.623039317E1,-1.490807016E-2,-2.155868411E-2,5.781259060E-2,6.347694895E-2
1.624038017E1,-4.325121464E-3,-1.869135574E-2,4.777350605E-2,5.148185442E-2
1.625036717E1,2.661542930E-3,-3.272101879E-3,4.984692872E-2,5.002506136E-2
1.626035417E1,-1.329852356E-2,8.032612503E-4,5.268984497E-2,5.434809767E-2
1.627034117E1,8.064086968E-3,-5.933169723E-3,6.438895404E-2,6.516263810E-2
1.628032817E1,8.669228107E-3,-1.278844535E-2,4.286009073E-2,4.555971058E-2
1.629031517E1,2.317596001E-2,-4.876139313E-3,2.100144446E-2,3.165379166E-2
1.630030217E1,4.892968331E-3,-1.725469485E-2,1.987877905E-2,2.677370893E-2
1.631028917E1,-1.590552293E-2,-4.503715530E-2,5.353710651E-3,4.806238898E-2
1.632027617E1,-1.240721603E-2,-3.744527668E-2,7.071622610E-3,4.007612258E-2
1.633026317E1,-1.487163470E-2,-1.353440389E-2,1.264694273E-2,2.375480515E-2
1.634025017E1,-1.021314885E-2,1.081851840E-2,-3.298648238E-2,3.618641692E-2
1.635023717E1,-2.113088720E-2,5.847069472E-3,-2.937641144E-2,3.665618862E-2
1.636022517E1,-1.821797795E-2,-6.064585894E-3,-4.760802984E-3,1.978229430E-2
1.637021217E1,-2.289784268E-2,-1.380995393E-2,3.312096834E-2,4.256788191E-2
1.638019917E1,-2.767857187E-2,-3.501400441E-2,5.477320790E-2,7.065541840E-2
1.639018617E1,-1.654814106E-2,-2.640134811E-2,5.371310771E-2,6.209645798E-2
1.640017317E1,-2.627238960E-2,-1.805707902E-2,2.520793140E-2,4.064155956E-2
1.641016017E1,4.550403720E-3,-1.787230700E-2,1.894907176E-2,2.644225505E-2
1.642014717E1,2.874612727E-2,-1.373291686E-2,6.178460419E-2,6.951453196E-2
1.643013417E1,2.967795418E-2,-1.814010948E-2,9.589667559E-2,1.020098864E-1
1.644012117E1,3.785552281E-2,-1.010208830E-2,7.936367333E-2,8.850810946E-2
1.645010817E1,3.056098424E-2,-2.287723124E-2,7.974725068E-2,8.841360448E-2
1.646009517E1,2.395905750E-2,-3.392013654E-2,6.879015326E-2,8.035357668E-2
1.647008217E1,3.552142396E-2,-3.320107520E-2,6.409893215E-2,8.045344030E-2
1.648006917E1,4.158187112E-2,-4.519795373E-2,5.832656085E-2,8.469884727E-2
1.649005617E1,4.694205025E-2,-4.783650979E-2,2.476997495E-2,7.145235762E-2
1.650004317E1,4.057942995E-2,-3.380670056E-2,3.538501024E-2,6.357422502E-2
1.651003017E1,3.286373653E-2,-2.755529612E-2,2.185455322E-2,4.813461353E-2
1.652001717E1,4.465294755E-2,-5.236985609E-2,3.067273915E-2,7.534788968E-2
1.653000417E1,5.263296252E-2,-3.558469266E-2,2.021616340E-2,6.667227578E-2
1.653999117E1,4.609222141E-2,-7.210493982E-3,2.903668821E-2,5.495100873E-2
1.654997817E1,3.482616261E-2,-1.114099234E-2,1.766911626E-2,4.061010935E-2
1.655996517E1,1.697952854E-2,-3.064233363E-3,-1.117227495E-2,2.055513665E-2
1.656995217E1,2.049207889E-2,-6.654131413E-4,2.392095923E-3,2.064195230E-2
1.657993917E1,2.290125964E-3,6.583087742E-3,2.360345542E-2,2.461107127E-2
1.658992617E1,1.068707482E-2,-2.976817489E-3,2.820930719E-2,3.031237409E-2
1.659991317E1,7.688567815E-3,1.293696463E-4,-3.487279415E-3,8.443454819E-3
1.660990017E1,-1.226917606E-2,-1.388216704E-2,-1.895199537E-2,2.650330869E-2
1.661988717E1,-2.243138105E-3,-5.235158354E-3,2.256323576E-2,2.327097247E-2
1.662987417E1,-1.729544263E-2,3.204288796E-2,9.348528385E-2,1.003263540E-1
1.663986117E1,-1.278469948E-2,4.959608316E-3,1.010322851E-1,1.019586626E-1
1.664984817E1,-2.364481534E-2,-1.579815343E-2,1.326856023E-1,1.356986662E-1
1.665983517E1,-1.929230332E-2,-4.090419710E-3,1.477141160E-1,1.490247783E-1
1.666982217E1,-8.255537599E-3,1.074455112E-2,1.471165305E-1,1.477392055E-1
1.667981017E1,1.127604475E-2,1.079483718E-2,1.002563596E-1,1.014643550E-1
1.668979717E1,1.753293095E-2,1.735219717E-2,7.471689105E-2,7.868364648E-2
1.669978417E1,2.444649601E-2,2.276481852E-2,3.393373132E-2,4.761686939E-2
1.670977117E1,2.709248900E-2,3.039411932E-2,4.264959097E-3,4.093892189E-2
1.671975817E1,9.429832092E-3,2.932407886E-2,1.326148510E-3,3.083150992E-2
1.672974517E1,1.302424346E-2,2.640324846E-2,6.503857970E-3,3.015066526E-2
1.673973217E1,8.717312319E-3,1.030717939E-2,9.207610488E-3,1.634042753E-2
1.674971917E1,2.156603881E-2,-9.622616619E-3,2.109792352E-2,3.166719371E-2
1.675970617E1,1.006530566E-2,-4.223970115E-2,1.878008723E-2,4.730955937E-2
1.676969317E1,-8.927090317E-3,-3.980360493E-2,1.643067598E-2,4.397711928E-2
1.677968017E1,-9.636193123E-3,-5.841690034E-2,3.528151453E-2,6.892151863E-2
1.678966717E1,1.051323893E-2,-7.135196462E-2,7.277678490E-2,1.024601946E-1
1.679965417E1,2.998486904E-2,-4.956889361E-2,1.180880284E-1,1.315330759E-1
1.680964117E1,1.000974798E-2,-5.654725313E-2,9.746548355E-2,1.131251845E-1
1.681962817E1,6.450968077E-3,-6.245118678E-2,4.789688230E-2,7.896756963E-2
1.682961517E1,3.013742656E-2,-3.358041331E-2,1.129038870E-2,4.651216523E-2
1.683960217E1,1.977001171E-2,-7.543346733E-3,-7.432980537E-3,2.242776499E-2
1.684958917E1,2.929688931E-2,-1.553999886E-2,-3.438162804E-2,4.776919126E-2
1.685957617E1,2.964113499E-2,-1.544088855E-2,-2.922262967E-2,4.439572060E-2
1.686956317E1,2.672128217E-2,-2.853485093E-2,-1.083898365E-2,4.056782229E-2
1.687955017E1,3.577155688E-2,-3.850084528E-2,3.289935887E-2,6.200231595E-2
1.688953717E1,4.123749753E-2,-1.016172990E-2,4.600998580E-2,6.261557914E-2
1.689952417E1,6.534298666E-2,1.929581165E-3,-2.975063324E-3,6.543913349E-2
1.690951117E1,8.343041182E-2,1.214130476E-2,-4.407748103E-2,9.513605642E-2
1.691949817E1,7.261310854E-2,6.855567992E-3,-2.363912344E-2,7.667118430E-2
1.692948517E1,7.470606457E-2,2.038646355E-2,-3.251051903E-4,7.743842504E-2
1.693947217E1,8.320491029E-2,1.387193441E-2,2.307837546E-2,8.745341088E-2
1.694945917E1,7.074770057E-2,-3.992917389E-3,2.665862560E-2,7.570906712E-2
1.695944617E1,4.374517646E-2,-3.366753682E-2,3.579431534E-2,6.579039831E-2
1.696943317E1,5.943723033E-2,-4.615221933E-2,6.231845498E-2,9.770568832E-2
1.697942017E1,6.936366462E-2,-4.390966594E-2,8.538864434E-2,1.184508223E-1
1.698940817E1,4.394061964E-2,-2.997560486E-2,7.817493439E-2,9.455493275E-2
1.699939517E1,4.895140023E-2,-1.990684569E-2,4.603980660E-2,7.008698796E-2
1.700938217E1,4.022031041E-2,-7.661460489E-3,2.701939881E-2,4.905526738E-2
1.701936917E1,4.424433681E-2,-3.861793578E-3,2.098975003E-2,4.912274825E-2
1.702935617E1,2.206349068E-2,-1.944199204E-5,8.893615007E-4,2.208141669E-2
1.703934317E1,2.901348207E-2,-8.714982569E-3,-1.814098656E-2,3.531045817E-2
1.704933017E1,2.064377759E-2,-7.798723876E-4,1.289603412E-2,2.435326364E-2
1.705931717E1,1.200287193E-3,3.418282270E-3,5.692147493E-2,5.703665183E-2
1.706930417E1,4.939444559E-3,-4.517997354E-3,9.866650164E-2,9.889332110E-2
1.707929117E1,3.684878759E-2,6.727513969E-3,1.314945245E-1,1.367256470E-1
1.708927817E1,4.205324806E-2,3.537711650E-3,1.145861310E-1,1.221104930E-1
1.709926517E1,1.471503896E-2,1.006057307E-2,6.659978628E-2,6.894402827E-2
1.710925217E1,1.518223149E-2,7.526097447E-3,4.320975423E-2,4.641363115E-2
1.711923917E1,2.418264954E-2,-2.780351043E-3,4.055745721E-2,4.730156685E-2
1.712922617E1,4.290713341E-2,7.718032300E-3,1.126466095E-2,4.502757718E-2
1.713921317E1,1.355207345E-2,3.101509362E-3,-2.563594759E-2,2.916298791E-2
1.714920017E1,7.505449466E-4,3.582589030E-3,-4.726830661E-2,4.740982042E-2
1.715918717E1,-2.935719785E-2,2.309591711E-2,-6.069994569E-2,7.127236392E-2
1.716917417E1,-6.634371478E-2,4.121409953E-3,-3.466814160E-2,7.496902396E-2
1.717916117E1,-5.203296511E-2,-5.809501112E-3,7.065775394E-3,5.283090897E-2
1.718914817E1,-1.307799216E-2,-2.060120255E-3,1.827664196E-2,2.256797767E-2
1.719913517E1,-7.971015740E-3,8.106579781E-3,-6.882757545E-3,1.329007446E-2
1.720912217E1,-6.789129004E-3,1.952078328E-2,-1.254286230E-2,2.417595183E-2
1.721910917E1,6.343772169E-3,3.243874446E-2,3.091656804E-2,4.525869824E-2
1.722909617E1,3.177172333E-2,2.390078634E-2,8.580613554E-2,9.456946064E-2
1.723908317E1,5.007752828E-2,1.093166202E-2,1.000376737E-1,1.124046095E-1
1.724907017E1,4.137397519E-2,-1.443765253E-2,9.345487833E-2,1.032185348E-1
1.725905717E1,-4.868720658E-3,-7.219118625E-3,8.897474170E-2,8.939980299E-2
1.726904417E1,-1.553119149E-2,1.749925464E-3,8.687851489E-2,8.827319240E-2
1.727903117E1,-8.792010499E-3,5.961528718E-3,3.795427680E-2,3.941276951E-2
1.728901817E1,4.057912845E-3,1.969576120E-2,3.340221941E-2,3.898843326E-2
1.729900617E1,-9.434610363E-3,4.068521887E-2,4.687888205E-2,6.278477912E-2
1.730899317E1,7.284214580E-3,5.420325056E-2,8.681653440E-2,1.026068360E-1
1.731898017E1,7.843244942E-3,5.066203058E-2,1.350934857E-1,1.444936252E-1
1.732896696E1,2.925327273E-2,4.595356017E-2,1.347479153E-1,1.453426446E-1
1.733895396E1,3.768414457E-2,4.813632578E-2,8.659024715E-2,1.059956203E-1
1.734894096E1,-2.542440629E-2,1.812753797E-2,2.858762205E-2,4.233509421E-2
1.735892796E1,-7.185806855E-2,2.388909191E-2,-6.369956732E-3,7.599241460E-2
1.736891496E1,-8.926378601E-2,2.072457880E-2,-1.317202270E-2,9.257987817E-2
1.737890196E1,-7.982491815E-2,2.039391875E-2,-1.458997250E-2,8.367076417E-2
1.738888896E1,-4.940232106E-2,7.613951862E-3,3.984877467E-3,5.014420043E-2
1.739887596E1,-2.408394123E-2,9.849050045E-3,7.093549669E-2,7.555716182E-2
1.740886296E1,-6.391920336E-4,1.113806874E-2,1.268109047E-1,1.273007098E-1
1.741884996E1,-2.721147071E-2,-3.470103219E-2,1.399922830E-1,1.467735162E-1
1.742883696E1,-3.771995877E-2,-4.122710958E-2,1.275991094E-1,1.392982504E-1
1.743882396E1,-4.553990621E-2,-2.211577758E-2,9.252867937E-2,1.054729690E-1
1.744881096E1,-3.558447339E-2,-1.379869804E-2,2.005711913E-2,4.311550581E-2
1.745879796E1,-9.025250450E-3,-6.978505701E-3,-2.228432357E-2,2.503489094E-2
1.746878496E1,-2.615517120E-2,2.303510606E-3,-4.027562141E-2,4.807831967E-2
1.747877196E1,-1.279161564E-2,-7.427718043E-3,1.058346033E-3,1.482958268E-2
1.748875896E1,-1.999016851E-3,-3.129868358E-3,2.492843449E-2,2.520355115E-2
1.749874596E1,-2.031223132E-2,-1.912814274E-2,1.272704959E-2,3.066676340E-2
1.750873296E1,-3.043937129E-2,-2.471267223E-2,4.546794891E-3,3.947080994E-2
1.751871996E1,-3.455750132E-2,-2.638278320E-2,7.092672586E-3,4.405199373E-2
1.752870696E1,-2.788199103E-2,6.512774974E-3,-2.827713490E-3,2.877181998E-2
1.753869396E1,-4.189576610E-2,-1.912638858E-2,1.145820379E-2,4.745908123E-2
1.754868096E1,-5.706116857E-2,-1.089190096E-2,1.162426472E-3,5.810302660E-2
1.755866796E1,-5.940245767E-2,-7.553140819E-4,-7.206108570E-3,5.984271449E-2
1.756865496E1,-4.407997523E-2,-1.822255522E-2,-1.453910172E-2,4.986472916E-2
1.757864196E1,-2.393462710E-2,-4.135779485E-2,-3.958155692E-2,6.204863590E-2
1.758862896E1,-1.710906263E-2,-4.255954385E-2,-4.115445793E-2,6.162567812E-2
1.759861596E1,-1.608772765E-2,-5.114033282E-2,7.906605005E-3,5.419098656E-2
1.760860396E1,-2.605957836E-3,-5.610754251E-2,8.467937708E-3,5.680275796E-2
1.761859096E1,1.930804512E-2,-5.756949261E-2,1.956946135E-2,6.379663708E-2
1.762857796E1,4.070692666E-2,-4.823075831E-2,2.707085431E-2,6.867380198E-2
1.763856496E1,5.738375215E-2,-1.919816315E-2,8.891860843E-3,6.115986975E-2
1.764855196E1,5.124798554E-2,-2.418247595E-2,2.233344018E-2,6.090920058E-2
1.765853896E1,4.381628408E-2,5.202413946E-3,6.248159230E-2,7.649105332E-2
1.766852596E1,2.813863811E-2,1.223749146E-2,1.051539874E-1,1.095394916E-1
1.767851296E1,3.204280573E-2,2.094034106E-2,1.188043123E-1,1.248186842E-1
1.768849996E1,6.110799911E-2,2.284828752E-2,1.434602666E-1,1.575978423E-1
1.769848696E1,7.460993269E-2,1.912302643E-2,1.219302338E-1,1.442196731E-1
1.770847396E1,5.815630638E-2,3.762142405E-2,1.369885683E-2,7.060585102E-2
1.771846096E1,2.960513807E-2,4.396813810E-3,-3.391677439E-2,4.523432056E-2
1.772844796E1,4.829254693E-2,-8.070765585E-3,-1.368950129E-2,5.084004123E-2
1.773843496E1,3.646610560E-2,-2.038427085E-2,1.798077285E-2,4.548190352E-2
1.774842196E1,-8.483761735E-4,-3.133025855E-2,4.869327307E-2,5.790802781E-2
1.775840896E1,-1.920928200E-2,-2.223681495E-2,5.178411126E-2,5.954046215E-2
1.776839596E1,-1.194393382E-2,-7.771095783E-3,3.958155692E-2,4.206836261E-2
1.777838296E1,2.461906197E-2,3.018625081E-3,1.639149964E-2,2.973031399E-2
1.778836996E1,2.708936440E-2,1.487166211E-2,2.486002207E-2,3.966132492E-2
1.779835696E1,2.378033370E-2,-7.984226793E-3,3.505405784E-2,4.310497789E-2
1.780834396E1,1.799972149E-2,-1.821992397E-2,5.657648921E-2,6.210358069E-2
1.781833096E1,1.490373043E-3,-2.689178333E-2,5.729043424E-2,6.330547431E-2
1.782831796E1,3.353859658E-2,-3.330559418E-2,2.929338098E-2,5.560757352E-2
1.783830496E1,6.231314681E-2,-2.084342346E-2,5.536143780E-3,6.593955910E-2
1.784829196E1,4.915743235E-2,-3.954910487E-2,-6.044851542E-3,6.338079427E-2
1.785827896E1,3.559594855E-2,-4.297674268E-2,2.734684289E-2,6.214436242E-2
1.786826596E1,7.590252366E-3,-2.606557176E-2,8.188557744E-2,8.626861396E-2
1.787825296E1,-2.283532315E-2,-3.207139313E-2,7.290893197E-2,8.285975261E-2
1.788823996E1,-1.713688259E-2,-4.672129959E-2,5.839965105E-2,7.672725606E-2
1.789822696E1,3.075529452E-2,-2.781578958E-2,1.721010983E-2,4.489759650E-2
1.790821496E1,4.057651548E-2,-3.224417835E-2,-3.832323611E-2,6.445782398E-2
1.791820196E1,1.828825417E-2,-2.138955340E-2,-7.959113002E-2,8.441991005E-2
1.792818896E1,2.219283292E-3,-4.211457074E-4,-8.263343632E-2,8.266430536E-2
1.793817596E1,3.741347331E-2,1.298081875E-4,-5.358388424E-2,6.535302200E-2
1.794816296E1,-2.179293819E-2,-3.468524471E-2,-1.514721215E-2,4.367420739E-2
1.795814996E1,-6.080235419E-2,-2.556870461E-2,-5.100526214E-3,6.615663457E-2
1.796813696E1,4.061265858E-3,-2.220290110E-2,-1.943439066E-2,2.978520166E-2
1.797812396E1,2.363919653E-2,-1.548752010E-2,-2.433143377E-2,3.729200398E-2
1.798811096E1,4.255498485E-2,-7.912744582E-3,-2.461677790E-2,4.979481917E-2
1.799809796E1,3.796465561E-2,-1.592343003E-3,2.146278977E-2,4.364060009E-2
1.800808496E1,2.557885501E-2,-1.141668856E-4,1.039617401E-1,1.070622915E-1
1.801807196E1,4.944139690E-2,1.235516667E-2,1.345847780E-1,1.439102648E-1
1.802805896E1,5.545304722E-2,1.219583005E-2,1.418715781E-1,1.528113981E-1
1.803804596E1,3.507166344E-2,-2.206446826E-3,9.955937147E-2,1.055791572E-1
1.804803296E1,4.356369350E-2,-1.892290547E-2,7.218563139E-2,8.640970503E-2
1.805801996E1,4.415532209E-2,-2.423948631E-2,5.020887136E-2,7.112085439E-2
1.806800696E1,4.960353836E-2,-1.663693652E-2,3.444536269E-2,6.264009647E-2
1.807799396E1,4.573662847E-2,-1.451425105E-2,2.668669224E-2,5.490612179E-2
1.808798096E1,3.826501977E-2,-6.578117609E-4,4.673387110E-2,6.040446310E-2
1.809796796E1,1.875379303E-2,-2.148997933E-3,1.011825585E-1,1.029282910E-1
1.810795496E1,-9.171714066E-3,-1.788809448E-3,1.131675965E-1,1.135527413E-1
1.811794196E1,1.425756742E-2,6.415857375E-3,9.354843378E-2,9.484593253E-2
1.812792896E1,1.638666655E-2,2.414651558E-2,7.086474538E-2,7.663804012E-2
1.813791596E1,-3.852584213E-3,3.246666491E-3,7.221194386E-2,7.238748569E-2
1.814790296E1,3.946505114E-4,1.090783462E-2,7.020810306E-2,7.105149077E-2
1.815788996E1,1.757092872E-2,-9.599227756E-3,7.001339078E-2,7.282003569E-2
1.816787696E1,2.117921809E-2,-4.671048224E-3,6.331248164E-2,6.692419818E-2
1.817786396E1,1.504576296E-2,-1.490206763E-2,5.369322717E-2,5.771836144E-2
1.818785096E1,1.950643932E-2,-2.932013199E-2,6.002810061E-2,6.959557585E-2
1.819783796E1,1.059332751E-3,-2.512957871E-2,3.126506209E-2,4.012632577E-2
1.820782496E1,-4.193851473E-3,-1.631066188E-2,3.846883178E-3,1.727497008E-2
1.821781296E1,-1.521137620E-2,-2.205832869E-2,-2.842214584E-2,3.906115980E-2
1.822779996E1,-1.809530519E-3,-1.927812383E-2,-5.901068509E-2,6.210621075E-2
1.823778696E1,1.760058506E-2,-1.783941641E-2,-7.327672184E-2,7.744354935E-2
1.824777396E1,2.103974372E-2,-1.202246010E-2,-3.916757405E-2,4.605767275E-2
1.825776096E1,2.433393711E-2,-1.392061248E-2,5.487027168E-3,2.856626357E-2
1.826774796E1,4.371880917E-2,-1.241261557E-2,3.812267661E-2,5.931901695E-2
1.827773496E1,5.766294756E-2,-2.447951451E-2,3.245146215E-2,7.055040430E-2
1.828772196E1,6.086755064E-2,-2.083611444E-2,2.964245975E-2,7.083556879E-2
1.829770896E1,6.406141860E-2,-2.900803685E-2,5.189403892E-2,8.739749899E-2
1.830769596E1,4.575727645E-2,-2.860706404E-2,4.397164643E-2,6.961033078E-2
1.831768296E1,3.885493987E-2,-4.082233608E-3,2.726264298E-2,4.764055715E-2
1.832766996E1,3.130578247E-2,2.055734843E-3,2.747080386E-2,4.170039720E-2
1.833765654E1,1.281550700E-2,-1.789598823E-2,4.578077495E-2,5.079747011E-2
1.834764354E1,-5.481490586E-4,-5.723108500E-3,8.309302747E-2,8.329169018E-2
1.835763054E1,1.018837128E-2,-5.672822446E-3,8.029338062E-2,8.113575534E-2
1.836761754E1,1.835591742E-2,4.753347784E-3,9.592708111E-2,9.778312180E-2
1.837760454E1,2.821334543E-2,-6.540987790E-3,1.058018589E-1,1.096941691E-1
1.838759154E1,1.150496325E-2,-9.351890534E-3,1.203941703E-1,1.213036614E-1
1.839757854E1,1.395567751E-2,-1.218559742E-2,9.541486502E-2,9.719694535E-2
1.840756554E1,1.660715226E-2,1.415567055E-2,6.122210205E-2,6.499481744E-2
1.841755254E1,1.509541861E-2,-1.512411565E-2,1.067292273E-2,2.388559852E-2
1.842753954E1,1.426671283E-2,-7.754431218E-3,7.455199957E-4,1.625503302E-2
1.843752654E1,3.568628803E-4,1.534967199E-2,-2.287430763E-2,2.754947787E-2
1.844751354E1,1.086271970E-2,-3.639891744E-4,1.002739012E-2,1.478782337E-2
1.845750054E1,6.412257683E-3,-1.225956470E-2,3.062186837E-2,3.360227370E-2
1.846748754E1,1.326449093E-2,-1.158684254E-2,5.186304867E-2,5.477204996E-2
1.847747454E1,2.554497770E-2,-3.049732268E-2,8.728781998E-2,9.592599279E-2
1.848746154E1,3.140957968E-2,-4.585254952E-2,8.286498606E-2,9.977787284E-2
1.849744854E1,1.884669067E-2,-3.871222213E-2,4.122988701E-2,5.961323238E-2
1.850743554E1,1.597387140E-2,-3.566143736E-2,-1.195755601E-3,3.909389356E-2
1.851742254E1,8.137771022E-3,-3.210092157E-2,-4.010897577E-2,5.201367532E-2
1.852741054E1,1.630810373E-2,-1.872439250E-2,-5.293075025E-2,5.846555776E-2
1.853739754E1,4.533569220E-2,-2.564091772E-2,-3.243099689E-2,6.135593866E-2
1.854738454E1,5.119919783E-2,-3.191454157E-2,2.104412913E-3,6.036823980E-2
1.855737154E1,4.833122992E-2,-4.498175293E-2,5.161629617E-2,8.380637155E-2
1.856735854E1,4.707482773E-2,-2.308626920E-2,6.311426103E-2,8.205135695E-2
1.857734554E1,4.717355431E-2,-2.153792650E-2,6.282248497E-3,5.223689453E-2
1.858733254E1,4.610230786E-2,-1.482356876E-2,-7.365152836E-3,4.898373666E-2
1.859731954E1,3.478402611E-2,4.382488132E-4,-1.042207718E-2,3.631446306E-2
1.860730654E1,2.854345730E-2,2.097103894E-2,-3.762215495E-2,5.167146187E-2
1.861729354E1,2.882933132E-2,3.302068859E-2,-3.743562877E-2,5.764479613E-2
1.862728054E1,3.247945569E-2,1.769455165E-2,2.029568553E-2,4.218918169E-2
1.863726754E1,2.501429720E-2,1.180465132E-2,8.639202654E-2,9.071189066E-2
1.864725454E1,2.337457348E-2,1.199410111E-2,9.435593426E-2,9.794524734E-2
1.865724154E1,2.545800037E-2,-1.342623040E-2,8.747493088E-2,9.208820217E-2
1.866722854E1,2.535816830E-2,-2.729699537E-2,4.515395343E-2,5.854094436E-2
1.867721554E1,2.966295241E-2,-1.708921865E-2,2.668493807E-2,4.340527687E-2
1.868720254E1,2.542189381E-2,-6.730291396E-3,5.867680907E-2,6.430036882E-2
1.869718954E1,2.481475183E-2,1.125852138E-2,1.111690181E-1,1.144599354E-1
1.870717654E1,9.931230834E-3,2.077574193E-2,1.503751838E-1,1.521280931E-1
1.871716354E1,-2.690081910E-2,9.516635835E-3,1.629461128E-1,1.654256815E-1
1.872715054E1,-5.249319579E-2,3.852291852E-3,1.414611036E-1,1.509358128E-1
1.873713754E1,-4.138368705E-2,1.223778382E-2,9.810575366E-2,1.071779446E-1
1.874712454E1,-3.580870497E-2,1.644017771E-2,1.600324452E-2,4.252818630E-2
1.875711154E1,-2.459211909E-2,4.977296144E-3,-2.628615797E-2,3.633879331E-2
1.876709854E1,-1.418436759E-2,5.874697566E-3,-3.888106048E-2,4.180245471E-2
1.877708554E1,1.746278264E-2,-9.538855255E-3,2.207265437E-2,2.971768174E-2
1.878707254E1,2.620056021E-2,7.833807170E-4,6.086249828E-2,6.626708639E-2
1.879705954E1,2.482915973E-2,-1.059997872E-2,6.532977104E-2,7.068822891E-2
1.880704654E1,2.564649085E-2,-3.016417757E-2,6.010352969E-3,4.004677819E-2
1.881703354E1,2.592645370E-2,6.896790862E-4,-4.159650743E-2,4.901965003E-2
1.882702054E1,3.271120643E-2,3.173137754E-3,-9.186677456E-2,9.756841752E-2
1.883700754E1,2.539943685E-2,2.619844973E-3,-9.380805016E-2,9.722111527E-2
1.884699454E1,1.691436863E-2,1.047046289E-2,-6.994147003E-2,7.271544326E-2
1.885698154E1,3.091636704E-2,-1.689099804E-2,-2.932846427E-2,4.583979038E-2
1.886696954E1,2.937022618E-2,-3.006038949E-2,4.320916951E-2,6.027660849E-2
1.887695654E1,4.710930803E-2,-4.630790144E-2,7.436138034E-2,9.946518750E-2
1.888694354E1,4.868779130E-2,-3.225455716E-2,6.166415155E-2,8.493129615E-2
1.889693054E1,3.854149257E-2,-3.705760628E-2,1.506535113E-2,5.554887611E-2
1.890691754E1,1.314337134E-2,-3.067668602E-2,6.227869391E-3,3.394986940E-2
1.891690454E1,-1.352023353E-2,5.793128908E-3,1.882686496E-2,2.389158641E-2
1.892689154E1,-1.026757364E-2,-1.258437753E-2,7.394798219E-2,7.571059171E-2
1.893687854E1,2.499940507E-2,-2.502608299E-3,1.304034340E-1,1.328016902E-1
1.894686554E1,-1.639495315E-3,2.828868315E-2,1.173840237E-1,1.207557309E-1
1.895685254E1,7.175904047E-4,3.778324574E-2,5.027026713E-2,6.289028822E-2
1.896683954E1,-8.771554381E-3,2.930069000E-2,4.830735683E-2,5.717579317E-2
1.897682654E1,1.024377365E-3,1.598555669E-2,7.560566783E-2,7.728392058E-2
1.898681354E1,3.342551691E-3,2.659284443E-2,9.162353039E-2,9.546320415E-2
1.899680054E1,-5.252855318E-3,2.888787657E-2,8.853795469E-2,9.327953324E-2
1.900678754E1,-1.662720638E-2,1.804275334E-2,5.970182598E-2,6.454698262E-2
1.901677454E1,-9.518718906E-3,2.122071505E-2,4.650349081E-2,5.199518645E-2
1.902676154E1,4.619206262E-2,3.728710949E-2,1.984720409E-2,6.259350360E-2
1.903674854E1,3.895963244E-2,2.746992677E-2,-8.994187117E-3,4.851128981E-2
1.904673554E1,2.881281294E-2,1.752293587E-2,1.635407746E-2,3.747915848E-2
1.905672254E1,2.478322254E-2,3.916465044E-3,5.073745966E-2,5.660244368E-2
1.906670954E1,1.311091930E-3,-2.172635302E-2,5.301261127E-2,5.730698327E-2
1.907669654E1,-2.482632749E-2,-3.468509853E-2,5.748280764E-2,7.157985590E-2
1.908668354E1,-3.389090046E-2,-5.699982762E-2,6.832705379E-2,9.521638390E-2
1.909667054E1,-7.961011520E-3,-4.211457074E-2,2.517986476E-2,4.970956007E-2
1.910665754E1,-1.601122962E-2,-2.514902070E-2,-2.191361010E-2,3.700052735E-2
1.911664454E1,-3.252195764E-2,-2.684164345E-2,-2.658787429E-2,4.985044244E-2
1.912663154E1,-5.768798095E-2,-2.068920314E-2,-2.719773889E-2,6.704970748E-2
1.913661854E1,-6.272767785E-2,-2.424928039E-2,1.898006201E-3,6.727846309E-2
1.914660554E1,-4.312936415E-2,1.602122471E-2,1.777202725E-2,4.932207057E-2
1.915659254E1,-6.505394692E-2,3.158914402E-2,1.098808765E-2,7.314798767E-2
1.916657954E1,-4.845195665E-2,2.018853530E-2,7.949289680E-3,5.308823097E-2
1.917656654E1,-2.964169230E-2,3.119606495E-2,3.341157496E-2,5.448080150E-2
1.918655454E1,-2.484750537E-2,2.981173664E-2,1.908063412E-2,4.324591036E-2
1.919654154E1,2.259400673E-3,2.368502408E-2,2.002963722E-2,3.110099073E-2
1.920652854E1,2.933966534E-2,2.679632753E-2,3.925937533E-2,5.585837165E-2
1.921651554E1,3.905820371E-2,2.758409366E-2,7.230725348E-2,8.668774080E-2
1.922650254E1,3.235376797E-2,3.308617741E-2,9.914129555E-2,1.094095879E-1
1.923648954E1,3.295821475E-2,3.371066004E-2,1.365096813E-1,1.444214168E-1
1.924647654E1,3.576528939E-2,3.439332247E-2,1.420294529E-1,1.504474063E-1
1.925646354E1,3.817586800E-2,3.349621341E-2,1.035799170E-1,1.153611391E-1
1.926645054E1,3.003398566E-2,2.319151908E-3,7.143251002E-2,7.752433326E-2
1.927643754E1,2.461425629E-2,1.426033571E-2,3.808993220E-2,4.754010646E-2
1.928642454E1,6.629746696E-3,1.599125773E-2,5.306991398E-2,5.582194582E-2
1.929641154E1,-5.493038837E-3,-1.783736989E-2,7.848892987E-2,8.067748975E-2
1.930639854E1,-2.279802888E-2,-6.729706675E-3,5.433408201E-2,5.930625212E-2
1.931638554E1,-2.030276614E-2,-2.016543880E-2,4.318636537E-2,5.180646088E-2
1.932637254E1,-3.707010470E-2,-2.764855921E-3,3.265202165E-2,4.947718271E-2
1.933636008E1,-2.749372677E-2,2.063687056E-2,7.032446265E-3,3.508904015E-2
1.934634708E1,5.600627605E-3,1.774410680E-2,-2.500386357E-2,3.116750791E-2
1.935633408E1,2.055489077E-2,-1.621652171E-2,-3.543003380E-2,4.405413041E-2
1.936632108E1,4.329784619E-2,-1.135646224E-2,-1.301824093E-2,4.661702818E-2
1.937630808E1,2.329371745E-2,-7.027037591E-3,7.770364881E-3,2.554124312E-2
1.938629508E1,2.382383150E-2,-1.127577066E-2,1.787669241E-2,3.184798397E-2
1.939628208E1,1.588506681E-2,-3.512232408E-2,1.995011508E-2,4.340414828E-2
1.940626908E1,4.167094979E-2,-2.873614132E-2,3.448512375E-2,6.124914396E-2
1.941625608E1,5.408695492E-2,-1.733670205E-2,5.331257343E-2,7.789859059E-2
1.942624308E1,5.414879836E-2,2.560495734E-3,5.491587996E-2,7.716477418E-2
1.943623008E1,4.440730054E-2,1.075756118E-2,3.107210398E-2,5.525585136E-2
1.944621708E1,2.237410574E-2,-3.146825284E-3,1.818659484E-2,2.900440224E-2
1.945620408E1,1.294777284E-2,-1.296883196E-2,-5.869435072E-3,1.924280884E-2
1.946619108E1,1.315833656E-2,-1.030323252E-2,-2.372332335E-2,2.901886442E-2
1.947617808E1,6.626594681E-3,-1.037661508E-2,-4.185612381E-2,4.362935935E-2
1.948616508E1,-6.695692325E-3,-1.143335313E-2,-5.507550895E-2,5.664684939E-2
1.949615208E1,4.881611941E-3,5.000831187E-4,-2.612243593E-2,2.657935058E-2
1.950613908E1,6.884091441E-3,1.013761014E-2,1.656048417E-2,2.060124973E-2
1.951612608E1,2.487189922E-2,1.325987712E-2,6.938072205E-2,7.488738414E-2
1.952611308E1,4.130879701E-2,7.614536583E-3,7.797612906E-2,8.857016755E-2
1.953610108E1,2.129145722E-2,1.554014504E-2,4.743319809E-2,5.426537146E-2
1.954608808E1,1.413435563E-2,2.686108544E-2,6.267981291E-2,6.964234966E-2
1.955607508E1,4.902407929E-2,2.155634522E-2,6.346158564E-2,8.303860080E-2
1.956606208E1,4.846915112E-2,-4.313052446E-3,5.367627025E-2,7.245000358E-2
1.957604908E1,4.280713689E-2,-1.500030085E-2,5.522870600E-2,7.146796458E-2
1.958603608E1,2.517299429E-2,-2.376425385E-2,7.109980345E-2,7.907971581E-2
1.959602308E1,2.271752916E-3,-3.854002163E-2,6.980756879E-2,7.977211786E-2
1.960601008E1,1.225205468E-2,-3.164761618E-2,5.085849702E-2,6.114140310E-2
1.961599708E1,8.735374734E-4,-1.998490602E-2,2.677849352E-2,3.342524871E-2
1.962598408E1,-3.035472371E-3,-1.686059251E-2,-1.565358102E-2,2.320621191E-2
1.963597108E1,3.957094057E-3,2.141148046E-2,-6.303415418E-2,6.668893972E-2
1.964595808E1,-5.003453298E-3,3.494310692E-2,-6.561920822E-2,7.451131292E-2
1.965594508E1,9.075499959E-3,1.763242498E-2,3.924066424E-3,2.021547446E-2
1.966593208E1,1.908867404E-2,1.815779731E-2,4.895347416E-2,5.559249691E-2
1.967591908E1,1.153305729E-2,-1.804231480E-2,4.969490111E-2,5.411210336E-2
1.968590608E1,8.050775416E-3,2.403497994E-3,3.819985986E-2,3.911292728E-2
1.969589308E1,-3.621493114E-2,-1.287703067E-2,3.154514372E-2,4.972358846E-2
1.970588008E1,-3.985281290E-2,-2.663348258E-2,1.655931473E-2,5.071291744E-2
1.971586708E1,6.406611465E-3,-1.322289348E-2,3.444302380E-2,3.744611423E-2
1.972585408E1,1.491401788E-2,-2.281378895E-2,2.751114964E-2,3.872673818E-2
1.973584108E1,-4.554085638E-3,-2.953530952E-2,3.106391788E-2,4.310500201E-2
1.974582808E1,-1.349921096E-3,-5.094386637E-4,4.995568693E-2,4.997651920E-2
1.975581508E1,9.166013030E-3,1.075814590E-2,3.356360257E-2,3.641797517E-2
1.976580208E1,-6.704718964E-3,1.539060250E-2,2.020914674E-2,2.627229555E-2
1.977578908E1,-5.642718421E-3,5.596223921E-3,4.267473400E-2,4.340841986E-2
1.978577608E1,-3.757566959E-4,1.619079396E-2,6.199861228E-2,6.407894293E-2
1.979576308E1,-2.547068152E-2,-2.143296897E-3,8.339766741E-2,8.722683227E-2
1.980575008E1,-2.041118631E-2,-1.155322105E-2,1.082413173E-1,1.107532221E-1
1.981573708E1,-3.448897926E-3,-2.987342477E-3,9.836303115E-2,9.846880221E-2
1.982572408E1,9.440329671E-4,8.313571215E-3,7.182895124E-2,7.231462439E-2
1.983571108E1,-5.067078313E-3,-4.701892287E-3,5.086200535E-2,5.132958856E-2
1.984569808E1,-2.357993865E-2,8.913203180E-3,3.478859425E-2,4.296166882E-2
1.985568508E1,-8.631513566E-3,1.300786212E-2,4.575797081E-2,4.834769277E-2
1.986567208E1,-9.830951085E-3,3.504090160E-3,7.102554381E-2,7.178825893E-2
1.987566008E1,-3.040566757E-2,8.612948656E-3,4.162223518E-2,5.225990783E-2
1.988564708E1,-2.241917498E-2,9.069908559E-3,5.064975142E-2,5.612735490E-2
1.989563408E1,6.280750148E-3,-6.029064059E-3,4.937388897E-2,5.013559961E-2
1.990562108E1,2.196113700E-2,-1.803325161E-2,3.570485294E-2,4.563251281E-2
1.991560808E1,3.035282336E-2,-1.024373710E-2,3.729763448E-2,4.916646798E-2
1.992559508E1,2.622943997E-2,-1.139037609E-3,1.629034281E-2,3.089751118E-2
1.993558208E1,3.618627978E-2,1.859765410E-2,1.399355650E-2,4.302486730E-2
1.994556908E1,2.831761773E-2,1.325125247E-3,2.679486573E-2,3.900779743E-2
1.995555608E1,2.334282492E-2,-2.588270009E-3,4.617312312E-2,5.180293347E-2
1.996554308E1,3.773469558E-2,7.570390105E-3,6.392702401E-2,7.461824479E-2
1.997553008E1,2.101553259E-2,-1.051037014E-2,3.734090388E-2,4.411874424E-2
1.998551708E1,2.120532956E-2,-1.942752019E-2,6.317916512E-3,2.944504392E-2
1.999550408E1,3.563867890E-2,-3.257162243E-2,9.512250423E-3,4.920882980E-2
2.000549108E1,3.333301214E-2,-3.384470746E-2,-4.060306549E-3,4.767640937E-2
2.001547808E1,4.506330332E-3,-2.780336425E-2,-5.879375339E-3,2.877327112E-2
2.002546508E1,6.286734408E-3,-2.782280624E-2,3.338760138E-3,2.871896404E-2
2.003545208E1,1.458678394E-2,-4.748377651E-3,4.230811357E-2,4.500330910E-2
2.004543908E1,2.152904604E-2,-2.390999570E-2,2.099793613E-2,3.842006038E-2
2.005542608E1,3.287037861E-2,-2.012260795E-2,1.291649938E-3,3.856228079E-2
2.006541308E1,-4.451832455E-4,9.277046174E-3,1.862630546E-2,2.081348190E-2
2.007540008E1,1.331712501E-3,1.609592289E-3,-5.695188046E-4,2.165316880E-3
2.008538708E1,2.702973193E-2,-1.039415672E-2,-1.230078757E-2,3.146353885E-2
2.009537408E1,2.589151659E-2,-2.209999010E-2,-1.608452082E-2,3.764959500E-2
2.010536108E1,1.652443243E-2,-1.233616322E-3,-3.997156620E-2,4.327013729E-2
2.011534808E1,2.123457477E-2,9.791162610E-3,-5.367393136E-2,5.854626323E-2
2.012533508E1,2.824302918E-2,2.170501068E-2,-8.052785397E-2,8.805402575E-2
2.013532208E1,2.034547823E-2,7.004379630E-3,-3.160712421E-2,3.823624091E-2
2.014530908E1,-2.505477089E-3,-1.308943078E-2,2.009103298E-2,2.410933885E-2
2.015529608E1,-2.073988206E-2,-2.535542741E-2,5.805349588E-2,6.665769867E-2
2.016528308E1,-1.638894148E-2,-2.891740501E-3,5.920247376E-2,6.149709314E-2
2.017527008E1,-3.106236471E-2,8.434608579E-5,3.486987054E-2,4.669888101E-2
2.018525708E1,-1.183543143E-2,6.857175976E-3,5.015156865E-2,5.198344099E-2
2.019524408E1,2.047758875E-3,-3.227224499E-3,8.473375618E-2,8.481991353E-2
2.020523108E1,2.483221125E-2,9.769235551E-4,1.315050495E-1,1.338326236E-1
2.021521808E1,1.397696503E-2,8.509891480E-3,1.120268047E-1,1.132156295E-1
2.022520508E1,2.090198698E-2,8.669812828E-3,9.799056351E-2,1.005694250E-1
2.023519208E1,2.237985246E-2,8.084068000E-3,8.250187397E-2,8.586483075E-2
2.024517908E1,1.944482429E-2,3.956079930E-3,7.198858023E-2,7.467333823E-2
2.025516708E1,2.758679800E-2,8.712643683E-3,6.348205090E-2,6.976325945E-2
2.026515408E1,2.153009671E-2,9.805488288E-3,6.117298543E-2,6.558831307E-2
2.027514108E1,-2.476826646E-2,2.238855019E-2,6.727864802E-2,7.510746090E-2
2.028512808E1,-2.823022013E-2,1.533724666E-3,6.820660114E-2,7.383385456E-2
2.029511508E1,-1.012233429E-2,1.876371503E-2,3.425708234E-2,4.034955196E-2
2.030510208E1,-1.712878785E-2,1.974955559E-2,-1.485192776E-4,2.614311338E-2
2.031508908E1,-1.619930897E-2,2.091987580E-2,1.016830802E-3,2.647815627E-2
2.032507608E1,-2.359483078E-2,-1.110678613E-3,-1.131845534E-2,2.619269131E-2
2.033506254E1,-2.829238334E-2,-1.485792115E-2,2.423846304E-2,4.010885023E-2
2.034504954E1,-1.256721960E-3,-5.069535971E-4,6.506547689E-2,6.507958693E-2
2.035503654E1,3.277417364E-2,-1.244799122E-2,6.279617250E-2,7.191980411E-2
2.036502354E1,5.613030097E-2,-3.503242314E-2,8.881277382E-2,1.107501248E-1
2.037501054E1,2.233820932E-2,-4.733204126E-2,8.923552752E-2,1.034519072E-1
2.038499754E1,-2.503668107E-3,-1.729065523E-2,3.423310876E-2,3.843359009E-2
2.039498454E1,4.495321121E-3,-4.635818750E-3,-2.352978051E-2,2.439978070E-2
2.040497154E1,1.866613048E-2,1.120648116E-2,-6.115836740E-2,6.491806797E-2
2.041495854E1,3.607092518E-4,3.783309326E-2,-2.189665318E-2,4.371425942E-2
2.042494554E1,-1.069460311E-2,4.212056413E-2,3.414949358E-2,5.526938004E-2
2.043493254E1,-3.616932286E-3,3.920528859E-2,8.273108482E-2,9.162188193E-2
2.044491954E1,-1.216647520E-2,5.820055336E-2,1.145609879E-1,1.290718695E-1
2.045490654E1,-8.832091335E-3,4.417308301E-2,1.129033023E-1,1.215583102E-1
2.046489354E1,4.397562984E-3,5.424125746E-2,1.081571174E-1,1.210760695E-1
2.047488054E1,1.133025941E-3,4.951436833E-2,6.423868060E-2,8.111451475E-2
2.048486754E1,2.291056037E-2,3.954720452E-2,5.047784328E-2,6.809469748E-2
2.049485454E1,1.867221524E-2,1.965000674E-2,6.867087007E-2,7.382724959E-2
2.050484154E1,1.183465485E-2,2.119791090E-2,4.810913622E-2,5.388784158E-2
2.051482854E1,2.193271405E-2,1.733831003E-2,2.602946520E-2,3.819939789E-2
2.052481554E1,2.440147245E-2,-1.076910943E-3,1.797843397E-2,3.032846325E-2
2.053480254E1,3.143502421E-2,-2.164186075E-2,3.608550668E-2,5.252327747E-2
2.054478954E1,4.159165607E-2,-9.066254050E-3,2.811458230E-2,5.101463079E-2
2.055477654E1,5.569220748E-2,-2.210481405E-2,2.359117627E-2,6.439556177E-2
2.056476354E1,4.744037007E-2,-2.735137448E-2,1.625409007E-2,5.712164075E-2
2.057475054E1,5.991202424E-2,-4.623671159E-2,3.421615183E-2,8.305437492E-2
2.058473754E1,6.394582646E-2,-3.612877607E-2,1.655814528E-2,7.528963645E-2
2.059472454E1,5.630717011E-2,-2.466267854E-2,2.466355562E-3,6.152095601E-2
2.060471154E1,4.987699619E-2,-1.795343712E-2,2.381746352E-2,5.811464723E-2
2.061469854E1,7.145282909E-2,-2.308305323E-2,2.805961847E-2,8.016031637E-2
2.062468654E1,4.864685166E-2,-2.984579667E-2,2.432207823E-2,6.203911060E-2
2.063467354E1,5.372081872E-2,-3.185066074E-2,1.394093156E-2,6.399015961E-2
2.064466054E1,4.459624783E-2,-1.430857524E-2,3.785487413E-3,4.698819598E-2
2.065464754E1,3.852055223E-2,-1.447551325E-2,-1.167922854E-2,4.277590218E-2
2.066463454E1,4.292546078E-2,6.892113090E-3,-2.187501848E-2,4.866839672E-2
2.067462154E1,4.335160403E-2,1.140177816E-2,-1.286095083E-2,4.663438831E-2
2.068460854E1,3.083694541E-2,-7.675786167E-3,9.802272320E-3,3.325536706E-2
2.069459554E1,3.604862354E-2,-2.737958729E-3,4.597080946E-2,5.848345919E-2
2.070458254E1,3.114696661E-2,5.795029253E-3,4.531241298E-2,5.528951675E-2
2.071456954E1,3.465128518E-2,2.045940757E-2,2.532429099E-2,4.754596341E-2
2.072455654E1,2.086272840E-2,1.924918011E-2,2.270649254E-2,3.635064202E-2
2.073454354E1,3.235322893E-2,2.792440161E-2,3.056631982E-2,5.254334910E-2
2.074453054E1,1.968471545E-2,6.136360466E-3,1.999513865E-2,2.872191692E-2
2.075451754E1,2.376979044E-2,9.757541120E-3,6.420827508E-3,2.648470449E-2
2.076450454E1,1.529585933E-3,2.815785170E-2,2.425249636E-2,3.719392188E-2
2.077449154E1,-2.483834169E-2,-1.342564568E-2,5.240333140E-2,5.952562743E-2
2.078447854E1,-1.417775293E-2,-1.974955559E-2,4.551998913E-2,5.160545547E-2
2.079446554E1,-1.409748162E-2,-2.082412764E-2,4.139302433E-2,4.843310586E-2
2.080445254E1,-2.660720665E-3,-6.326687336E-3,2.191010177E-2,2.295994266E-2
2.081443954E1,-2.537744584E-2,9.802272320E-3,2.717902780E-2,3.845515377E-2
2.082442654E1,-4.154253032E-2,-1.942152679E-3,4.845646083E-2,6.385595022E-2
2.083441354E1,-3.496656887E-2,-4.190407097E-3,5.805583477E-2,6.790213841E-2
2.084440054E1,-6.095369658E-2,1.066108212E-2,5.709221363E-2,8.419342406E-2
2.085438754E1,-6.103647122E-2,2.744419903E-2,4.167018235E-2,7.883551849E-2
2.086437454E1,-5.950772583E-2,4.103707507E-2,4.366934538E-2,8.445248776E-2
2.087436154E1,-4.567084730E-2,3.844573528E-2,4.369448841E-2,7.398046479E-2
2.088434854E1,-2.938128107E-2,3.593713358E-2,4.852428854E-2,6.715164797E-2
2.089433554E1,-1.462782408E-2,1.344786510E-2,9.511607230E-2,9.716936514E-2
2.090432254E1,-2.642790726E-2,-9.139198065E-4,1.173097640E-1,1.202532755E-1
2.091430954E1,-3.032053577E-2,-5.659812391E-3,1.034097630E-1,1.079117577E-1
2.092429654E1,-8.798798751E-3,-1.869033247E-2,7.658624589E-2,7.932339155E-2
2.093428354E1,1.304033244E-2,-2.275677860E-2,4.818807364E-2,5.486357337E-2
2.094427054E1,3.748649955E-3,-9.015529454E-3,2.034070909E-2,2.256272577E-2
2.095425754E1,-1.658197269E-2,-1.149913430E-2,1.683004081E-2,2.627626651E-2
2.096424454E1,-8.056439906E-3,9.942020774E-3,3.651001453E-3,1.330713390E-2
2.097423154E1,4.817977790E-3,1.889440030E-2,-3.171529770E-3,1.975524927E-2
2.098421954E1,2.311769798E-3,1.049005106E-2,-7.977356315E-3,1.337997252E-2
2.099420654E1,6.688191444E-3,2.160341531E-2,-5.281497538E-2,5.745312074E-2
2.100419354E1,-7.081489787E-3,7.471425980E-3,-5.967200518E-2,6.055343017E-2
2.101418054E1,-1.100151798E-2,8.218261600E-3,-4.528200746E-2,4.731842581E-2
2.102416754E1,-3.022402016E-2,1.284735605E-2,-2.876069963E-2,4.365459650E-2
2.103415454E1,1.256347373E-3,-6.366594583E-3,1.315623522E-3,6.621389624E-3
2.104414154E1,1.072478022E-2,5.671653003E-3,1.981036663E-3,1.229280541E-2
2.105412854E1,1.605919506E-2,2.207572415E-2,-2.009571075E-2,3.389797831E-2
2.106411554E1,2.129117399E-4,-1.090798080E-3,-1.346906126E-2,1.351483566E-2
2.107410254E1,-4.033722731E-2,-2.411245555E-2,4.862778425E-2,6.762517150E-2
2.108408954E1,-1.797441401E-2,-1.298301145E-2,8.158678472E-2,8.454609149E-2
2.109407654E1,-2.335872204E-2,-4.716802686E-3,3.486753166E-2,4.223295972E-2
2.110406354E1,1.439602766E-4,1.116116524E-2,-5.679868340E-2,5.788508245E-2
2.111405054E1,-2.818502298E-2,-3.888398409E-5,1.219904602E-2,3.071178529E-2
2.112403754E1,-4.686078309E-2,-8.559300452E-3,1.038752013E-1,1.142770846E-1
2.113402454E1,-1.848631946E-2,-1.706919193E-2,1.693353653E-1,1.711945305E-1
2.114401154E1,-7.695511384E-3,-1.665038511E-2,1.684126747E-1,1.694086338E-1
2.115399854E1,-1.775661436E-2,-5.597978085E-3,8.625344753E-2,8.823996783E-2
2.116398554E1,-4.808128886E-3,-2.480520442E-2,-1.702124476E-3,2.532416825E-2
2.117397254E1,-4.139810409E-3,-8.936299682E-3,-2.577218771E-2,2.758987390E-2
2.118395954E1,-1.360093424E-2,2.171202734E-2,-1.122022212E-2,2.796946420E-2
2.119394654E1,-5.544613106E-3,1.314293280E-2,1.392222047E-3,1.433240034E-2
2.120393354E1,5.612038812E-3,-3.795720041E-3,3.173634768E-2,3.245147507E-2
2.121392054E1,-2.953245901E-3,2.748089030E-2,7.584598839E-2,8.072505775E-2
2.122390754E1,5.810405603E-3,3.138361439E-2,6.703364968E-2,7.424420688E-2
2.123389454E1,4.544952105E-2,2.152740151E-2,3.870330513E-2,6.345891432E-2
2.124388154E1,6.921646097E-2,1.133965150E-2,4.340271235E-2,8.248212900E-2
2.125386854E1,5.837434357E-2,-7.583692521E-3,6.648518085E-2,8.879952507E-2
2.126385554E1,2.608670396E-2,-8.522609174E-3,9.741636693E-2,1.012081990E-1
2.127384254E1,1.859275706E-2,-2.198056072E-2,1.068309689E-1,1.106421781E-1
2.128382954E1,1.876651987E-2,-2.640090957E-2,1.075127542E-1,1.122861639E-1
2.129381654E1,-1.094215047E-3,-1.586495787E-2,6.245761871E-2,6.445035555E-2
2.130380354E1,2.508716812E-2,-6.223776340E-3,5.927790284E-2,6.466816189E-2
2.131379054E1,1.544875489E-2,-1.562551439E-2,4.917625308E-2,5.386208866E-2
2.132377754E1,4.005572042E-2,3.389046192E-3,3.473713875E-2,5.312828984E-2
2.133376504E1,3.409434702E-2,8.990386426E-3,3.562182248E-2,5.012151019E-2
2.134375204E1,3.517179701E-2,-8.165929019E-3,2.664868534E-2,4.487638724E-2
2.135373904E1,2.221425748E-2,-1.683851928E-3,-3.555691838E-3,2.255995429E-2
2.136372704E1,1.201790110E-2,1.755187958E-3,-1.715573072E-2,2.101974615E-2
2.137371404E1,1.631548584E-2,-7.541300207E-3,-1.792347014E-2,2.538340144E-2
2.138370104E1,-1.716925241E-2,-4.834770262E-3,-3.549259901E-4,1.784052141E-2
2.139368804E1,-3.363116532E-2,-1.333165169E-2,4.175964475E-2,5.525084747E-2
2.140367504E1,-2.980847499E-2,-9.095490128E-3,5.847449541E-2,6.626114801E-2
2.141366204E1,-2.753851279E-2,-1.192101091E-2,6.264356017E-2,6.946003037E-2
2.142364904E1,-1.170380512E-2,1.374972761E-3,3.762858689E-2,3.943070067E-2
2.143363604E1,-2.012737708E-2,-6.198779494E-3,4.570300698E-2,5.032197356E-2
2.144362304E1,-1.081835395E-2,-2.271614045E-2,4.090185821E-2,4.802105605E-2
2.145361004E1,-2.713240539E-2,-1.157003179E-2,4.344071925E-2,5.250837216E-2
2.146359704E1,-3.444844161E-2,-3.009152591E-2,2.338360012E-2,5.137107956E-2
2.147358404E1,8.933997341E-4,-1.607428819E-2,-3.976106644E-4,1.610400565E-2
2.148357104E1,2.640447272E-3,1.351817787E-2,-9.335079789E-3,1.663901467E-2
2.149355804E1,2.538634457E-2,1.885200799E-2,2.351516247E-2,3.940593307E-2
2.150354504E1,4.014484478E-2,3.124752045E-3,3.528853118E-2,5.354113438E-2
2.151353204E1,4.972326924E-2,5.259716660E-3,5.542166412E-2,7.464334516E-2
2.152351904E1,7.275960870E-2,2.261352181E-2,8.388766408E-2,1.133246320E-1
2.153350604E1,4.139295124E-2,1.003045991E-2,7.919878185E-2,8.992459944E-2
2.154349304E1,1.977895612E-2,-1.355574623E-2,5.672208488E-2,6.158214249E-2
2.155348004E1,2.934927670E-2,-2.401188344E-2,4.929144323E-2,6.219000695E-2
2.156346704E1,1.094651761E-2,-2.536814511E-3,4.126730919E-2,4.276976132E-2
2.157345404E1,1.463580005E-2,1.739254296E-3,2.880455375E-2,3.235635896E-2
2.158344104E1,1.537014638E-2,1.511285976E-2,-5.262494087E-5,2.155557235E-2
2.159342804E1,-2.183713948E-2,-3.737072468E-2,5.173616409E-3,4.359126094E-2
2.160341504E1,1.008763472E-3,-4.441252649E-2,3.566567659E-2,5.696955854E-2
2.161340204E1,-3.023790730E-2,-2.799135223E-2,3.098381102E-2,5.155427609E-2
2.162338904E1,-4.069963591E-2,1.379211992E-3,-3.602528036E-2,5.437079560E-2
2.163337604E1,-2.221232059E-2,6.522715241E-3,-6.844282866E-2,7.225201585E-2
2.164336304E1,-1.425033149E-2,1.513785660E-2,-6.070930123E-2,6.417044418E-2
2.165335004E1,-7.428887486E-4,2.563814029E-2,4.470196366E-3,2.603552913E-2
2.166333704E1,7.781547680E-4,1.723773792E-2,4.166258097E-2,4.509452058E-2
2.167332404E1,-2.824408899E-2,-7.086971551E-3,6.628520608E-2,7.239946321E-2
2.168331104E1,9.584308220E-3,-3.108526021E-3,6.021404207E-2,6.105123062E-2
2.169329904E1,3.218357745E-2,-2.791870058E-2,3.212752640E-2,5.336116989E-2
2.170328604E1,3.646605992E-2,-7.716131955E-3,-3.723156095E-2,5.268302714E-2
2.171327304E1,4.353931792E-2,2.712859556E-2,-4.105447054E-2,6.570466082E-2
2.172326004E1,1.040916762E-2,-2.330787867E-2,2.410046875E-2,3.510613298E-2
2.173324704E1,4.666363142E-2,-2.162388057E-2,5.556609035E-2,7.571444449E-2
2.174323404E1,5.324872001E-2,-1.006525084E-2,7.651081681E-2,9.375841587E-2
2.175322104E1,3.004217176E-2,-1.477006674E-3,2.352568746E-2,3.818601318E-2
2.176320804E1,3.714668496E-2,6.501226723E-3,-6.492748260E-3,3.826614603E-2
2.177319504E1,1.008112055E-2,3.284264088E-2,-4.405876994E-3,3.463639420E-2
2.178318204E1,1.014095401E-2,4.124099672E-2,3.219009161E-2,5.329034393E-2
2.179316904E1,-8.063858561E-4,3.799740002E-2,1.038331014E-1,1.105701841E-1
2.180315604E1,2.051888471E-3,9.760464728E-3,1.170384532E-1,1.174626598E-1
2.181314304E1,1.861836604E-2,1.499299183E-2,1.232593060E-1,1.255559232E-1
2.182313004E1,3.505957615E-2,1.254739389E-2,9.477985740E-2,1.018323737E-1
2.183311704E1,1.933674216E-2,-6.911701262E-3,3.680237532E-2,4.214375447E-2
2.184310404E1,2.467560637E-2,-1.651838422E-2,6.443514705E-2,7.094808484E-2
2.185309104E1,-2.224070700E-3,6.666849107E-3,6.186295688E-2,6.226089304E-2
2.186307804E1,8.370828247E-3,4.189383835E-3,5.466854274E-2,5.546414399E-2
2.187306504E1,-4.784995839E-3,2.596163750E-4,7.074253857E-2,7.090465675E-2
2.188305204E1,-1.038955204E-2,8.622304201E-3,1.079390162E-1,1.087801367E-1
2.189303904E1,1.390886324E-2,2.171670511E-2,1.002575290E-1,1.035212243E-1
2.190302604E1,1.599436406E-2,1.722779766E-2,1.069286174E-1,1.094821716E-1
2.191301304E1,1.953173767E-2,7.512795031E-3,1.083097297E-1,1.103128660E-1
2.192300004E1,1.535651506E-2,1.371742174E-2,7.341354668E-2,7.624656747E-2
2.193298704E1,1.733811817E-2,2.554590046E-2,5.300384045E-2,6.134012124E-2
2.194297404E1,6.031211084E-3,2.781535104E-2,3.109841645E-2,4.215662185E-2
2.195296104E1,6.248700097E-3,2.703810990E-2,6.108001471E-3,2.841501930E-2
2.196294904E1,-7.526344126E-3,4.350591570E-2,5.757168531E-3,4.452589748E-2
2.197293604E1,-8.950232500E-3,1.099071890E-2,5.354295373E-3,1.515160199E-2
2.198292304E1,8.418647507E-3,-5.378561318E-3,-1.867015958E-3,1.016308498E-2
2.199291004E1,2.283601751E-2,-1.395306453E-2,-3.382029533E-3,2.697424381E-2
2.200289704E1,-1.178570269E-3,-1.995961681E-2,-1.652423143E-3,2.006254803E-2
2.201288404E1,-9.600305837E-4,-6.955847740E-3,-3.030962706E-2,3.111236039E-2
2.202287104E1,1.746164060E-2,1.257765323E-2,1.416195631E-3,2.156645227E-2
2.203285804E1,-3.323945669E-2,-4.332991451E-2,7.983671308E-2,9.672767818E-2
2.204284504E1,-1.300555978E-2,-4.891839087E-2,1.096639448E-1,1.207821773E-1
2.205283204E1,2.046889102E-2,-4.587126061E-2,9.807710230E-2,1.101919509E-1
2.206281904E1,2.163537400E-2,-2.519594461E-2,5.284479618E-2,6.241392085E-2
2.207280604E1,2.475778716E-2,-3.158373535E-2,1.078577399E-2,4.155494295E-2
2.208279304E1,1.767213123E-2,-4.444410145E-2,-4.293084204E-2,6.427005193E-2
2.209278004E1,1.556464853E-3,-4.028819293E-2,-5.125435352E-2,6.521173075E-2
2.210276704E1,2.008679375E-2,-2.836615875E-2,-5.718050659E-2,6.691583205E-2
2.211275404E1,1.213159290E-2,-3.681085378E-2,-7.026248217E-2,8.024357234E-2
2.212274104E1,1.788091337E-2,-2.662778154E-2,-5.610929668E-2,6.462986142E-2
2.213272804E1,6.958771348E-3,-1.817913964E-2,-2.611483455E-2,3.257130947E-2
2.214271504E1,-5.074195471E-4,-2.519974530E-2,-2.980150402E-2,3.903094003E-2
2.215270204E1,4.108244581E-3,-2.329282209E-2,-2.610489428E-2,3.522639266E-2
2.216268904E1,2.411253777E-2,-1.964284390E-2,9.938512444E-3,3.265011216E-2
2.217267604E1,1.176928480E-2,3.052246571E-3,2.306258798E-2,2.607134899E-2
2.218266304E1,-1.142924180E-2,6.031987667E-3,4.254492581E-2,4.446440324E-2
2.219265004E1,-9.851123979E-3,2.029992476E-2,6.895679891E-2,7.255461188E-2
2.220263704E1,-1.750858278E-2,1.805795610E-2,5.509480476E-2,6.056465769E-2
2.221262504E1,-7.130834805E-3,2.662631974E-2,4.287412405E-2,5.097058192E-2
2.222261204E1,-1.634447523E-2,2.235609815E-2,3.435823917E-3,2.790594705E-2
2.223259904E1,-1.414364722E-2,4.009771988E-2,1.203006148E-2,4.418814632E-2
2.224258604E1,-1.876413530E-2,4.684014425E-2,5.310324311E-2,7.325330242E-2
2.225257304E1,-3.291330082E-2,3.989043608E-2,8.059860528E-2,9.576360182E-2
2.226256004E1,-2.240373468E-2,2.551695675E-2,6.989644647E-2,7.770814396E-2
2.227254704E1,-2.382708401E-2,4.128353521E-2,3.319171965E-2,5.808399492E-2
2.228253404E1,-3.361024325E-2,5.688215241E-2,-1.286738276E-2,6.731119708E-2
2.229252104E1,-2.921674591E-2,4.645481274E-2,-3.131768703E-2,6.318595879E-2
2.230250804E1,-1.907094053E-2,3.700235009E-2,1.305098534E-2,4.362571379E-2
2.231249504E1,-3.787914008E-2,1.214875996E-2,9.182876766E-2,1.000746931E-1
2.232248204E1,-4.895674495E-2,4.315829873E-3,1.428831464E-1,1.510992481E-1
2.233246904E1,-3.585599433E-2,2.107409611E-2,1.345473558E-1,1.408288351E-1
2.234245558E1,-2.606947294E-2,3.590833604E-2,9.325373411E-2,1.032728664E-1
2.235244258E1,-2.501322825E-2,4.781516746E-2,7.792993605E-2,9.478938105E-2
2.236242958E1,-2.044767659E-2,4.556925192E-2,4.809393346E-2,6.933751247E-2
2.237241658E1,-2.136740707E-2,3.236696988E-2,5.647123933E-2,6.850684415E-2
2.238240358E1,-9.431467485E-4,3.572064042E-3,9.897991240E-2,9.904883758E-2
2.239239058E1,-1.186754543E-2,3.407464921E-4,9.999440432E-2,1.006967509E-1
2.240237758E1,-5.872221636E-3,-1.475004002E-2,6.265700877E-2,6.463704368E-2
2.241236458E1,2.151721913E-2,-3.375582978E-2,3.379573703E-2,5.238891681E-2
2.242235158E1,4.503373833E-2,-4.232404724E-2,1.294924378E-2,6.314305566E-2
2.243233858E1,1.431903628E-2,-2.975911170E-2,3.778353810E-2,5.018202149E-2
2.244232558E1,1.194457336E-2,-4.905053794E-2,2.278133690E-2,5.538607602E-2
2.245231258E1,2.275463157E-2,-4.083388433E-2,-1.043844938E-2,4.789718773E-2
2.246230058E1,3.061631352E-2,-4.261085317E-2,-6.079934835E-3,5.282053643E-2
2.247228758E1,4.714818288E-2,-4.989429116E-3,-4.742091894E-4,4.741382104E-2
2.248227458E1,3.068003903E-2,4.842664003E-3,2.228373885E-3,3.113971483E-2
2.249226158E1,3.973807957E-2,-5.046000928E-3,2.468051255E-2,4.705002437E-2
2.250224858E1,4.039845862E-2,-6.410010159E-4,3.082710564E-2,5.082083022E-2
2.251223558E1,3.382859107E-2,-3.870272040E-3,2.232876241E-2,4.071764004E-2
2.252222258E1,3.551506511E-2,-2.872093856E-2,1.731594443E-2,4.884725267E-2
2.253220958E1,5.681688286E-2,-3.283825547E-2,8.379060030E-4,6.562934776E-2
2.254219658E1,3.262273989E-2,-4.069369733E-2,3.741399407E-2,6.418743735E-2
2.255218358E1,1.943358667E-3,-4.936204836E-2,4.008617163E-2,6.361831196E-2
2.256217058E1,7.253288291E-3,-2.459192723E-2,3.876879394E-2,4.648002216E-2
2.257215758E1,1.897835352E-2,-1.034299359E-2,2.645572722E-2,3.416227337E-2
2.258214458E1,2.599049899E-2,6.515260041E-4,1.736155272E-2,3.126266202E-2
2.259213158E1,1.693372839E-2,1.241510063E-2,-6.022047400E-3,2.184378483E-2
2.260211858E1,2.054345216E-2,3.725509599E-2,-8.098978400E-3,4.330784057E-2
2.261210558E1,3.354362153E-2,3.374735132E-2,9.522190690E-3,4.852556421E-2
2.262209258E1,1.461886140E-2,8.532841802E-3,4.658008933E-2,4.956031900E-2
2.263207958E1,3.425309893E-2,3.358552963E-2,6.003687143E-2,7.684847765E-2
2.264206658E1,2.713687303E-2,2.758497074E-2,4.463472068E-2,5.907282606E-2
2.265205358E1,1.828775167E-2,5.579413176E-3,3.209244311E-2,3.735634641E-2
2.266204058E1,2.956439942E-2,-3.632290363E-3,6.197113037E-2,6.875804132E-2
2.267202758E1,2.117806692E-3,1.320330530E-2,5.178352654E-2,5.348220262E-2
2.268201458E1,-1.882046043E-2,1.406255364E-3,4.087905407E-2,4.502537447E-2
2.269200158E1,4.748788783E-3,-3.834750205E-3,3.865886629E-2,3.913775986E-2
2.270198958E1,-6.585052041E-3,-3.219944715E-2,5.902881145E-2,6.756158590E-2
2.271197658E1,1.775306035E-3,-1.473162130E-2,5.830843449E-2,6.016681735E-2
2.272196358E1,3.848372390E-3,-9.326162785E-3,4.739811480E-2,4.845996873E-2
2.273195058E1,4.502173327E-3,-1.882774204E-2,4.112288296E-2,4.545156695E-2
2.274193758E1,3.135021217E-4,-1.759704933E-2,1.734751940E-2,2.471216012E-2
2.275192458E1,-3.459885210E-2,-2.027083486E-2,3.626443148E-3,4.026336303E-2
2.276191158E1,-4.629601515E-2,-3.243114308E-2,9.454947710E-4,5.653312321E-2
2.277189858E1,-2.811512134E-2,-1.583119020E-2,2.007524550E-2,3.800134357E-2
2.278188558E1,-4.057471563E-2,-9.998884946E-3,6.568001926E-2,7.784696641E-2
2.279187258E1,-2.265880119E-2,2.889065400E-2,4.824946940E-2,6.063087050E-2
2.280185958E1,-3.505862597E-3,4.512632534E-2,3.187200308E-2,5.535793431E-2
2.281184658E1,2.387330443E-2,5.740694001E-2,9.212872982E-3,6.285195665E-2
2.282183358E1,3.357009846E-2,5.343492642E-2,2.206212938E-2,6.685043324E-2
2.283182058E1,4.408910237E-2,4.097275570E-2,2.399931192E-2,6.479647082E-2
2.284180758E1,4.146769510E-2,3.576390982E-2,-3.412318110E-2,6.452145744E-2
2.285179458E1,2.206023817E-2,2.183014110E-2,-1.307495892E-2,3.367734727E-2
2.286178158E1,1.843124600E-2,4.227770805E-2,1.499869287E-2,4.849820837E-2
2.287176858E1,-2.614856567E-3,4.352491915E-2,4.577317357E-2,6.321739856E-2
2.288175558E1,5.622116122E-3,3.299247578E-2,9.544176221E-2,1.011397134E-1
2.289174258E1,2.827469551E-2,4.086224332E-2,9.774965823E-2,1.096548085E-1
2.290172958E1,1.742508637E-2,3.489267468E-2,8.377422810E-2,9.240808230E-2
2.291171658E1,2.667263151E-2,2.637605891E-2,5.288338780E-2,6.483655189E-2
2.292170358E1,7.734194370E-3,2.936515555E-2,4.372606337E-2,5.323625401E-2
2.293169058E1,2.304828057E-2,1.876897752E-2,4.998316884E-2,5.815337412E-2
2.294167858E1,3.690411687E-2,4.697214514E-3,7.633130729E-2,8.491434590E-2
2.295166558E1,2.155555037E-2,-5.433525145E-3,8.338714242E-2,8.629936540E-2
2.296165258E1,1.600350033E-2,-1.427276105E-2,8.236387968E-2,8.510953182E-2
2.297163958E1,3.665610356E-3,-8.781787008E-3,7.924789846E-2,7.981720299E-2
2.298162658E1,-1.193067709E-2,2.360550195E-2,4.885231733E-2,5.555276489E-2
2.299161358E1,-2.046158200E-2,5.098801285E-2,-5.276527405E-3,5.519325624E-2
2.300160058E1,-3.079643517E-2,2.878540412E-2,-4.766825616E-2,6.363397328E-2
2.301158758E1,-5.190375991E-2,1.547246352E-2,-6.302012086E-2,8.309592682E-2
2.302157458E1,-4.960878259E-2,1.484549582E-2,-4.498263001E-2,6.859196060E-2
2.303156158E1,-2.820568923E-2,1.941845700E-2,-4.023410618E-2,5.283389705E-2
2.304154858E1,-1.250052480E-2,2.175208077E-2,-2.588386953E-2,3.604706423E-2
2.305153558E1,4.166342150E-3,-6.958332807E-3,-1.916307986E-2,2.080866243E-2
2.306152258E1,-9.533976484E-4,-2.308495358E-2,-3.642230630E-3,2.338995281E-2
2.307150958E1,2.033256867E-2,-1.966184735E-2,1.566001296E-2,3.233013449E-2
2.308149658E1,3.163308037E-2,-1.618509293E-2,2.169141591E-2,4.163083629E-2
2.309148358E1,4.180561848E-2,-5.434109867E-3,2.170077145E-2,4.741479482E-2
2.310147058E1,5.135449623E-2,-1.545243680E-2,4.342844009E-2,6.900790893E-2
2.311145758E1,3.430818153E-2,-1.975087121E-2,5.296817243E-2,6.612696518E-2
2.312144458E1,2.245277820E-2,-1.573573440E-2,5.662326694E-2,6.291212081E-2
2.313143158E1,2.974511493E-2,-3.345762178E-2,4.852721214E-2,6.602328859E-2
2.314141858E1,4.291950393E-2,-4.563620254E-2,5.335525811E-2,8.228930895E-2
2.315140558E1,2.979887277E-2,-4.627603412E-2,4.112697601E-2,6.870860432E-2
2.316139258E1,3.191511716E-2,-7.122303352E-2,3.273271322E-2,8.463288794E-2
2.317137958E1,3.226779562E-2,-4.152926445E-2,3.681933224E-2,6.419932762E-2
2.318136758E1,3.477121705E-2,-3.667110533E-2,3.320516825E-2,6.046809654E-2
2.319135458E1,3.047063562E-2,-1.032910645E-2,1.796264648E-3,3.222385206E-2
2.320134158E1,2.809614530E-2,6.670357436E-3,-2.206212938E-2,3.634039903E-2
2.321132858E1,4.688226247E-2,6.526808292E-3,-3.736955523E-3,4.748168697E-2
2.322131558E1,6.262037231E-2,2.016017631E-2,2.810171843E-3,6.584558301E-2
2.323130258E1,7.170741138E-2,3.401383817E-2,3.021256328E-3,7.942305726E-2
2.324128958E1,5.521664612E-2,2.315117329E-2,9.326308966E-3,6.059566711E-2
2.325127658E1,3.254275180E-2,-1.355589241E-2,4.312204599E-2,5.569832820E-2
2.326126358E1,-4.326437088E-3,-7.374069840E-3,3.578145146E-2,3.678868349E-2
2.327125058E1,-2.210676922E-3,2.896418273E-3,3.125921488E-2,3.147085709E-2
2.328123758E1,1.231688568E-3,-4.357052743E-3,1.785154939E-2,1.841680702E-2
2.329122458E1,4.085056717E-3,2.117715329E-3,1.380352199E-2,1.455024488E-2
2.330121158E1,1.020403085E-2,2.088493869E-2,6.040349185E-2,6.472159406E-2
2.331119858E1,4.785068929E-3,2.240272969E-2,7.748905599E-2,8.080428813E-2
2.332118558E1,8.613569923E-3,2.933811218E-2,1.096212602E-1,1.138057076E-1
2.333117258E1,2.307199834E-2,1.648944050E-2,1.225091082E-1,1.257485600E-1
2.334115979E1,1.274163108E-3,9.166095257E-3,9.970496714E-2,1.001335172E-1
2.335114679E1,1.705149497E-2,3.865009546E-3,9.536107063E-2,9.695063472E-2
2.336113379E1,-3.639740995E-2,-7.255225182E-3,8.873851418E-2,9.618697232E-2
2.337112079E1,-6.985811066E-2,-1.657861054E-2,4.095565259E-2,8.265816010E-2
2.338110779E1,-5.300074325E-2,-3.638327613E-2,2.385196209E-2,6.856921804E-2
2.339109479E1,-4.279436437E-2,-1.859224543E-2,4.909790039E-2,6.773206800E-2
2.340108179E1,-4.907061034E-2,6.132705957E-3,-1.785681188E-2,5.257756757E-2
2.341106879E1,-6.554783564E-2,-3.844105750E-2,-5.423234046E-2,9.335620178E-2
2.342105579E1,1.565133350E-2,-2.390517175E-2,1.268711311E-1,1.300488576E-1
2.343104379E1,-1.703985536E-2,-3.765636116E-2,7.825153291E-2,8.849667005E-2
2.344103079E1,-5.943785160E-2,-2.078027353E-2,3.461727083E-2,7.185425116E-2
2.345101779E1,-6.111558222E-2,-4.285365880E-2,1.864794016E-2,7.693696208E-2
2.346100479E1,-3.622613221E-2,-2.456181407E-2,-1.769192040E-2,4.720825577E-2
2.347099179E1,-1.532198908E-2,-1.774483770E-3,-1.205695868E-2,1.957759930E-2
2.348097879E1,-2.053980678E-2,-8.817308843E-3,-2.683755040E-2,3.492681934E-2
2.349096579E1,-6.289776787E-4,-1.089131624E-2,5.939016938E-3,1.242128433E-2
2.350095279E1,4.622781286E-3,-1.684495121E-2,5.127072573E-2,5.416465457E-2
2.351093979E1,1.780583147E-2,-7.824451625E-3,5.229632735E-2,5.579583795E-2
2.352092679E1,9.045633478E-3,-5.802045912E-3,4.285892129E-2,4.418568044E-2
2.353091379E1,7.170431418E-3,4.509080350E-3,5.982461751E-2,6.042128559E-2
2.354090079E1,-2.300087244E-2,-8.689108640E-3,6.440708041E-2,6.894064657E-2
2.355088779E1,-4.191798552E-2,6.149224341E-3,5.178761959E-2,6.690955098E-2
2.356087479E1,-4.179144812E-2,2.327425718E-2,5.068541944E-2,6.969381556E-2
2.357086179E1,-4.042996050E-2,1.802155718E-2,3.113057613E-2,5.411534902E-2
2.358084879E1,-4.928363171E-2,1.272602633E-2,3.280755758E-2,6.055711301E-2
2.359083579E1,-6.219371743E-2,2.366002724E-2,4.347404838E-2,7.948489327E-2
2.360082279E1,-5.567590836E-2,2.682761014E-2,5.268575191E-2,8.121155024E-2
2.361080979E1,-5.274226891E-2,2.187253341E-2,5.008023262E-2,7.594856382E-2
2.362079679E1,-4.599798988E-2,1.073841155E-3,2.454836547E-2,5.214969276E-2
2.363078379E1,-2.347160985E-2,-9.640596807E-3,4.870730639E-4,2.537902315E-2
2.364077079E1,-2.755653866E-2,-2.470083162E-2,2.091022789E-2,4.250566475E-2
2.365075779E1,-4.412577538E-2,-1.513464063E-2,5.560877502E-2,7.258427694E-2
2.366074479E1,-3.625695800E-2,-1.666588023E-2,6.593203425E-2,7.706718957E-2
2.367073179E1,-1.940742038E-2,-2.858045921E-2,6.702663302E-2,7.540596892E-2
2.368071979E1,-2.207261782E-2,-3.779771760E-2,7.085714400E-2,8.328626999E-2
2.369070679E1,-1.908772387E-2,-2.159084380E-2,9.479155183E-2,9.907544618E-2
2.370069379E1,-3.760657760E-2,-2.348885000E-2,9.916351497E-2,1.086249670E-1
2.371068079E1,-3.718320264E-2,-3.902300164E-2,4.964870811E-2,7.328287271E-2
2.372066779E1,1.315676512E-2,-1.629619002E-2,-3.362733722E-3,2.121259663E-2
2.373065479E1,4.612247162E-2,9.283478111E-3,-5.733487308E-2,7.416706159E-2
2.374064179E1,3.495946999E-2,1.227915287E-3,-7.806676090E-2,8.554584429E-2
2.375062879E1,2.888040310E-3,-1.552581936E-3,-6.468950093E-2,6.477254679E-2
2.376061579E1,2.668833677E-3,-2.338447720E-2,-4.436165571E-2,5.021865136E-2
2.377060279E1,5.150867086E-3,-2.270006061E-2,-1.432860196E-2,2.733373405E-2
2.378058979E1,2.620796973E-2,-1.687243313E-2,9.612237811E-3,3.261796733E-2
2.379057679E1,2.471501112E-2,1.178345516E-2,4.301796556E-3,2.771618740E-2
2.380056379E1,9.188908534E-3,2.269640610E-2,1.421458125E-2,2.831284532E-2
2.381055079E1,3.775519738E-3,8.468814790E-3,6.481872439E-2,6.547856447E-2
2.382053779E1,4.815247871E-2,7.468210012E-3,9.889512777E-2,1.102482728E-1
2.383052479E1,5.588767807E-2,1.790051982E-2,9.766896665E-2,1.139433553E-1
2.384051179E1,1.699400953E-2,2.347233161E-2,9.160891235E-2,9.608298254E-2
2.385049879E1,3.169287728E-2,9.823614657E-3,7.376496434E-2,8.088394055E-2
2.386048579E1,3.283086422E-2,1.429673463E-2,9.744852662E-2,1.038194472E-1
2.387047279E1,3.288692440E-2,1.926613703E-2,1.130085522E-1,1.192630148E-1
2.388045979E1,2.295775836E-2,2.171904400E-2,9.652115822E-2,1.015633277E-1
2.389044679E1,3.331332346E-3,2.639272347E-2,7.635001838E-2,8.085170953E-2
2.390043379E1,6.130531523E-3,2.354454473E-2,6.049178481E-2,6.520111220E-2
2.391042079E1,1.634151508E-2,7.038293481E-3,8.146165431E-2,8.338215524E-2
2.392040779E1,2.492999679E-2,-8.242089003E-3,9.459274650E-2,9.816936620E-2
2.393039479E1,3.663604944E-2,9.663693309E-3,7.468999386E-2,8.375071504E-2
2.394038279E1,1.062899552E-2,1.131465465E-2,3.258302450E-2,3.609224905E-2
2.395036979E1,-3.712771805E-3,1.037953869E-2,-2.296727836E-2,2.547578013E-2
2.396035679E1,7.145937067E-3,1.368657768E-2,-1.006715119E-2,1.843188428E-2
2.397034379E1,4.119381700E-3,2.491527826E-2,1.971271813E-2,3.203641135E-2
2.398033079E1,7.640931280E-3,1.909189001E-2,4.726772189E-2,5.154727566E-2
2.399031779E1,1.777267593E-2,1.605192259E-2,7.147577941E-2,7.538115992E-2
2.400030479E1,1.754662623E-2,2.192238092E-2,7.359890342E-2,7.877355814E-2
2.401029179E1,1.130160805E-2,7.580915093E-3,6.166649044E-2,6.315023880E-2
2.402027879E1,1.053041512E-2,1.376726925E-3,3.955173612E-2,4.095271480E-2
2.403026579E1,2.404385126E-2,2.501965106E-2,3.942192793E-3,3.492321014E-2
2.404025279E1,2.010396995E-2,4.462448806E-3,-3.442021966E-2,4.011028021E-2
2.405023979E1,2.157583290E-2,-1.014579624E-2,5.303424597E-4,2.384816575E-2
2.406022679E1,4.913463735E-2,-9.124287665E-3,7.801355124E-3,5.057990070E-2
2.407021379E1,4.683648060E-2,-9.480383098E-3,1.519691348E-2,5.014458852E-2
2.408020079E1,3.145531587E-2,-6.900883913E-3,2.092133760E-2,3.840262312E-2
2.409018779E1,3.124300713E-2,7.720663548E-3,5.203027904E-2,6.117911471E-2
2.410017479E1,4.095726972E-2,1.952034473E-2,6.861181319E-2,8.225644479E-2
2.411016179E1,6.227210666E-2,-3.164659292E-3,4.444293201E-2,7.657025886E-2
2.412014879E1,6.161806818E-2,-7.926339358E-3,5.229164958E-3,6.234546774E-2
2.413013579E1,3.591516998E-2,-3.436116278E-3,1.557581306E-2,3.929773889E-2
2.414012279E1,4.152028349E-2,-1.401986897E-2,2.598853469E-2,5.094992250E-2
2.415010979E1,4.475329125E-2,-2.644900292E-2,4.372898698E-2,6.793107636E-2
2.416009679E1,1.839603480E-2,-1.561484322E-2,2.249716222E-2,3.299029756E-2
2.417008379E1,8.805349460E-3,-1.137590423E-2,7.938179970E-3,1.643046188E-2
2.418007079E1,4.233292770E-4,-5.978631824E-3,-3.315371275E-4,6.002762950E-3
2.419005879E1,1.248896741E-2,-1.266916215E-2,-6.005090475E-3,1.877613081E-2
2.420004579E1,-4.028402679E-3,1.190536961E-2,1.524544537E-2,1.975827569E-2
2.421003279E1,-1.654177308E-2,6.443924010E-3,1.944433093E-2,2.632938318E-2
2.422001979E1,1.027660942E-2,2.759154886E-3,5.106198013E-2,5.215886743E-2
2.423000679E1,2.587084120E-2,1.794583574E-2,6.170157373E-2,6.927075606E-2
2.423999379E1,3.644638952E-2,1.066502899E-2,7.826790512E-2,8.699394878E-2
2.424998079E1,2.073058133E-2,2.782251388E-3,8.094125211E-2,8.360014485E-2
2.425996779E1,3.045428169E-2,-6.934359223E-3,7.541504860E-2,8.162706761E-2
2.426995479E1,1.213750407E-2,-1.980700448E-2,5.445570409E-2,5.920354837E-2
2.427994179E1,1.089945666E-2,-2.993028894E-2,4.585035682E-2,5.582898505E-2
2.428992879E1,2.687102571E-2,-6.906570330E-2,2.992137194E-2,7.992128561E-2
2.429991579E1,7.690518410E-2,-2.530017123E-2,1.975891113E-2,8.333619007E-2
2.430990279E1,2.498043817E-2,6.309818119E-2,7.484436035E-3,6.827458929E-2
2.431988979E1,-3.360828809E-2,7.245942727E-2,9.060845375E-3,8.038646992E-2
2.432987679E1,-3.793572103E-2,7.856640548E-2,7.447598577E-3,8.756292437E-2
2.433986354E1,2.960810736E-3,4.928091824E-2,-7.778550982E-3,4.997880709E-2
2.434985054E1,1.823685349E-2,3.677533194E-2,2.157564104E-2,4.637365794E-2
2.435983754E1,8.836568110E-3,1.737909436E-2,7.605824232E-2,7.851734892E-2
2.436982454E1,-7.865765858E-3,-1.819317296E-2,1.232996517E-1,1.248826086E-1
2.437981154E1,4.705747794E-3,-4.981506139E-2,1.046294922E-1,1.159785111E-1
2.438979854E1,6.616937639E-3,-6.020936430E-2,8.102662146E-2,1.011645432E-1
2.439978554E1,6.071483782E-3,-5.164304718E-2,3.570836127E-2,6.307895293E-2
2.440977254E1,-4.829836674E-3,-6.258684218E-2,1.691833377E-2,6.501284607E-2
2.441975954E1,-5.446270248E-3,-4.236424685E-2,1.893445373E-2,4.672156684E-2
2.442974754E1,-9.580169488E-3,-1.138935283E-2,2.906358540E-2,3.265254970E-2
2.443973454E1,-2.026168032E-2,2.014365792E-4,1.200199485E-2,2.355045958E-2
2.444972154E1,-1.108660410E-2,-4.788869619E-4,-2.324209750E-2,2.575533380E-2
2.445970854E1,-7.412012788E-3,-2.084532380E-2,-3.275376320E-2,3.952561779E-2
2.446969554E1,-4.327368988E-3,-3.524584651E-2,-2.228666246E-2,4.192482728E-2
2.447968254E1,2.376173224E-2,-3.399191111E-2,-2.833560705E-2,5.022924016E-2
2.448966954E1,3.968095958E-2,-3.552125037E-2,-4.253907859E-2,6.816091980E-2
2.449965654E1,5.927946514E-2,-3.691215679E-2,-2.766142309E-2,7.511136155E-2
2.450964354E1,7.385915933E-2,-7.299664021E-2,3.696609735E-3,1.039102970E-1
2.451963054E1,8.709216666E-2,-6.668866396E-2,2.374671221E-2,1.122333718E-1
2.452961754E1,8.009306780E-2,-4.907129556E-2,3.528034508E-2,1.003374023E-1
2.453960454E1,3.402371448E-2,-5.647489384E-2,5.808390141E-2,8.786789165E-2
2.454959154E1,2.231361447E-3,-3.798833683E-2,4.321560144E-2,5.758194958E-2
2.455957854E1,1.206812320E-2,-3.402567878E-2,1.796732426E-2,4.032630848E-2
2.456956554E1,3.572741954E-2,-2.875587568E-2,1.270599961E-3,4.587987922E-2
2.457955254E1,6.237820622E-2,-6.947953999E-3,6.933043599E-3,6.314571853E-2
2.458953954E1,4.046842421E-2,-8.886159807E-3,3.049966156E-2,5.144790132E-2
2.459952654E1,2.553289041E-2,-2.667382836E-2,2.990967751E-2,4.751852713E-2
2.460951354E1,-3.469856540E-3,-2.362699047E-2,1.410289943E-2,2.773384855E-2
2.461950054E1,-1.836391166E-5,-3.322680295E-2,3.275668681E-2,4.665856086E-2
2.462948754E1,2.208079479E-2,-9.713687003E-3,6.081572056E-2,6.542529389E-2
2.463947454E1,-3.819099767E-3,2.073568851E-3,-4.795886278E-3,6.471919036E-3
2.464946154E1,-3.970075789E-2,-4.165556431E-3,1.422452152E-2,4.237734123E-2
2.465944854E1,-1.701131363E-2,-8.426276296E-3,6.600687861E-2,6.868256655E-2
2.466943654E1,2.893009529E-2,-1.220313907E-2,1.036079836E-1,1.082611716E-1
2.467942354E1,4.104196298E-2,-2.990938514E-2,8.755971551E-2,1.012211333E-1
2.468941054E1,5.051865502E-2,-2.858689114E-2,9.303446352E-2,1.096574496E-1
2.469939754E1,2.206522658E-2,-2.842565417E-2,1.035436642E-1,1.096183490E-1
2.470938454E1,1.805398182E-2,-8.159204721E-3,9.678837597E-2,9.879528635E-2
2.471937154E1,2.617002678E-2,-7.773434669E-3,4.918736279E-2,5.625560636E-2
2.472935854E1,3.214379811E-2,-2.290193573E-2,3.746369541E-2,5.441737673E-2
2.473934554E1,1.897377625E-2,-1.325578406E-2,3.285667419E-2,4.019055903E-2
2.474933254E1,2.658767330E-2,-1.863346830E-2,4.463998318E-2,5.519817579E-2
2.475931954E1,2.007530032E-2,-2.047358707E-2,6.908426821E-2,7.479853986E-2
2.476930654E1,-4.550796580E-3,-1.416122541E-2,7.091327727E-2,7.245649003E-2
2.477929354E1,5.795321614E-4,-1.686366230E-2,5.416100442E-2,5.672859388E-2
2.478928054E1,-4.531729175E-3,-1.963027239E-2,4.717065811E-2,5.129283722E-2
2.479926754E1,-1.609418700E-3,-2.195000902E-2,3.782914639E-2,4.376571079E-2
2.480925454E1,-3.907653107E-2,-2.629872948E-2,3.360979557E-2,5.786377806E-2
2.481924154E1,-3.052940014E-2,-3.471988946E-2,5.831018865E-2,7.441500586E-2
2.482922854E1,-3.921763170E-2,-2.875265971E-2,9.684801757E-2,1.083710136E-1
2.483921554E1,-4.332448756E-2,-3.027059689E-2,1.028981316E-1,1.156777669E-1
2.484920254E1,-4.901022870E-2,-2.193071321E-2,8.799065530E-2,1.030791643E-1
2.485918954E1,-4.116945969E-2,-5.257962495E-3,6.693424702E-2,7.875762823E-2
2.486917654E1,-3.575161239E-2,-8.914080262E-3,5.875340760E-2,6.935129069E-2
2.487916354E1,-4.793182855E-2,1.403521791E-2,5.210161507E-2,7.217358120E-2
2.488915054E1,-5.006494763E-2,2.149655744E-2,1.477182090E-2,5.645181712E-2
2.489913854E1,-4.720207776E-2,1.058141381E-2,2.897002995E-2,5.638497227E-2
2.490912554E1,-2.676797767E-2,5.985356122E-3,3.435122252E-2,4.395856691E-2
2.491911254E1,-3.978249100E-2,1.961009949E-3,2.893260777E-2,4.922994965E-2
2.492909954E1,-2.780571227E-2,9.959416240E-3,3.036692977E-2,4.236151591E-2
2.493908654E1,-2.343527488E-2,2.548362762E-3,2.200014889E-2,3.224457804E-2
2.494907354E1,5.559477825E-3,-6.188839227E-3,5.177417099E-2,5.243829046E-2
2.495906054E1,7.015946154E-3,8.271032721E-3,6.092155516E-2,6.187947451E-2
2.496904754E1,-1.340878012E-2,1.417935178E-2,5.455276787E-2,5.793836280E-2
2.497903454E1,-4.175405335E-3,-1.712795645E-3,5.198408604E-2,5.217962131E-2
2.498902154E1,6.275944468E-3,-8.035828471E-3,6.239973128E-2,6.322727641E-2
2.499900854E1,1.329507918E-2,-1.981592149E-2,8.134061694E-2,8.476866071E-2
2.500899554E1,1.096530179E-2,-1.969693065E-2,6.206000805E-2,6.602765723E-2
2.501898254E1,-1.574587567E-2,-9.638257921E-3,2.959451258E-2,3.488070801E-2
2.502896954E1,-2.269017516E-2,-1.375104323E-2,-1.417072713E-2,3.007897515E-2
2.503895654E1,-2.938947631E-2,-2.255285695E-2,-3.186557114E-2,4.886499052E-2
2.504894354E1,-2.969177736E-2,-2.094472647E-2,-7.019582391E-3,3.700753635E-2
2.505893054E1,-1.967659330E-2,-2.147331476E-2,-5.326228738E-3,2.960811178E-2
2.506891754E1,-2.389465590E-2,-8.347923607E-3,-1.687214077E-2,3.041893396E-2
2.507890454E1,-1.364307074E-2,-3.443425298E-3,-2.878058016E-2,3.203611012E-2
2.508889154E1,2.785418021E-2,1.615731865E-3,-3.351857901E-2,4.361147880E-2
2.509887854E1,5.160925210E-2,2.196652740E-3,-3.166851997E-2,6.059071994E-2
2.510886554E1,4.597702213E-2,9.479067475E-3,-5.377041042E-2,7.137924292E-2
2.511885354E1,5.334094157E-2,-5.560848266E-3,-1.206456006E-2,5.497028916E-2
2.512884054E1,2.393238871E-2,1.028963774E-3,5.019951582E-2,5.562202248E-2
2.513882754E1,2.155150300E-2,1.469405293E-3,6.926962495E-2,7.255968146E-2
2.514881454E1,2.868215508E-2,6.067801863E-3,6.232547164E-2,6.887632869E-2
2.515880154E1,5.036339317E-2,5.243782997E-3,7.108810902E-2,8.727822108E-2
2.516878854E1,6.053983248E-2,1.404866651E-2,6.772011280E-2,9.191545041E-2
2.517877554E1,2.715316300E-2,2.132771909E-3,9.414484978E-2,9.800559023E-2
2.518876254E1,3.515060085E-2,-8.977376372E-3,9.916936219E-2,1.055969717E-1
2.519874954E1,2.487648563E-2,2.866597474E-4,6.676467776E-2,7.124916777E-2
2.520873654E1,9.146324359E-3,7.811733931E-3,4.136554241E-2,4.307884092E-2
2.521872354E1,-1.194593467E-2,3.747919053E-3,2.988044143E-2,3.239742323E-2
2.522871054E1,-1.123454779E-2,1.037690744E-2,4.625790775E-2,4.872052238E-2
2.523869754E1,-2.876910500E-2,1.377223939E-2,3.137089670E-2,4.473778202E-2
2.524868454E1,-5.087010009E-2,1.906192303E-4,3.148608685E-2,5.982622405E-2
2.525867154E1,-3.802564024E-2,4.933295846E-3,5.980122864E-2,7.103853652E-2
2.526865854E1,-1.924724322E-2,-2.375869900E-3,6.884219348E-2,7.152166618E-2
2.527864554E1,-1.772087325E-2,-2.656857848E-2,4.734081209E-2,5.710578955E-2
2.528863254E1,-1.773999548E-3,-3.017894179E-2,2.569909751E-2,3.967819571E-2
2.529861954E1,9.823578112E-3,-1.412965044E-2,1.478526950E-2,2.268818862E-2
2.530860654E1,9.827068169E-4,1.148860931E-2,1.580560863E-2,1.956453733E-2
2.531859354E1,1.388412220E-2,1.336965859E-2,2.573359609E-3,1.944579131E-2
2.532858154E1,2.130216493E-2,1.328048855E-3,-2.174579501E-3,2.145401456E-2
2.533856896E1,1.224452639E-2,8.006153852E-3,4.704084992E-3,1.536734660E-2
2.534855596E1,2.255918839E-2,1.074089661E-2,3.416820467E-2,4.232906863E-2
2.535854296E1,2.111248674E-2,-1.907507926E-3,6.499647975E-2,6.836605929E-2
2.536852996E1,1.976094852E-2,-1.851111531E-2,6.501694500E-2,7.042982049E-2
2.537851696E1,2.681388745E-2,-5.780557394E-3,4.981184542E-2,5.686492195E-2
2.538850396E1,1.802970674E-2,1.565504283E-2,1.844796538E-3,2.394898673E-2
2.539849096E1,8.094730033E-3,3.543047234E-2,-6.821654141E-2,7.729385193E-2
2.540847796E1,-1.225964692E-2,6.443046927E-3,-8.361635327E-2,8.475556814E-2
2.541846496E1,-1.108549861E-2,-1.366201937E-3,-2.756669819E-2,2.974353100E-2
2.542845196E1,-6.483100355E-5,9.385219663E-3,5.002059102E-2,5.089347775E-2
2.543843896E1,-9.254388213E-3,3.029369339E-2,5.625723124E-2,6.456181245E-2
2.544842596E1,-1.785291069E-2,3.507876232E-2,4.502005219E-2,5.980009269E-2
2.545841296E1,-1.333777299E-2,2.599540517E-2,4.000372589E-2,4.953741377E-2
2.546839996E1,-1.374542442E-2,3.548938304E-2,5.003930211E-2,6.286783563E-2
2.547838696E1,-7.404475361E-3,2.764125019E-2,6.852118134E-2,7.425642909E-2
2.548837396E1,-8.797318675E-5,1.575342223E-2,6.654306829E-2,6.838243918E-2
2.549836096E1,7.193509648E-3,2.561899066E-2,2.846366107E-2,3.896484653E-2
2.550834796E1,4.883950828E-3,1.883797467E-2,1.786148965E-2,2.641505400E-2
2.551833496E1,1.733689391E-2,1.260118827E-2,2.875192881E-2,3.586127781E-2
2.552832296E1,5.357931610E-3,3.704298824E-2,6.656470299E-2,7.636589614E-2
2.553830996E1,-4.077829923E-3,2.958398759E-2,9.721639216E-2,1.016998915E-1
2.554829696E1,3.581273407E-3,3.146167472E-2,1.105655855E-1,1.150104830E-1
2.555828396E1,9.274689015E-3,7.191198170E-3,1.193586284E-1,1.199342126E-1
2.556827096E1,2.749277660E-2,4.041741639E-3,1.489198118E-1,1.514902598E-1
2.557825796E1,2.631735834E-2,-6.955263019E-4,1.598734009E-1,1.620265146E-1
2.558824496E1,2.034759784E-2,-8.763368279E-3,1.496197236E-1,1.512510596E-1
2.559823196E1,-2.508117473E-3,-8.483871371E-3,1.327850050E-1,1.330793909E-1
2.560821896E1,-1.088874894E-2,1.097376198E-3,8.419405818E-2,8.490234697E-2
2.561820596E1,-1.242304919E-3,2.067853197E-2,5.504802704E-2,5.881692177E-2
2.562819296E1,1.569779146E-2,2.437514171E-2,3.442080438E-2,4.500399942E-2
2.563817996E1,4.280336360E-2,3.568424150E-2,-7.431811094E-4,5.573190599E-2
2.564816696E1,3.476695955E-2,4.313710257E-2,2.253516912E-3,5.544934114E-2
2.565815396E1,3.186491333E-2,1.896310508E-2,1.675051868E-2,4.068847419E-2
2.566814096E1,3.087421227E-2,1.412014872E-2,1.148334682E-2,3.583940342E-2
2.567812796E1,2.280055049E-2,1.718452826E-2,1.101440012E-2,3.060212614E-2
2.568811496E1,3.231044375E-2,1.169267714E-2,-1.159795225E-2,3.626563071E-2
2.569810196E1,4.653981663E-2,4.605851769E-3,-3.466287911E-2,5.821240066E-2
2.570808896E1,3.657231479E-2,-2.348387986E-3,-2.566752255E-2,4.474227139E-2
2.571807596E1,4.178693480E-2,-8.754158914E-3,1.641605794E-2,4.574133991E-2
2.572806296E1,6.239737412E-2,-9.197670221E-4,3.798292816E-2,7.305464461E-2
2.573805096E1,5.215846097E-2,-7.447160035E-3,5.320498466E-2,7.487813858E-2
2.574803796E1,4.148631482E-2,-1.504313171E-2,4.572698057E-2,6.354814617E-2
2.575802496E1,6.096880797E-2,5.786112249E-3,3.451786816E-2,7.030048267E-2
2.576801196E1,4.083048563E-2,2.491571680E-2,7.790830135E-3,4.846254775E-2
2.577799896E1,2.194489270E-2,1.527088076E-2,-4.461074710E-2,5.200862305E-2
2.578798596E1,2.896974673E-2,6.056984514E-3,-6.366623819E-2,7.020913881E-2
2.579797296E1,1.721412065E-2,6.533094049E-3,-4.896166027E-2,5.230919082E-2
2.580795996E1,1.010281920E-2,-8.341053128E-4,2.409637570E-3,1.041964686E-2
2.581794696E1,-4.029325442E-3,-1.596289873E-4,4.602869689E-2,4.620499846E-2
2.582793396E1,5.253997352E-4,2.829760015E-3,4.518318951E-2,4.527476340E-2
2.583792096E1,-6.134076398E-3,-6.979528964E-3,4.169824898E-2,4.272100989E-2
2.584790796E1,1.497625418E-2,1.189616024E-3,4.462536514E-2,4.708637371E-2
2.585789496E1,8.497740235E-3,6.587180793E-3,2.944423914E-2,3.134590497E-2
2.586788196E1,9.450708479E-3,1.488364890E-2,5.690510273E-3,1.852621933E-2
2.587786896E1,5.635235813E-3,2.740443796E-3,2.622768581E-2,2.696585652E-2
2.588785596E1,1.667275985E-2,1.510058060E-2,4.518728256E-2,5.047671702E-2
2.589784296E1,2.998312402E-2,8.138739467E-3,5.973983288E-2,6.733553622E-2
2.590782996E1,4.395214962E-2,-8.188733160E-3,6.088354826E-2,7.553577467E-2
2.591781796E1,4.150551927E-2,-1.055130064E-3,8.280709863E-2,9.263280743E-2
2.592780496E1,4.140288237E-2,1.380732268E-2,8.394672096E-2,9.461444281E-2
2.593779196E1,3.310450478E-2,1.033509985E-2,6.879190743E-2,7.703926955E-2
2.594777896E1,7.417649869E-3,1.166344106E-2,3.633693695E-2,3.887711890E-2
2.595776596E1,7.203303734E-3,1.830310062E-2,3.038622558E-2,3.619687531E-2
2.596775296E1,3.464420456E-3,1.347534701E-2,2.769182861E-2,3.099071729E-2
2.597773996E1,-4.347870788E-3,1.737280861E-2,3.240293026E-2,3.702253839E-2
2.598772696E1,1.309255539E-2,4.074091360E-2,1.741359293E-2,4.620032756E-2
2.599771396E1,5.661584828E-3,6.096760198E-2,-3.613579273E-2,7.109780272E-2
2.600770096E1,-4.074376412E-3,4.064019531E-2,-4.726128995E-2,6.246483448E-2
2.601768796E1,1.580665930E-2,4.131437927E-2,-3.492892742E-2,5.636273932E-2
2.602767496E1,1.403000110E-2,3.726562098E-2,-2.968222082E-2,4.966489374E-2
2.603766196E1,1.097166063E-2,-1.367663741E-3,-2.775380909E-2,2.987510268E-2
2.604764896E1,2.569283003E-2,-3.644759551E-2,1.311355054E-2,4.648132895E-2
2.605763596E1,3.140530391E-2,-3.862758368E-2,1.046897185E-1,1.159237702E-1
2.606762296E1,2.566853668E-2,-2.845342845E-2,1.280043215E-1,1.336172806E-1
2.607760996E1,3.467767987E-2,-3.774421558E-2,1.033641547E-1,1.153746756E-1
2.608759696E1,6.349043800E-2,-1.064456373E-2,4.173216283E-2,7.671972281E-2
2.609758396E1,4.361545963E-2,-2.319882810E-4,-4.648945749E-2,6.374662183E-2
2.610757196E1,2.182105964E-2,-2.380986214E-3,-9.637497783E-2,9.884312870E-2
2.611755896E1,1.405460509E-2,1.206587568E-2,-9.278303325E-2,9.461399759E-2
2.612754596E1,1.406881199E-2,1.726185769E-2,-6.978768826E-2,7.325451954E-2
2.613753296E1,1.587626858E-2,1.031945854E-2,-3.033827841E-2,3.576252600E-2
2.614751996E1,3.979734658E-2,8.597745895E-3,-1.395145655E-2,4.303943737E-2
2.615750696E1,2.560282859E-2,1.975788787E-2,-2.421390474E-2,4.040039786E-2
2.616749396E1,1.227284884E-3,3.455075875E-2,-3.631998003E-2,5.014381425E-2
2.617748096E1,-1.004563526E-2,3.481022894E-2,-3.893076181E-2,5.318149154E-2
2.618746796E1,-2.418824094E-2,-3.739294410E-3,-2.725387216E-2,3.663095508E-2
2.619745496E1,-3.385100235E-2,-1.310229465E-2,4.253030777E-2,5.591410881E-2
2.620744196E1,-4.376530367E-2,-1.284925640E-2,9.476056159E-2,1.051668637E-1
2.621742896E1,-1.313427161E-2,-2.536112845E-2,1.195673740E-1,1.229310898E-1
2.622741596E1,-2.456249015E-2,-8.996526003E-3,9.297248304E-2,9.658227583E-2
2.623740296E1,-2.710517015E-2,-1.612691313E-2,7.475665212E-2,8.113768922E-2
2.624738996E1,-5.047819046E-3,-6.883488446E-3,7.597228825E-2,7.645032029E-2
2.625737696E1,1.925501819E-2,1.399048671E-2,5.273428380E-2,5.785666887E-2
2.626736396E1,2.808381133E-2,2.160268441E-2,1.475427926E-2,3.838053138E-2
2.627735096E1,1.620520187E-2,3.920996636E-3,-6.059469581E-3,1.773978449E-2
2.628733896E1,3.844081082E-2,9.256434739E-3,2.853207350E-2,4.875917082E-2
2.629732596E1,4.191502537E-2,2.058205292E-2,4.883360624E-2,6.756634778E-2
2.630731296E1,1.277893449E-2,2.705784425E-2,2.492200255E-2,3.894270552E-2
2.631729996E1,-1.500590139E-2,2.581194878E-2,-1.719139874E-2,3.445254659E-2
2.632728696E1,1.121473121E-2,1.225386366E-2,-4.569657505E-2,4.862205612E-2
2.633727379E1,7.782242037E-3,-1.071092963E-2,-5.868207157E-2,6.015706798E-2
2.634726079E1,1.045619203E-2,-3.687034920E-2,-4.570417643E-2,5.964584097E-2
2.635724779E1,9.447446829E-3,-4.972413719E-2,-2.757605374E-2,5.763837966E-2
2.636723479E1,1.003466260E-2,-4.074909970E-2,-1.525070786E-2,4.465162562E-2
2.637722179E1,-1.486243447E-3,-2.587919176E-2,-1.605002224E-2,3.048843551E-2
2.638720879E1,-2.666080917E-2,-1.590544984E-2,-2.632767320E-2,4.070538608E-2
2.639719579E1,-1.941891382E-2,-6.953362674E-3,1.414266050E-2,2.500916456E-2
2.640718279E1,-1.309904214E-3,7.661460489E-3,2.158441186E-2,2.294124367E-2
2.641716979E1,-1.834530107E-2,2.170720339E-2,3.432607949E-2,4.456492436E-2
2.642715679E1,-3.479004691E-2,3.071878597E-2,7.648684323E-2,8.946635324E-2
2.643714379E1,-5.240973593E-2,-5.956704766E-3,7.593252718E-2,9.245545650E-2
2.644713079E1,-8.126487723E-3,7.118838876E-3,9.637322366E-2,9.697688337E-2
2.645711779E1,6.279105619E-3,1.069718868E-2,8.462207437E-2,8.552632626E-2
2.646710579E1,7.246527448E-4,1.552523464E-2,7.870410740E-2,8.022402729E-2
2.647709279E1,-2.450607366E-2,1.517776385E-2,5.297401965E-2,6.030886269E-2
2.648707979E1,-1.976038207E-2,2.500020906E-2,8.337603271E-2,8.925831044E-2
2.649706679E1,-1.759658338E-2,2.742987335E-2,1.319412518E-1,1.359063340E-1
2.650705379E1,-1.642263606E-2,2.527649000E-2,1.476533049E-1,1.506987139E-1
2.651704079E1,-3.879746814E-2,2.059403971E-2,1.382790488E-1,1.450877436E-1
2.652702779E1,-1.698155222E-2,1.667508960E-2,9.721229911E-2,1.000832795E-1
2.653701479E1,-9.258577195E-3,1.320184350E-2,8.628092945E-2,8.777476123E-2
2.654700179E1,-3.789447988E-2,2.494904593E-2,6.552272916E-2,7.969739352E-2
2.655698879E1,-4.253385721E-2,1.889425412E-2,5.888029218E-2,7.505338537E-2
2.656697579E1,-3.274557710E-2,2.941588014E-2,6.907725155E-2,8.190991092E-2
2.657696279E1,-2.713829828E-2,1.429264158E-2,5.580173314E-2,6.367574309E-2
2.658694979E1,1.709466387E-2,2.756962180E-3,4.609769404E-2,4.924251993E-2
2.659693679E1,1.339893578E-2,-9.530961514E-5,4.116205931E-2,4.328805482E-2
2.660692379E1,-1.218239972E-3,-8.776085973E-3,4.621054530E-2,4.705229315E-2
2.661691079E1,-9.851763519E-3,-9.857382327E-3,3.280755758E-2,3.564493043E-2
2.662689779E1,1.510393818E-2,-6.663925499E-3,4.481598437E-2,4.775991318E-2
2.663688579E1,2.374287040E-2,2.242699564E-3,6.133378386E-2,6.580719292E-2
2.664687279E1,1.713214086E-2,-1.510438129E-2,5.840140522E-2,6.270866540E-2
2.665685979E1,2.251974709E-2,-3.075781614E-2,6.057539999E-2,7.157207100E-2
2.666684679E1,1.359481751E-2,-1.916249514E-2,4.947387636E-2,5.476937762E-2
2.667683379E1,2.859289368E-2,3.331451118E-3,3.583700001E-2,4.596675652E-2
2.668682079E1,3.589642691E-2,-5.304886401E-3,5.436741114E-3,3.669132648E-2
2.669680779E1,6.092806933E-2,-9.740876555E-3,-3.182639480E-2,6.942646263E-2
2.670679479E1,6.023378556E-2,-8.928844482E-3,-2.491206229E-2,6.579091148E-2
2.671678179E1,3.415079093E-2,-8.028519452E-3,-4.525160193E-3,3.537245709E-2
2.672676879E1,3.197140574E-2,-1.135251537E-2,1.182131588E-2,3.592762029E-2
2.673675579E1,1.974868764E-2,-4.568575770E-3,-5.869435072E-3,2.110291014E-2
2.674674279E1,2.239437914E-3,-2.725723431E-2,-3.966984987E-2,4.818369945E-2
2.675672979E1,-5.389045193E-3,-2.979361027E-2,-1.279897034E-2,3.287118287E-2
2.676671679E1,-7.401615707E-3,-3.630083039E-2,-1.072262406E-2,3.856823653E-2
2.677670379E1,-8.478184040E-3,-4.093752623E-2,-1.686336994E-3,4.184022455E-2
2.678669079E1,-4.935643869E-4,-4.642733082E-2,5.672150016E-2,7.330122259E-2
2.679667879E1,-1.532929353E-2,-3.871470720E-2,1.150439680E-1,1.223475801E-1
2.680666579E1,2.190609095E-3,-4.792597219E-2,9.369402945E-2,1.052628554E-1
2.681665279E1,7.897505276E-3,-5.389787972E-2,1.061181933E-1,1.192829534E-1
2.682663979E1,8.469454329E-3,-3.222926795E-2,8.104533255E-2,8.762878122E-2
2.683662679E1,3.652481530E-3,-1.977601424E-2,4.927331686E-2,5.321927390E-2
2.684661379E1,-4.313947801E-3,-1.272938848E-2,1.465721548E-2,1.988671522E-2
2.685660079E1,-9.413898429E-3,3.054877818E-3,2.476354301E-2,2.666808626E-2
2.686658779E1,-3.653439011E-2,1.982206106E-4,3.812443078E-2,5.280410187E-2
2.687657479E1,-3.676917410E-2,-5.740503967E-4,5.084270954E-2,6.274777136E-2
2.688656179E1,-5.980326603E-3,1.042470843E-2,3.420796573E-2,3.625774085E-2
2.689654879E1,7.591426377E-3,6.946930736E-3,1.605002224E-2,1.906548754E-2
2.690653579E1,3.090290017E-3,2.009191006E-2,-1.085477114E-2,2.304475643E-2
2.691652279E1,-1.703768549E-2,6.157848984E-3,-1.522322595E-2,2.366322969E-2
2.692650979E1,-4.615136965E-2,-1.227242857E-2,-2.487288594E-2,5.384442291E-2
2.693649679E1,-6.594295667E-2,-3.826710284E-2,1.743113458E-2,7.820926510E-2
2.694648379E1,-5.756774301E-2,-3.452254593E-2,5.424754322E-2,8.630554535E-2
2.695647079E1,-6.085691602E-2,-3.184393644E-2,6.136594355E-2,9.210526339E-2
2.696645879E1,-8.357604403E-2,-3.385903314E-2,8.280066669E-2,1.224227906E-1
2.697644579E1,-7.020533020E-2,-3.065739021E-2,8.469633400E-2,1.142021583E-1
2.698643279E1,-6.720895195E-2,-3.822178692E-2,7.942974687E-2,1.108468895E-1
2.699641979E1,-4.671728420E-2,-1.315111890E-2,5.797982097E-2,7.561161426E-2
2.700640679E1,-4.367869636E-2,-7.628131360E-3,5.901594758E-3,4.473081403E-2
2.701639379E1,-1.288805359E-2,-6.957601905E-3,-3.041078389E-2,3.375390238E-2
2.702638079E1,8.255578713E-3,-8.416774571E-3,-1.542320073E-2,1.941318610E-2
2.703636779E1,2.788555417E-2,-2.359395370E-2,1.631431639E-2,4.000544590E-2
2.704635479E1,1.173950968E-2,1.546296179E-3,6.799376249E-2,6.901709105E-2
2.705634179E1,8.663910795E-3,2.031761259E-3,8.141429186E-2,8.189919611E-2
2.706632879E1,2.435188076E-2,-3.388461471E-3,7.093958974E-2,7.507943234E-2
2.707631579E1,3.478820595E-2,-1.242109403E-2,7.341003835E-2,8.217990376E-2
2.708630279E1,4.027566253E-2,-2.734786615E-2,7.640498221E-2,9.059666705E-2
2.709628979E1,3.227310380E-2,-4.534398794E-2,8.901099443E-2,1.049789865E-1
2.710627679E1,2.328430708E-2,-3.418881610E-2,8.083541751E-2,9.080417846E-2
2.711626479E1,5.377807575E-3,-2.289097220E-2,7.114073396E-2,7.492610660E-2
2.712625179E1,2.208511624E-3,-2.231765270E-2,4.295949340E-2,4.846104847E-2
2.713623879E1,-4.901748290E-3,-1.434672832E-2,1.860116243E-2,2.399706219E-2
2.714622579E1,-5.410414939E-3,-1.604300559E-2,3.640944242E-2,4.015343218E-2
2.715621279E1,2.324111992E-2,-1.908531189E-3,4.030427277E-2,4.656421963E-2
2.716619979E1,1.834837999E-2,1.209364995E-2,1.936890185E-2,2.929289635E-2
2.717618679E1,-7.504672883E-3,-9.802857041E-4,1.581145585E-2,1.752949546E-2
2.718617379E1,-1.246908688E-2,-7.122785747E-3,2.272344947E-2,2.688061309E-2
2.719616079E1,-2.331496842E-2,3.248420656E-3,1.363453746E-2,2.720368727E-2
2.720614779E1,-6.673454633E-3,1.368467733E-2,6.631911993E-3,1.660685543E-2
2.721613479E1,-3.078166181E-3,-6.040319949E-3,5.284713507E-3,8.595857664E-3
2.722612179E1,2.873329081E-2,-5.875428468E-3,2.769650638E-2,4.033880422E-2
2.723610879E1,4.447105346E-2,-5.374029726E-3,5.174844325E-2,6.844308709E-2
2.724609579E1,3.287679227E-2,-7.334016412E-3,6.577883720E-2,7.390214267E-2
2.725608279E1,3.363477414E-2,-1.772700369E-2,5.107367456E-2,6.367153936E-2
2.726607079E1,2.277231026E-2,-2.523512095E-3,3.335134864E-2,4.046305332E-2
2.727605779E1,1.028907130E-2,-7.650058419E-3,3.495699406E-2,3.723412165E-2
2.728604479E1,1.044385806E-2,-8.745972812E-3,4.317642510E-2,4.527438454E-2
2.729603179E1,-1.201129558E-2,-2.889430851E-2,5.294361413E-2,6.149941920E-2
2.730601879E1,-2.457194620E-2,-9.993914813E-3,6.517891288E-2,7.037008993E-2
2.731600579E1,-1.793610561E-2,-1.703644753E-2,6.880535603E-2,7.311717614E-2
2.732599279E1,-1.961347992E-3,-1.523462802E-2,6.017778933E-2,6.210722265E-2
2.733597979E1,-1.396626645E-2,-3.252031311E-2,4.854299963E-2,6.007537079E-2
2.734596671E1,-3.052537104E-2,-1.274897665E-2,3.492483437E-2,4.810487230E-2
2.735595371E1,-3.991145865E-2,-1.167016536E-2,1.403097868E-2,4.388605307E-2
2.736594071E1,-3.464599527E-2,-1.310653389E-2,-3.253156900E-2,4.929938337E-2
2.737592771E1,-9.034907492E-3,-2.427530050E-2,-3.799403787E-2,4.598333047E-2
2.738591471E1,-2.020048555E-3,4.983289540E-4,4.895288944E-3,5.319095953E-3
2.739590171E1,1.544031297E-2,2.245623171E-3,1.491683185E-2,2.158605940E-2
2.740588871E1,7.466026442E-3,-1.745905504E-2,3.760402858E-2,4.212627588E-2
2.741587671E1,8.892555200E-3,-1.594506472E-2,7.625003099E-2,7.840529226E-2
2.742586371E1,6.362181762E-3,-3.274353057E-2,8.154410005E-2,8.810253347E-2
2.743585071E1,5.777140427E-4,-2.541740790E-2,7.049754024E-2,7.494185451E-2
2.744583771E1,1.538175859E-2,-2.661404058E-2,5.324533045E-2,6.148146768E-2
2.745582471E1,1.160188084E-2,-2.487405539E-2,5.255535901E-2,5.929070779E-2
2.746581171E1,2.865052530E-2,-7.118254155E-3,3.837644577E-2,4.841770061E-2
2.747579871E1,2.761975254E-2,-4.089981169E-3,2.792922556E-2,3.949202852E-2
2.748578571E1,1.369713921E-2,3.300753236E-3,2.231005132E-2,2.638645456E-2
2.749577271E1,1.266108569E-2,6.280494332E-3,6.004856586E-2,6.168936669E-2
2.750575971E1,-1.912861783E-4,1.535464212E-2,6.238277435E-2,6.424493880E-2
2.751574671E1,-6.813943125E-3,7.442774624E-3,3.373960376E-2,3.521626864E-2
2.752573371E1,-1.306480852E-2,1.651692241E-2,2.495299280E-2,3.265194936E-2
2.753572071E1,-2.628867958E-2,2.401202962E-2,7.089748979E-3,3.630339903E-2
2.754570771E1,-2.684896161E-2,3.304773197E-2,9.366654754E-3,4.359763238E-2
2.755569471E1,-1.731991871E-2,4.892599225E-2,2.522781193E-2,5.770766671E-2
2.756568271E1,-8.440510612E-3,3.115469590E-2,3.015409112E-2,4.417155767E-2
2.757566971E1,1.392069471E-2,1.711713910E-2,5.443289995E-2,5.873434080E-2
2.758565671E1,6.830973141E-3,5.417152941E-3,4.613102317E-2,4.694762016E-2
2.759564371E1,1.939758975E-3,3.449857235E-3,4.653506577E-2,4.670306763E-2
2.760563071E1,2.752944960E-2,1.432991758E-2,2.137040377E-2,3.768171029E-2
2.761561771E1,3.700309013E-2,3.092373088E-2,1.595705152E-2,5.079501259E-2
2.762560471E1,5.932104433E-2,3.494076803E-2,4.524224639E-2,8.238145683E-2
2.763559171E1,5.804140859E-2,1.449773267E-2,3.646089792E-2,7.005987754E-2
2.764557871E1,6.841149123E-2,4.690782577E-3,3.810338080E-2,7.844745504E-2
2.765556571E1,5.587787485E-2,3.543266505E-3,3.878458142E-2,6.811119872E-2
2.766555271E1,2.848553332E-2,1.228339210E-2,-1.415961742E-2,3.409988410E-2
2.767553971E1,1.220291066E-2,-1.817314625E-2,-3.056982815E-2,3.759905140E-2
2.768552671E1,3.931717141E-2,-1.862221241E-2,-4.988435090E-2,6.618969124E-2
2.769551371E1,6.756232020E-2,1.523740545E-2,-5.923404872E-2,9.113461562E-2
2.770550171E1,3.564121879E-2,3.334126219E-2,-7.727329373E-2,9.139528525E-2
2.771548871E1,-2.989571728E-4,2.729626447E-2,-4.716598034E-2,5.449591848E-2
2.772547571E1,-2.415072740E-2,1.207259998E-2,-1.640377879E-2,3.159255075E-2
2.773546271E1,-2.589285049E-2,2.154099628E-2,1.060626447E-2,3.531213776E-2
2.774544971E1,6.677100006E-3,4.292689517E-2,1.684231997E-2,4.659362333E-2
2.775543671E1,1.280310907E-2,7.511303991E-2,4.879442990E-2,9.048085298E-2
2.776542371E1,3.730681644E-2,7.153629810E-2,5.370492160E-2,9.691985917E-2
2.777541071E1,5.896456517E-2,5.752154544E-2,7.041743338E-2,1.083704898E-1
2.778539771E1,4.912406668E-2,4.627925009E-2,1.224874735E-1,1.398503632E-1
2.779538471E1,6.589921676E-2,4.663622260E-2,1.296579140E-1,1.527377448E-1
2.780537171E1,5.324620754E-2,3.320049047E-2,1.162800694E-1,1.321305631E-1
2.781535871E1,3.689902796E-2,3.910764009E-2,8.647798061E-2,1.018301866E-1
2.782534571E1,8.098210953E-3,4.057646066E-2,3.601300120E-2,5.485404667E-2
2.783533271E1,1.895388658E-2,6.934169188E-2,1.076881707E-2,7.268760190E-2
2.784532071E1,1.911702390E-2,7.244188562E-2,2.509215653E-2,7.901204791E-2
2.785530771E1,3.936543834E-2,5.818461969E-2,5.079066932E-2,8.668782957E-2
2.786529471E1,3.915673843E-2,4.803224534E-2,7.002566993E-2,9.350904344E-2
2.787528171E1,3.798131104E-2,3.269616812E-2,4.520365477E-2,6.749066456E-2
2.788526871E1,5.251272915E-2,-3.301747262E-2,4.509255767E-2,7.668819321E-2
2.789525571E1,3.835843817E-2,-1.482122988E-2,7.497358382E-2,8.551068298E-2
2.790524271E1,-1.024637748E-2,7.905874103E-3,6.990931034E-2,7.109713615E-2
2.791522971E1,-2.940086924E-2,-2.957521677E-3,5.237000227E-2,6.013131617E-2
2.792521671E1,-1.327707158E-2,7.240022421E-3,1.255689561E-2,1.965640308E-2
2.793520371E1,-2.213048698E-2,9.905768037E-3,-5.267756581E-3,2.481193168E-2
2.794519071E1,-2.506165051E-2,1.629867509E-2,-2.912088811E-2,4.173438942E-2
2.795517771E1,-8.528483799E-3,-4.311152101E-3,-3.205677509E-2,3.345082806E-2
2.796516471E1,1.497155814E-2,-1.313591614E-2,-3.521193266E-3,2.022618718E-2
2.797515171E1,1.481748400E-2,-3.510960639E-3,7.905435562E-4,1.524826665E-2
2.798513971E1,-6.703444454E-3,1.183286414E-2,-2.300645471E-2,2.672545228E-2
2.799512671E1,-2.284751094E-2,1.232329935E-2,-3.330574036E-2,4.222729927E-2
2.800511371E1,-5.840546172E-3,-6.270700246E-3,-4.816410005E-2,4.892048850E-2
2.801510071E1,1.753301318E-2,-3.124898225E-2,-3.977919281E-2,5.353774017E-2
2.802508771E1,2.426827014E-2,-9.820398688E-3,7.637633085E-3,2.727127802E-2
2.803507471E1,-1.785458720E-2,1.921248883E-2,2.176684499E-2,3.408374322E-2
2.804506171E1,-3.551272165E-2,2.904984444E-2,2.681357682E-2,5.314145993E-2
2.805504871E1,-4.322212018E-2,-6.467166692E-3,5.162155867E-2,6.763698128E-2
2.806503571E1,-8.262015218E-3,2.872737050E-3,3.473772347E-2,3.582210135E-2
2.807502271E1,2.419455411E-2,2.164902359E-2,5.157010317E-2,6.093875788E-2
2.808500971E1,-5.777642922E-3,5.086653695E-2,1.079279065E-1,1.194538352E-1
2.809499671E1,8.889818885E-3,4.888564646E-3,9.830338955E-2,9.882551968E-2
2.810498371E1,2.534709513E-2,1.022721872E-2,8.500155866E-2,8.928793989E-2
2.811497171E1,2.520797708E-2,1.652013838E-2,7.598982990E-2,8.174846377E-2
2.812495871E1,1.672088061E-2,2.875222117E-3,5.673904181E-2,5.922139491E-2
2.813494571E1,-2.127691684E-2,1.668210626E-3,1.045832992E-2,2.376692621E-2
2.814493271E1,-2.963230478E-2,7.325099409E-4,-4.524633944E-2,5.409104630E-2
2.815491971E1,-3.760034666E-2,-9.560197592E-4,-3.568263352E-2,5.184544703E-2
2.816490671E1,-2.812006406E-2,-4.307936132E-4,-4.831028044E-2,5.589997122E-2
2.817489371E1,-4.547760139E-2,-1.416911915E-2,-3.285784364E-2,5.786721052E-2
2.818488071E1,-2.007618654E-2,-8.280972987E-3,4.978319407E-3,2.228029272E-2
2.819486771E1,1.520081924E-2,-6.869016588E-3,3.545576155E-2,3.918366141E-2
2.820485471E1,2.065305091E-2,-2.948458493E-4,4.898621857E-2,5.316281648E-2
2.821484171E1,3.011673289E-2,-3.800690174E-3,4.346937060E-2,5.301932692E-2
2.822482871E1,6.423193346E-2,-1.994748384E-2,5.113565505E-2,8.448963608E-2
2.823481571E1,7.016324852E-2,-2.361646548E-2,8.022145987E-2,1.091608973E-1
2.824480371E1,7.299313188E-2,-2.429298833E-2,8.305268168E-2,1.132073077E-1
2.825479071E1,6.200248607E-2,-1.221249461E-2,9.928981483E-2,1.176941827E-1
2.826477771E1,4.325580562E-2,-2.083392173E-2,9.282571793E-2,1.045070855E-1
2.827476471E1,3.886800018E-2,-1.563516229E-2,8.128916144E-2,9.145002737E-2
2.828475171E1,5.181309609E-2,1.251157969E-3,4.116673708E-2,6.618808476E-2
2.829473871E1,4.790000690E-2,5.034891218E-3,4.245663285E-2,6.420534607E-2
2.830472571E1,3.837190504E-2,1.042836294E-2,5.463521361E-2,6.757337062E-2
2.831471271E1,5.050971975E-2,-6.931143254E-3,7.442511499E-2,9.021291635E-2
2.832469971E1,4.750338295E-2,-1.207873955E-2,7.072207332E-2,8.604695808E-2
2.833468671E1,1.135802911E-2,-1.495249987E-2,4.111411214E-2,4.519902980E-2
2.834467358E1,1.610989225E-2,-1.343383178E-2,4.891780615E-2,5.322544714E-2
2.835466058E1,1.765274862E-2,-8.591460139E-3,4.643507838E-2,5.041477190E-2
2.836464758E1,1.653985446E-3,-1.498349011E-2,1.209321141E-2,1.932579639E-2
2.837463558E1,1.931328935E-2,-1.085491732E-2,2.143296897E-2,3.082538782E-2
2.838462258E1,3.771822745E-2,-2.204590335E-2,3.989028990E-2,5.916013662E-2
2.839460958E1,2.981582969E-2,-3.800500140E-2,5.415632665E-2,7.256908121E-2
2.840459658E1,2.238177108E-2,-3.424962714E-2,4.345299840E-2,5.968369715E-2
2.841458358E1,1.864774830E-2,-5.733867377E-2,4.982003152E-2,7.821443324E-2
2.842457058E1,2.548257695E-2,-5.191114202E-2,4.197950006E-2,7.145912691E-2
2.843455758E1,2.013631693E-2,-2.702992380E-2,9.140952229E-3,3.492341689E-2
2.844454458E1,1.598447404E-2,-1.698367640E-2,4.094044983E-2,4.711760931E-2
2.845453158E1,-1.302602503E-2,-1.616608948E-3,3.350571513E-2,3.598504827E-2
2.846451858E1,-2.048380142E-3,-1.707094610E-2,4.772672832E-2,5.072921898E-2
2.847450558E1,-5.024813907E-4,-8.723168671E-3,3.993882179E-2,4.088343975E-2
2.848449258E1,-4.719963837E-3,-4.973641634E-3,1.486946940E-3,7.016137180E-3
2.849447958E1,-8.890860421E-3,1.197802126E-2,-3.360394835E-2,3.676609494E-2
2.850446758E1,-1.658234728E-2,2.085482553E-2,-5.716881216E-2,6.307274429E-2
2.851445458E1,-3.893025018E-2,3.030611873E-3,-4.882425070E-2,6.251844883E-2
2.852444158E1,-6.530487469E-2,-1.447902158E-2,9.702869654E-3,6.759078639E-2
2.853442858E1,-5.682930363E-2,-7.910405695E-3,2.512022316E-2,6.263521279E-2
2.854441558E1,-3.339190456E-2,-9.267836809E-4,2.776257992E-3,3.351993178E-2
2.855440258E1,-2.964811967E-2,-1.111848056E-2,-4.391843677E-3,3.196748193E-2
2.856438958E1,-4.143231031E-2,-5.801168829E-3,1.143656909E-2,4.337147691E-2
2.857437658E1,-1.407422980E-2,7.183012068E-3,2.951031268E-2,3.347444042E-2
2.858436358E1,-7.369620474E-3,2.090613484E-2,1.078577399E-2,2.465178900E-2
2.859435058E1,-5.260959193E-3,2.279566258E-2,9.468981028E-3,2.523849294E-2
2.860433758E1,-5.422168756E-3,2.194650069E-2,2.750998020E-2,3.560685071E-2
2.861432458E1,-1.377402096E-2,1.078036532E-2,5.696123600E-2,5.958625963E-2
2.862431258E1,-1.043969192E-2,1.649104849E-2,7.745397270E-2,7.987527611E-2
2.863429958E1,-1.858845844E-2,6.830717325E-3,7.621202409E-2,7.874301304E-2
2.864428658E1,-2.264400499E-2,6.336919963E-3,7.688913167E-2,8.040426658E-2
2.865427358E1,-1.210569613E-2,-8.088161051E-4,9.686789811E-2,9.762474966E-2
2.866426058E1,-1.283891413E-2,-8.458435982E-3,1.080489439E-1,1.091373315E-1
2.867424758E1,-2.654672451E-3,-2.142609850E-2,1.173413390E-1,1.193110004E-1
2.868423458E1,-1.232295674E-2,-2.298672035E-2,1.228289509E-1,1.255674948E-1
2.869422158E1,-2.143117826E-2,-1.087260514E-2,1.165490413E-1,1.190007898E-1
2.870420858E1,-2.750521563E-2,-5.479425788E-3,7.543259025E-2,8.047755380E-2
2.871419558E1,-2.094884693E-2,-9.095490128E-3,6.515669346E-2,6.904329678E-2
2.872418258E1,-1.189598666E-2,-2.127538651E-2,5.905512393E-2,6.388790364E-2
2.873416958E1,-1.530902470E-2,8.069596142E-3,2.106517911E-2,2.726217875E-2
2.874415758E1,-8.209445095E-4,-1.276447177E-3,4.447976947E-3,4.699762356E-3
2.875414458E1,1.025879368E-2,-2.049814537E-2,-2.935302258E-3,2.310914994E-2
2.876413158E1,-2.596593611E-2,-3.240950838E-2,3.386473417E-2,5.358569111E-2
2.877411858E1,-2.133722082E-2,-1.789408788E-2,5.573039711E-2,6.230050188E-2
2.878410558E1,-3.866398717E-2,-1.351276919E-2,2.505181074E-2,4.801137424E-2
2.879409258E1,-2.156141586E-2,-1.992716476E-2,-6.414395571E-3,3.005213836E-2
2.880407958E1,-8.430488119E-3,-4.335111067E-2,-1.323341846E-2,4.610331106E-2
2.881406658E1,1.076380125E-2,-4.179063499E-2,2.367946923E-2,4.922432176E-2
2.882405358E1,5.288569015E-3,-3.774026871E-2,2.649081051E-2,4.641185071E-2
2.883404058E1,1.058974609E-2,-4.556720540E-2,4.637426734E-2,6.587173598E-2
2.884402758E1,9.507938102E-3,-5.663554609E-2,3.273856044E-2,6.610445754E-2
2.885401458E1,3.826874737E-3,-4.321910977E-2,2.503017604E-2,5.009037964E-2
2.886400258E1,4.020052124E-4,-2.204809606E-2,-1.761824548E-2,2.822556859E-2
2.887398958E1,-1.835778122E-2,-1.692242682E-2,1.391637325E-2,2.858394838E-2
2.888397658E1,-3.714166914E-2,-6.316747069E-3,3.455704451E-3,3.783314385E-2
2.889396358E1,-5.323132454E-2,3.903308809E-3,1.091675162E-3,5.338540519E-2
2.890395058E1,-5.316608241E-2,7.500515878E-4,1.868594706E-2,5.635920079E-2
2.891393758E1,-2.326200544E-2,2.187589556E-3,3.034354091E-2,3.829669594E-2
2.892392458E1,5.866602827E-3,-1.547494859E-2,4.716890395E-2,4.998796417E-2
2.893391158E1,-2.412342821E-2,-1.514691979E-2,4.923764884E-2,5.688334582E-2
2.894389858E1,-2.903273677E-2,-6.426528543E-3,6.482047856E-2,7.131545775E-2
2.895388558E1,-2.686855435E-2,-2.831353381E-2,7.986302555E-2,8.889138462E-2
2.896387258E1,-3.512012681E-2,-2.853105024E-2,4.369975090E-2,6.290558292E-2
2.897385958E1,-4.807620452E-2,-3.383520573E-2,1.933674216E-3,5.882075896E-2
2.898384758E1,-4.360358704E-2,-2.458929598E-2,-1.176050484E-2,5.142193845E-2
2.899383458E1,-3.257614489E-2,-3.233217895E-3,-7.979695201E-3,3.369472435E-2
2.900382158E1,-3.090307376E-2,-8.368827403E-4,7.344102859E-3,3.177477282E-2
2.901380858E1,-6.252747467E-3,-3.587266803E-3,2.045297563E-2,2.168616024E-2
2.902379558E1,1.986485537E-2,5.846923292E-3,3.402260900E-2,3.982884525E-2
2.903378258E1,2.100476093E-2,-9.976665527E-3,3.949911118E-2,4.583572428E-2
2.904376958E1,3.545882220E-2,-2.237159327E-2,3.684505999E-2,5.581554177E-2
2.905375658E1,3.353088557E-2,-2.115712658E-2,4.206136107E-2,5.780226974E-2
2.906374358E1,4.448212663E-2,-1.261916846E-2,3.229124844E-2,5.639705425E-2
2.907373058E1,7.043205142E-2,4.172865450E-3,3.436934888E-2,7.848145524E-2
2.908371758E1,2.666912318E-2,2.831660360E-3,4.547555029E-2,5.279475453E-2
2.909370458E1,-2.095358865E-3,3.023960665E-2,2.596222222E-2,3.991066676E-2
2.910369258E1,-2.297658822E-2,3.000630274E-2,1.908355772E-2,4.233773714E-2
2.911367958E1,-1.954978181E-2,2.776214138E-2,3.816068351E-2,5.108001790E-2
2.912366658E1,1.224799817E-3,2.327469572E-2,2.718312085E-2,3.580689395E-2
2.913365358E1,2.121103973E-2,2.635223150E-2,-2.388002872E-3,3.391239994E-2
2.914364058E1,6.208313196E-2,2.973046035E-2,-1.723759174E-3,6.885627707E-2
2.915362758E1,3.403274112E-2,3.320092902E-2,3.678775728E-2,6.011545759E-2
2.916361458E1,9.757577665E-3,2.314181775E-3,1.116408885E-2,1.500675311E-2
2.917360158E1,2.865820890E-3,-1.214466691E-2,1.087851083E-1,1.094984276E-1
2.918358858E1,3.920039155E-2,-6.314408183E-3,1.950350475E-1,1.990357059E-1
2.919357558E1,6.162380576E-3,-2.625209793E-2,1.025133848E-1,1.060006681E-1
2.920356258E1,6.712192437E-3,-9.363438785E-3,4.955105960E-2,5.087273357E-2
2.921355058E1,4.664764294E-2,4.302015826E-2,1.144943297E-1,1.309033542E-1
2.922353758E1,3.749385425E-2,-7.469233274E-3,1.173618042E-1,1.234316477E-1
2.923352458E1,3.885447392E-2,-2.205028877E-2,1.379685616E-1,1.450214101E-1
2.924351158E1,9.350867271E-3,2.763554916E-2,1.680179876E-1,1.705321273E-1
2.925349858E1,-5.357105691E-2,3.614587918E-2,1.082459950E-1,1.260697353E-1
2.926348558E1,-2.960472694E-2,1.796834752E-2,-6.262367964E-4,3.463659253E-2
2.927347258E1,4.468158063E-2,9.471173733E-3,-4.943645418E-2,6.730609023E-2
2.928345958E1,3.249601062E-2,5.207120955E-2,-8.373329759E-2,1.038203578E-1
2.929344658E1,4.777485821E-2,1.252960373E-1,-3.221394825E-1,3.489346361E-1
2.930343358E1,2.152175529E-2,1.369556777E-1,-6.383387786E-1,6.532200547E-1
2.931342058E1,-1.985507956E-1,-3.889333963E-2,-4.616844535E-2,2.075250241E-1
2.932340758E1,-2.355768269E-2,6.138655499E-2,3.887468702E-1,3.942681861E-1
2.933339558E1,1.131088319E-1,6.560049713E-2,1.989041501E-1,2.380333885E-1
2.934338242E1,-2.527132618E-1,-9.174588338E-2,1.643085140E-1,3.150850482E-1
2.935336942E1,-1.828891381E-1,-5.056905985E-2,1.251567274E-1,2.273100813E-1
2.936335642E1,2.832054134E-2,8.876804262E-3,1.499600315E-1,1.528687730E-1
2.937334342E1,6.680060159E-3,-6.655768633E-2,6.894685864E-2,9.606361502E-2
2.938333042E1,3.911613682E-2,-7.186038002E-2,2.199547112E-2,8.472182202E-2
2.939331742E1,2.653556912E-2,-4.621785432E-2,1.158508837E-2,5.453843378E-2
2.940330442E1,2.256494424E-2,-1.342184499E-2,9.739707112E-3,2.800329492E-2
2.941329142E1,2.659666339E-2,-6.044559181E-4,6.161971271E-2,6.711733655E-2
2.942327842E1,4.517554245E-2,-6.889043301E-3,8.812689543E-2,9.927053063E-2
2.943326542E1,4.642068875E-2,-6.167935431E-3,1.137862319E-1,1.230456433E-1
2.944325342E1,4.167448553E-2,-8.787780404E-3,9.970262825E-2,1.084186419E-1
2.945324042E1,7.461440032E-3,-2.602741867E-3,2.416595757E-2,2.542520124E-2
2.946322742E1,7.469004868E-3,-2.010667428E-2,-2.524009109E-2,3.312290118E-2
2.947321442E1,3.322638268E-2,-7.899295986E-3,-8.369119763E-3,3.516295705E-2
2.948320142E1,3.650251365E-2,-1.772627279E-2,4.289634347E-2,5.904871322E-2
2.949318842E1,5.469635356E-2,-1.527014986E-2,7.911048889E-2,9.738243180E-2
2.950317542E1,4.751239132E-2,-4.424003363E-3,7.476308405E-2,8.869339249E-2
2.951316242E1,3.257338573E-2,-1.344435677E-2,6.667404592E-2,7.541355705E-2
2.952314942E1,4.759325649E-2,2.242261022E-3,4.237828016E-2,6.376569946E-2
2.953313642E1,7.422781714E-2,4.638157636E-3,1.436660886E-3,7.438645938E-2
2.954312342E1,5.451250431E-2,2.539884299E-3,-1.507412195E-2,5.661530969E-2
2.955311142E1,3.228984145E-2,5.883614570E-3,1.152720094E-2,3.478688177E-2
2.956309842E1,2.625959882E-2,-3.571186960E-4,3.380099952E-2,4.280422447E-2
2.957308542E1,1.543167005E-2,5.420222729E-3,4.257942438E-2,4.561274642E-2
2.958307242E1,4.286255753E-2,6.041781753E-3,3.417756021E-2,5.515258459E-2
2.959305942E1,4.190736003E-2,9.929887801E-3,2.417648256E-2,4.938959208E-2
2.960304642E1,2.567984738E-2,1.621345192E-2,5.620519102E-2,6.388547630E-2
2.961303342E1,1.956497543E-2,3.260436684E-2,7.155179322E-2,8.102772435E-2
2.962302042E1,1.422167100E-2,3.534934223E-3,6.845335364E-2,7.000438066E-2
2.963300742E1,4.403998576E-2,-2.022595748E-2,6.065550685E-2,7.763826513E-2
2.964299442E1,6.864909832E-2,-1.498626754E-2,6.404747665E-2,9.507558141E-2
2.965298142E1,7.759109904E-2,-4.408508241E-3,5.213085115E-2,9.358119061E-2
2.966296942E1,5.034793460E-2,-2.287006840E-2,3.150070488E-2,6.364156625E-2
2.967295642E1,5.139448570E-2,-1.443414420E-2,4.529837966E-2,7.001200525E-2
2.968294342E1,5.812214585E-2,-1.558224499E-2,4.773725331E-2,7.681038700E-2
2.969293042E1,7.947310762E-2,-2.684281290E-2,8.598856866E-2,1.201272050E-1
2.970291742E1,6.109131628E-2,-1.688251957E-2,8.922149420E-2,1.094424206E-1
2.971290442E1,6.299881507E-3,-1.343763247E-2,1.731126666E-2,2.280215838E-2
2.972289142E1,7.187808612E-3,1.506681293E-2,-2.448755443E-2,2.963635886E-2
2.973287842E1,2.104073044E-2,1.318064734E-2,-2.251178026E-4,2.482926660E-2
2.974286542E1,5.409332290E-2,2.532779932E-2,3.199830294E-2,6.776043382E-2
2.975285242E1,2.882475405E-2,8.785441518E-5,2.918813109E-2,4.102220327E-2
2.976283942E1,3.580597322E-3,2.281875908E-4,7.277444601E-3,8.113812093E-3
2.977282742E1,7.315241368E-2,3.143711641E-2,-9.272514582E-3,8.015951249E-2
2.978281442E1,3.665991339E-2,-6.753972620E-3,-7.652835846E-3,3.805432028E-2
2.979280142E1,1.995636430E-2,-9.579785764E-3,3.510142028E-2,4.149865633E-2
2.980278842E1,7.486566614E-2,7.849887013E-3,4.228998721E-2,8.634194642E-2
2.981277542E1,5.944167056E-2,-2.508440897E-2,1.872395396E-2,6.717980518E-2
2.982276242E1,1.012820526E-1,-1.330051526E-2,3.195971131E-2,1.070344852E-1
2.983274942E1,6.208793764E-2,-2.360623285E-2,2.495006919E-3,6.647098081E-2
2.984273642E1,1.075979043E-3,-1.392426699E-2,-6.279909611E-3,1.531274655E-2
2.985272342E1,3.922639338E-2,-8.420721442E-3,-3.304846287E-2,5.197902832E-2
2.986271042E1,4.448821139E-2,-2.554429248E-2,-2.398469388E-2,5.663018075E-2
2.987269842E1,3.363259971E-2,-1.552932769E-2,4.465518594E-3,3.731290177E-2
2.988268542E1,2.236309653E-2,5.484834462E-3,3.181645453E-2,3.927439719E-2
2.989267242E1,-5.534937792E-4,8.568071276E-3,2.960152924E-2,3.082156281E-2
2.990265942E1,1.949489107E-3,-4.348281920E-3,5.120816052E-2,5.142940567E-2
2.991264642E1,1.637018471E-2,3.610948026E-3,6.419424176E-2,6.634698613E-2
2.992263342E1,5.059586568E-3,3.419305533E-3,7.802992344E-2,7.826851231E-2
2.993262042E1,1.342960169E-2,-4.614622593E-3,3.565865993E-2,3.838214391E-2
2.994260742E1,2.036894018E-2,-1.153582558E-2,-3.114811778E-3,2.361505978E-2
2.995259442E1,2.401259607E-2,-5.486296266E-3,-2.878058016E-2,3.788173717E-2
2.996258142E1,1.299995011E-2,-3.596914709E-3,-2.522898138E-2,2.860835541E-2
2.997256842E1,-1.446995839E-2,1.793487221E-2,-2.344908893E-2,3.287703011E-2
2.998255542E1,-1.717226738E-2,1.150030375E-2,-1.443151295E-2,2.520738621E-2
2.999254342E1,-7.919386653E-3,7.257125527E-3,9.696437716E-3,1.447077953E-2
3.000253042E1,1.298178719E-2,1.727852225E-4,6.682548881E-2,6.807497784E-2
3.001251742E1,1.048254104E-2,-4.489199817E-3,6.912695289E-2,7.006120322E-2
3.002250442E1,4.127768800E-3,-3.924358785E-3,8.277143061E-2,8.296715490E-2
3.003249142E1,-1.128885381E-2,-5.358973145E-3,8.135348082E-2,8.230762817E-2
3.004247842E1,-1.378091885E-2,-6.938890815E-3,8.759304464E-2,8.894157295E-2
3.005246542E1,-2.622585855E-2,1.091455892E-2,5.008257151E-2,5.757766253E-2
3.006245242E1,-2.657914001E-2,1.646429747E-2,1.876897752E-2,3.646639950E-2
3.007243942E1,-2.115124281E-2,4.306912869E-3,1.885025382E-2,2.865757562E-2
3.008242642E1,-7.210557936E-3,5.543306619E-3,3.875242174E-2,3.980540899E-2
3.009241442E1,-6.327948142E-3,2.483049363E-2,4.406403244E-2,5.097288785E-2
3.010240142E1,-1.478921637E-2,5.182796538E-2,3.725261092E-3,5.402533189E-2
3.011238842E1,-1.119202757E-2,4.368191689E-2,-9.804026484E-3,4.614640051E-2
3.012237542E1,-3.869157415E-3,4.356731147E-2,4.044577539E-2,5.957299518E-2
3.013236242E1,-3.684536149E-2,3.736677781E-2,8.966588259E-2,1.038933455E-1
3.014234942E1,-3.168797110E-2,1.387909725E-2,8.019690156E-2,8.734013896E-2
3.015233642E1,-1.014319240E-2,1.798749715E-2,5.515035331E-2,5.888969245E-2
3.016232342E1,3.669356229E-3,1.699712500E-2,4.492064953E-2,4.816877814E-2
3.017231042E1,3.180301507E-2,9.097682834E-3,3.889918685E-2,5.106218109E-2
3.018229742E1,2.941652882E-2,8.487379700E-3,3.574870706E-2,4.706737552E-2
3.019228442E1,3.352691129E-2,1.569392681E-2,5.764243662E-2,6.850550065E-2
3.020227242E1,2.811015121E-2,9.364023507E-3,1.955601275E-2,3.550074889E-2
3.021225942E1,2.414918337E-3,4.891780615E-3,-8.055124283E-3,9.728636871E-3
3.022224642E1,2.039993042E-3,-2.258925587E-3,-7.571559548E-3,8.160443028E-3
3.023223342E1,-5.855081985E-3,-1.511914551E-2,1.654528141E-2,2.316499262E-2
3.024222042E1,-3.122586748E-2,-2.287401527E-2,5.802309036E-2,6.974922501E-2
3.025220742E1,-6.713974010E-3,-1.308402210E-2,5.156776428E-2,5.362372045E-2
3.026219442E1,7.264343183E-4,-3.613433093E-3,5.434226811E-2,5.446711585E-2
3.027218142E1,-5.070394780E-3,-1.413856745E-2,7.250021160E-2,7.403977765E-2
3.028216842E1,-1.082122274E-2,-8.974745125E-3,9.278478742E-2,9.384381539E-2
3.029215542E1,-1.886212184E-2,7.367491722E-5,9.396417081E-2,9.583866894E-2
3.030214342E1,-1.236467754E-2,5.447266102E-3,8.127980590E-2,8.239517465E-2
3.031213042E1,-4.059550979E-2,-2.290062010E-2,6.954093575E-2,8.371604125E-2
3.032211742E1,-5.571546843E-2,-3.597207069E-3,4.876227021E-2,7.412767579E-2
3.033210442E1,-6.307401574E-2,1.373847172E-2,1.199848652E-2,6.565851617E-2
3.034209171E1,-5.263679062E-2,2.238138735E-2,-2.812510729E-2,6.373837060E-2
3.035207871E1,-4.528151410E-2,3.879291371E-2,-7.192893863E-2,9.342953433E-2
3.036206571E1,-5.117977411E-2,4.593017131E-2,-3.781569779E-2,7.847914955E-2
3.037205271E1,-2.082245571E-2,4.104847714E-2,1.304338396E-2,4.784017143E-2
3.038203971E1,-3.030322253E-2,3.201920673E-2,5.478490233E-2,7.031998592E-2
3.039202671E1,-1.747325281E-2,1.903064042E-2,7.792058051E-2,8.209200147E-2
3.040201471E1,-9.093927825E-3,3.115688860E-3,6.826156497E-2,6.893510203E-2
3.041200171E1,-2.932216024E-2,-3.549844623E-3,6.879015326E-2,7.486304605E-2
3.042198871E1,-3.004638358E-2,-6.879249215E-3,3.456230700E-2,4.631049882E-2
3.043197571E1,-2.700858146E-2,-6.146154553E-3,4.388803124E-2,5.189795733E-2
3.044196271E1,-1.645115037E-2,1.153363287E-4,3.527625203E-2,3.892386939E-2
3.045194971E1,-1.892083154E-2,-1.042061538E-2,3.512480915E-2,4.123517077E-2
3.046193671E1,-2.925520048E-2,-1.771194711E-2,5.793421268E-2,6.727520216E-2
3.047192371E1,-2.875687153E-2,-6.474475712E-3,4.395176589E-2,5.292101871E-2
3.048191071E1,-2.428029804E-2,-2.002612889E-2,3.043592691E-2,4.378269474E-2
3.049189771E1,-3.324439941E-2,-3.416031092E-2,-9.573061466E-3,4.861851952E-2
3.050188571E1,-2.079033257E-2,-3.461566284E-2,-2.865720391E-2,4.951481978E-2
3.051187271E1,-3.207918637E-2,-3.475818872E-2,-2.042198539E-2,5.151954356E-2
3.052185971E1,-3.300944184E-2,-2.225611076E-2,-2.364614010E-2,4.630440215E-2
3.053184671E1,-1.772588907E-2,-2.019160509E-2,-2.063774765E-2,3.387956150E-2
3.054183371E1,-8.527634125E-3,-2.989666745E-2,-2.125696778E-2,3.766151813E-2
3.055182071E1,3.093588213E-3,-4.276843563E-2,-2.012670100E-2,4.736869712E-2
3.056180771E1,1.695926428E-2,-3.926025242E-2,4.343896508E-3,4.298666656E-2
3.057179471E1,9.367623199E-3,-2.620648965E-2,2.552660465E-2,3.776426895E-2
3.058178171E1,-8.882066756E-3,-2.063818619E-2,3.745375514E-2,4.367619046E-2
3.059176871E1,-7.417384917E-3,-6.745640337E-3,5.325644016E-2,5.419197064E-2
3.060175671E1,1.548842459E-2,-2.473898470E-2,6.232079387E-2,6.881707643E-2
3.061174371E1,1.429824212E-2,-1.671996698E-2,7.468414664E-2,7.785704068E-2
3.062173071E1,7.391136400E-3,-5.250068754E-3,8.467469931E-2,8.515865676E-2
3.063171771E1,-1.557705559E-2,2.888524532E-3,7.067354143E-2,7.242746504E-2
3.064170471E1,-7.877615606E-3,-3.537857831E-3,6.601214111E-2,6.657459004E-2
3.065169171E1,-3.382833526E-3,3.430488333E-2,5.212208033E-2,6.248983790E-2
3.066167871E1,-9.309160179E-3,4.139755592E-2,5.056613624E-2,6.601024340E-2
3.067166571E1,-2.368286792E-2,1.831406415E-2,5.802601397E-2,6.529396202E-2
3.068165271E1,-2.079157510E-2,4.823514372E-3,6.649921417E-2,6.984054246E-2
3.069163971E1,-2.490644348E-2,-2.726118118E-3,6.399894476E-2,6.872865179E-2
3.070162771E1,-2.997725853E-2,-1.511066705E-3,6.577942193E-2,7.230388441E-2
3.071161471E1,-2.647266587E-2,-6.138845533E-3,6.056545973E-2,6.638269635E-2
3.072160171E1,1.856686486E-2,2.043163329E-3,1.886136353E-2,2.654532014E-2
3.073158871E1,3.184251118E-2,-3.612994552E-3,-2.433669627E-2,4.024020419E-2
3.074157571E1,5.063968325E-2,-1.530918002E-2,-3.950788200E-2,6.602742803E-2
3.075156271E1,3.757763389E-2,-1.721507996E-2,-1.689845324E-3,4.136777881E-2
3.076154971E1,3.811534932E-2,-1.524880752E-2,2.852564156E-2,4.999018114E-2
3.077153671E1,3.511162550E-2,-4.292894170E-2,5.001883686E-2,7.468336040E-2
3.078152371E1,4.102326103E-2,-5.373927400E-2,3.061836004E-2,7.421793238E-2
3.079151071E1,6.195001644E-2,-3.425342783E-2,-7.195583582E-3,7.115390557E-2
3.080149871E1,4.083607703E-2,-1.427378431E-2,-6.276752114E-2,7.623049138E-2
3.081148571E1,7.341151843E-3,-1.869822621E-2,-7.374625325E-2,7.643314754E-2
3.082147271E1,-1.863000565E-2,-1.652101547E-2,-6.862818539E-2,7.300581410E-2
3.083145971E1,-2.368186293E-2,-1.597488552E-2,4.973056912E-3,2.899584271E-2
3.084144671E1,-3.520115186E-3,-4.113808572E-3,7.436839700E-2,7.456522718E-2
3.085143371E1,-1.285958039E-2,9.809142798E-3,6.253655612E-2,6.459418660E-2
3.086142071E1,-1.422861457E-2,-8.728431165E-4,2.346487641E-2,2.745570529E-2
3.087140771E1,1.835300295E-2,1.480675802E-2,1.098984182E-2,2.601632994E-2
3.088139471E1,2.051134729E-2,6.859222502E-3,4.424821973E-2,4.925108374E-2
3.089138171E1,2.252887423E-2,-4.552057385E-3,3.138726890E-2,3.890285400E-2
3.090136971E1,3.627771562E-2,-1.764835864E-3,1.308899224E-2,3.860711093E-2
3.091135671E1,2.885282069E-2,-5.970007181E-4,1.969985425E-2,3.494175051E-2
3.092134371E1,5.664002286E-2,6.310168952E-3,6.577883720E-2,8.703313074E-2
3.093133071E1,5.450960811E-2,6.696669906E-3,9.134695709E-2,1.065852210E-1
3.094131771E1,3.508243510E-2,-2.161861807E-3,7.786210835E-2,8.542809149E-2
3.095130471E1,2.401659776E-2,-7.997529209E-4,4.852721214E-2,5.415096390E-2
3.096129171E1,2.044667160E-2,-2.910743952E-3,5.870312154E-2,6.223017989E-2
3.097127871E1,1.568829887E-2,2.009834200E-3,3.369633436E-2,3.722371696E-2
3.098126571E1,8.993364852E-3,1.921833605E-3,3.111829698E-2,3.244876674E-2
3.099125371E1,5.927240280E-3,-1.150030375E-2,6.196879148E-2,6.330497833E-2
3.100124071E1,-1.544076065E-3,-2.247523516E-2,7.848717570E-2,8.165633543E-2
3.101122771E1,-5.205273600E-3,-2.295499921E-2,6.420885980E-2,6.838716648E-2
3.102121471E1,-1.315623522E-6,-2.065733582E-2,3.164805472E-2,3.779318579E-2
3.103120171E1,1.765475404E-2,-3.061455935E-3,6.821361780E-3,1.917273661E-2
3.104118871E1,1.235311101E-2,1.916980416E-2,-1.639968574E-2,2.808968557E-2
3.105117571E1,1.506594499E-2,2.630633086E-2,7.037124038E-3,3.112116412E-2
3.106116271E1,2.535026542E-2,2.593517885E-2,2.807716012E-2,4.586497988E-2
3.107114971E1,1.778019508E-2,2.694645479E-2,5.107484400E-2,6.042256576E-2
3.108113671E1,1.937214523E-2,2.555817962E-2,4.852311909E-2,5.816350782E-2
3.109112471E1,1.221741906E-2,1.677873150E-2,2.277724385E-2,3.081548307E-2
3.110111171E1,1.482109283E-2,-1.376361474E-2,1.488116384E-2,2.511077300E-2
3.111109871E1,3.310969418E-2,-1.702767670E-2,1.676104367E-2,4.083045686E-2
3.112108571E1,4.522989415E-2,-1.344581857E-2,1.774980783E-2,5.041417499E-2
3.113107271E1,5.494875228E-2,5.254600346E-3,1.018058717E-2,5.613038889E-2
3.114105971E1,5.273802054E-2,1.157719463E-2,2.937465727E-2,6.146707034E-2
3.115104671E1,4.610918747E-2,2.222161219E-2,2.828765988E-2,5.848118432E-2
3.116103371E1,6.012057798E-2,3.560968950E-2,4.589538038E-2,8.359975971E-2
3.117102071E1,3.692717683E-2,3.423237786E-2,6.321307898E-2,8.081686356E-2
3.118100771E1,8.789187390E-3,4.584187835E-2,7.140093505E-2,8.530428566E-2
3.119099571E1,1.908174874E-3,4.149827421E-2,7.076885104E-2,8.206081995E-2
3.120098271E1,3.240913379E-2,1.471320257E-2,3.930673778E-2,5.302687920E-2
3.121096971E1,4.536224222E-2,1.364798605E-2,2.224982500E-2,5.233598432E-2
3.122095671E1,4.126573775E-2,1.399428740E-2,2.452439189E-2,5.000146987E-2
3.123094371E1,1.192730580E-2,1.488306418E-2,6.050698757E-3,2.000942724E-2
3.124093071E1,-1.368375457E-2,9.669979066E-3,2.309767127E-2,2.853517220E-2
3.125091771E1,-1.476947288E-2,1.697490558E-2,5.683376670E-2,6.112578659E-2
3.126090471E1,-2.977424137E-2,1.570299000E-2,6.439304709E-2,7.266053852E-2
3.127089171E1,-3.330887410E-2,2.835417196E-2,6.970348835E-2,8.229226239E-2
3.128087971E1,-1.194425359E-2,4.585430369E-2,3.798585176E-2,6.073061250E-2
3.129086671E1,-1.907690652E-3,3.350966200E-2,4.618130922E-2,5.708984194E-2
3.130085371E1,1.501945962E-2,2.263354853E-2,3.335895002E-2,4.301954478E-2
3.131084071E1,-7.255974356E-3,-8.732524216E-3,5.122219384E-2,5.246541036E-2
3.132082771E1,-6.166884759E-3,1.307583600E-3,6.312712491E-2,6.344110766E-2
3.133081471E1,2.518827014E-2,-1.254081577E-3,6.325751781E-2,6.809945105E-2
3.134080129E1,2.255102056E-2,-2.312237576E-2,7.314048171E-2,7.995450490E-2
3.135078829E1,9.450553162E-3,-1.251786545E-2,8.309419692E-2,8.456154842E-2
3.136077529E1,9.309772309E-4,1.022195622E-2,9.374606967E-2,9.430631308E-2
3.137076229E1,-2.493412639E-2,2.803769141E-2,8.002148509E-2,8.838133782E-2
3.138075029E1,-2.060443679E-2,1.537379175E-2,8.112894773E-2,8.510465586E-2
3.139073729E1,-1.002577300E-2,1.105416119E-2,8.598330617E-2,8.726877760E-2
3.140072429E1,-2.762992121E-3,1.950017184E-2,5.657824337E-2,5.990816681E-2
3.141071129E1,-1.699903448E-2,2.832771331E-2,3.405242980E-2,4.744464659E-2
3.142069829E1,-1.061434094E-2,3.923584029E-2,1.147866905E-2,4.223594725E-2
3.143068529E1,-2.127481093E-2,6.515113860E-3,-6.320255399E-3,2.313028138E-2
3.144067229E1,4.592494536E-3,8.983223587E-3,1.040570498E-2,1.449372306E-2
3.145065929E1,5.368383508E-3,-8.811461627E-3,6.733068824E-3,1.232053624E-2
3.146064629E1,-2.240461176E-3,1.365763396E-3,1.334451556E-2,1.360003939E-2
3.147063329E1,1.057333734E-2,1.784409419E-2,3.223277628E-2,3.832961031E-2
3.148062129E1,1.697094044E-2,1.261010528E-2,5.406394064E-2,5.805116065E-2
3.149060829E1,4.745262181E-2,1.088210687E-2,8.273342371E-2,9.599474447E-2
3.150059529E1,3.884124460E-2,-1.016509205E-2,7.047999859E-2,8.111351046E-2
3.151058229E1,2.130213752E-2,-1.954431832E-4,6.016200185E-2,6.382229804E-2
3.152056929E1,4.189612241E-2,-1.663138166E-2,7.183304429E-2,8.480491838E-2
3.153055629E1,6.125968868E-2,-1.803749084E-2,8.514890850E-2,1.064351312E-1
3.154054329E1,5.028172402E-2,-3.321978629E-2,7.798899293E-2,9.856007807E-2
3.155053029E1,8.296356646E-2,-1.977045938E-2,7.114424229E-2,1.110645201E-1
3.156051729E1,5.454169471E-2,-1.527438909E-2,4.365531206E-2,7.151146548E-2
3.157050529E1,3.586682081E-3,-2.165223956E-3,2.587334454E-2,2.621034988E-2
3.158049229E1,1.850728721E-2,4.658038169E-3,2.782923818E-2,3.374438467E-2
3.159047929E1,2.548857948E-2,2.746291012E-3,-2.698490024E-3,2.577773548E-2
3.160046629E1,-7.284296807E-3,2.900540560E-2,-3.565865993E-2,4.653938722E-2
3.161045329E1,-4.729076358E-2,3.160507768E-2,-8.306379139E-2,1.006721943E-1
3.162044029E1,-5.208177108E-2,1.973727643E-3,-5.542692661E-2,7.608252542E-2
3.163042729E1,-6.056196967E-2,-3.338043854E-2,1.082728922E-2,6.999454293E-2
3.164041429E1,-6.543752426E-2,-5.615680531E-2,6.290785432E-2,1.067382523E-1
3.165040129E1,-2.448077532E-2,-4.771167174E-2,8.017292798E-2,9.645418788E-2
3.166038929E1,-8.064231321E-2,-2.593839481E-2,5.708285809E-2,1.021490856E-1
3.167037629E1,-6.373472370E-2,-1.537452266E-2,1.029636204E-2,6.636645255E-2
3.168036329E1,-3.115142511E-2,-6.737308055E-3,-5.352658153E-2,6.229685013E-2
3.169035029E1,-2.182973910E-2,8.061410040E-3,-4.215433180E-2,4.815092451E-2
3.170033729E1,-1.393402454E-2,-8.120174557E-3,2.278309107E-2,2.791350055E-2
3.171032429E1,-8.413942326E-3,4.506887645E-3,4.092817068E-2,4.202643950E-2
3.172031129E1,-2.785343103E-2,5.839760453E-3,3.594108045E-2,4.584405835E-2
3.173029829E1,3.113459609E-3,2.433655009E-2,4.000372589E-2,4.692823655E-2
3.174028529E1,1.215133639E-2,1.382194072E-2,5.370726049E-2,5.677297641E-2
3.175027329E1,1.498588381E-2,-1.896661341E-2,7.865382135E-2,8.228446239E-2
3.176026029E1,2.684019992E-2,-1.583849922E-2,9.609723508E-2,1.010244177E-1
3.177024729E1,-1.421584206E-2,-1.027721241E-2,1.094516909E-1,1.108484727E-1
3.178023429E1,8.607594799E-3,-5.564648956E-3,1.126010013E-1,1.130665357E-1
3.179022129E1,1.996159025E-2,-1.064003214E-2,8.101141870E-2,8.411019753E-2
3.180020829E1,1.329234743E-2,-1.130208313E-2,4.045454621E-2,4.405671223E-2
3.181019529E1,-1.185800716E-2,1.075697646E-2,3.150947571E-2,3.534362652E-2
3.182018229E1,-3.641879797E-2,2.259875759E-2,5.704543591E-3,4.323857662E-2
3.183016929E1,-3.799032854E-2,1.913208961E-2,-7.791414857E-3,4.324358983E-2
3.184015729E1,-4.096685367E-2,6.797534376E-3,-5.138533115E-3,4.184368645E-2
3.185014429E1,-5.392983841E-2,1.426837564E-2,1.928587139E-2,5.902506967E-2
3.186013129E1,-5.627239745E-2,1.150132701E-2,3.044411302E-2,6.500544020E-2
3.187011829E1,-7.913755054E-2,8.786610961E-3,1.898298562E-2,8.185542242E-2
3.188010529E1,-8.766502021E-2,-1.081588715E-3,3.002194405E-2,9.266953505E-2
3.189009229E1,-6.000116687E-2,3.145655841E-3,9.308767319E-3,6.080039741E-2
3.190007929E1,-5.729361366E-2,2.725401834E-2,-4.329629302E-2,7.681086298E-2
3.191006629E1,-4.226795051E-2,5.284786597E-2,-5.844584405E-2,8.941696296E-2
3.192005329E1,-2.537861528E-2,5.764828384E-2,-5.359440923E-2,8.270283818E-2
3.193004029E1,-1.220957100E-2,1.841054320E-2,-2.856891096E-2,3.611377020E-2
3.194002829E1,-1.297449645E-2,-2.755719647E-2,1.449992537E-2,3.373402542E-2
3.195001529E1,-1.362801416E-2,-5.727143079E-2,5.699339569E-2,8.193892058E-2
3.196000229E1,-6.226572040E-3,-6.052876845E-2,5.348565102E-2,8.101368325E-2
3.196998929E1,1.033140879E-2,-4.877454937E-2,6.020819485E-2,7.817110336E-2
3.197997629E1,3.704878064E-3,-1.874573484E-2,1.873389423E-2,2.675981108E-2
3.198996329E1,5.264202571E-3,2.854318321E-3,1.813806295E-2,1.910100232E-2
3.199995029E1,7.619789941E-3,2.663202077E-2,4.327992082E-2,5.138557458E-2
3.200993729E1,-2.259354992E-2,2.471164897E-2,7.468297720E-2,8.184547132E-2
3.201992529E1,6.159493513E-4,3.991572529E-2,7.332174540E-2,8.348486610E-2
3.202991229E1,1.308347393E-2,1.664278373E-2,2.822743356E-2,3.528381422E-2
3.203989929E1,6.600821251E-3,6.581041217E-3,-2.707260847E-3,9.706194207E-3
3.204988629E1,8.068362745E-3,-1.439862236E-2,9.340927005E-3,1.896501307E-2
3.205987329E1,-1.381984851E-2,-1.728466183E-2,5.131107152E-2,5.587999470E-2
3.206986029E1,-7.412679736E-3,2.518103421E-3,9.187671483E-2,9.220964913E-2
3.207984729E1,5.538135488E-3,-7.301564366E-3,6.126771033E-2,6.194930279E-2
3.208983429E1,2.445354008E-2,1.413564384E-4,3.998326063E-2,4.686850472E-2
3.209982129E1,2.555861816E-2,1.178944856E-3,2.654869795E-2,3.687094026E-2
3.210980929E1,6.207495499E-3,-1.029109955E-4,4.790974617E-2,4.831032363E-2
3.211979629E1,3.196766901E-2,9.511080980E-3,8.586636186E-2,9.211636457E-2
3.212978329E1,4.240439164E-2,-1.313094601E-2,5.831603587E-2,7.328925032E-2
3.213977029E1,2.127573369E-2,-2.963339657E-2,1.193065882E-2,3.838144937E-2
3.214975729E1,-4.889496546E-3,-1.883212745E-2,-3.897520065E-2,4.356170872E-2
3.215974429E1,1.387745272E-2,1.255192548E-2,-6.292305708E-2,6.564636806E-2
3.216973129E1,1.077826397E-2,4.548549056E-3,-5.617887855E-2,5.738402798E-2
3.217971829E1,1.997279132E-2,1.614679366E-2,-4.055570304E-2,4.800412886E-2
3.218970529E1,1.734479679E-2,3.326364040E-2,1.355384588E-3,3.753863098E-2
3.219969329E1,-2.464062357E-2,2.003197610E-2,3.087446809E-2,4.429077981E-2
3.220968029E1,-4.798908558E-2,7.241045684E-3,4.302556694E-2,6.485818751E-2
3.221966729E1,-1.202954985E-3,1.166621849E-2,3.261343002E-2,3.465809534E-2
3.222965429E1,2.069221811E-2,-7.326561213E-3,1.087757528E-2,2.449832716E-2
3.223964129E1,-4.349396545E-3,-1.284077793E-2,-5.584090948E-4,1.356888533E-2
3.224962829E1,-1.719594860E-2,-2.227043644E-2,3.293736577E-3,2.832881374E-2
3.225961529E1,-9.757431485E-3,-2.183964282E-2,5.316639304E-2,5.829959534E-2
3.226960229E1,-7.536476254E-3,-2.497418895E-2,1.189943469E-1,1.218202084E-1
3.227958929E1,-1.989445690E-2,-2.424971893E-2,1.405933768E-1,1.440497687E-1
3.228957729E1,-4.359349603E-2,-1.435491443E-3,1.030793953E-1,1.119277234E-1
3.229956429E1,-5.005993182E-2,-1.723466814E-4,4.771327972E-2,6.915622560E-2
3.230955129E1,-3.653280040E-2,1.077641845E-2,1.238030970E-2,4.005057762E-2
3.231953829E1,-1.102450484E-2,9.998592585E-3,-1.657510221E-2,2.227657007E-2
3.232952529E1,1.393555943E-3,1.637688160E-2,-4.632748961E-2,4.915669378E-2
3.233951229E1,3.701397143E-3,1.472182721E-2,-3.058912396E-2,3.414860234E-2
3.234949992E1,-1.283865832E-3,9.931788146E-3,-1.967588067E-2,2.207779444E-2
3.235948692E1,6.838428341E-3,5.268633664E-3,-2.031322718E-2,2.207147030E-2
3.236947392E1,3.618823495E-3,1.045335978E-2,-1.722238898E-2,2.046898377E-2
3.237946192E1,1.394264918E-2,-1.103223413E-2,-2.152710915E-2,2.791995853E-2
3.238944892E1,4.377554543E-4,-1.928704083E-3,-1.673180759E-2,1.684829114E-2
3.239943592E1,6.832800396E-3,8.864378929E-3,2.339938760E-2,2.593830594E-2
3.240942292E1,1.344185343E-2,-2.068891078E-3,6.043272793E-2,6.194415501E-2
3.241940992E1,1.248979881E-2,-1.332156524E-2,7.893039465E-2,8.101522310E-2
3.242939692E1,2.247238465E-2,-2.614348590E-2,6.792944312E-2,7.617676266E-2
3.243938392E1,2.535312507E-2,-2.420615718E-2,3.309407115E-2,4.820722499E-2
3.244937092E1,1.870900702E-2,9.316076338E-4,-1.058696866E-2,2.151694081E-2
3.245935892E1,2.294224497E-2,2.570275202E-2,-5.991232574E-2,6.911197321E-2
3.246934592E1,1.606286785E-2,4.542044029E-2,-7.791239440E-2,9.160443942E-2
3.247933292E1,1.940930245E-2,1.598467961E-2,-6.782126963E-2,7.233225849E-2
3.248931992E1,4.474483106E-2,-2.875368297E-4,-2.135812461E-2,4.958177156E-2
3.249930692E1,3.652086843E-2,1.389941633E-2,1.661486328E-2,4.246199815E-2
3.250929392E1,1.954941636E-2,1.269986004E-2,4.031362832E-2,4.656881739E-2
3.251928092E1,-2.957667857E-3,-9.977981150E-3,5.764185190E-2,5.857380812E-2
3.252926792E1,3.628105950E-3,-4.898183316E-2,8.229137421E-2,9.583451049E-2
3.253925492E1,6.032764250E-2,-3.458774239E-2,1.244644171E-1,1.425732356E-1
3.254924292E1,8.594182748E-3,5.098962083E-2,1.059176338E-1,1.178657989E-1
3.255922992E1,-7.494593745E-2,7.511011630E-2,3.907635748E-2,1.130724760E-1
3.256921692E1,-9.164293583E-2,8.315413088E-2,-2.351282358E-2,1.259598747E-1
3.257920392E1,-5.926116519E-3,7.043292850E-2,-4.856054127E-2,8.575571376E-2
3.258919092E1,6.985171527E-2,7.204032809E-2,1.485777497E-3,1.003557598E-1
3.259917792E1,2.096506381E-2,6.712033466E-2,6.391591430E-2,9.502587714E-2
3.260916492E1,-1.426956335E-2,4.903343484E-2,1.174173528E-1,1.280419186E-1
3.261915192E1,-1.972472319E-2,2.296830162E-2,1.534812248E-1,1.564387866E-1
3.262913892E1,3.343405019E-2,-1.172045141E-2,1.640991837E-1,1.678801560E-1
3.263912692E1,6.532684743E-2,-3.056134969E-2,1.464552104E-1,1.632504878E-1
3.264911392E1,5.558818186E-2,-6.604473934E-2,1.260566139E-1,1.527816202E-1
3.265910092E1,4.984482737E-2,-3.752479881E-2,1.113011652E-1,1.275953241E-1
3.266908792E1,5.480176790E-2,-2.261410654E-3,9.949914515E-2,1.136152614E-1
3.267907492E1,5.175376056E-2,1.736418396E-2,7.109103262E-2,8.963203410E-2
3.268906192E1,4.711262450E-2,1.973508373E-2,4.859854817E-2,7.050455164E-2
3.269904892E1,5.503156347E-2,1.023979023E-2,1.887130380E-2,5.907158699E-2
3.270903592E1,4.671092078E-2,7.583692521E-3,6.583964825E-3,4.777835394E-2
3.271902292E1,4.442160795E-2,-1.771267802E-3,-1.931101441E-2,4.846990736E-2
3.272901092E1,4.767631436E-2,8.535180688E-3,-1.278552175E-2,5.009341101E-2
3.273899792E1,3.466187412E-2,-1.385629311E-2,6.972804666E-3,3.797449646E-2
3.274898492E1,4.206726311E-2,-2.927116156E-3,2.903610349E-2,5.119880799E-2
3.275897192E1,6.338646719E-2,-5.701035261E-4,5.225656629E-2,8.215179828E-2
3.276895892E1,6.728010982E-2,-1.911747158E-3,7.215873420E-2,9.867700277E-2
3.277894592E1,5.401109643E-2,-7.960399389E-3,8.548921645E-2,1.014345731E-1
3.278893292E1,6.381552491E-2,-3.719793946E-2,7.808020949E-2,1.074831477E-1
3.279891992E1,7.427195448E-2,-3.278256074E-2,9.249885857E-2,1.230733860E-1
3.280890792E1,4.880628878E-2,-3.147731602E-2,9.654513180E-2,1.126669327E-1
3.281889492E1,2.999767810E-2,-1.232315317E-2,7.877018094E-2,8.518487073E-2
3.282888192E1,2.774165785E-2,4.708031863E-3,4.635029376E-2,5.422282615E-2
3.283886892E1,3.406945981E-2,3.575484663E-2,-7.843455076E-3,5.000656894E-2
3.284885592E1,3.216847518E-2,3.404877529E-2,-1.546647012E-2,4.932891234E-2
3.285884292E1,3.231081834E-2,4.017373368E-2,-2.697320580E-3,5.162551112E-2
3.286882992E1,3.011241144E-2,3.844047278E-2,1.865671098E-2,5.227332144E-2
3.287881692E1,1.304340223E-2,3.448059216E-2,4.638479233E-2,5.925023660E-2
3.288880392E1,2.711074328E-2,2.222336635E-2,6.770783365E-2,7.624448275E-2
3.289879192E1,6.608102862E-3,8.512668908E-3,7.710197031E-2,7.785143789E-2
3.290877892E1,8.571067974E-3,4.467272758E-3,7.863101721E-2,7.922282878E-2
3.291876592E1,1.745856168E-2,-9.969064146E-3,8.194404960E-2,8.437423114E-2
3.292875292E1,7.075532936E-3,9.658723176E-3,8.956004798E-2,9.035682760E-2
3.293873992E1,1.751239261E-2,4.671779126E-3,5.561988473E-2,5.849855547E-2
3.294872692E1,3.540375788E-2,1.621608317E-2,3.921084344E-2,5.526190070E-2
3.295871392E1,2.591692457E-2,3.458145663E-2,6.136126578E-2,7.505177586E-2
3.296870092E1,1.290646775E-2,2.023692101E-2,6.052394450E-2,6.510958255E-2
3.297868892E1,5.856700933E-2,1.849328130E-2,5.013227284E-2,7.928014137E-2
3.298867592E1,7.558631720E-2,1.376419947E-2,1.048095864E-1,1.299530451E-1
3.299866292E1,5.589958264E-2,1.576716319E-2,1.291094452E-1,1.415719450E-1
3.300864992E1,3.947104454E-2,2.488984287E-2,1.248012167E-1,1.332396763E-1
3.301863692E1,5.221530687E-2,-9.419864416E-4,1.212192124E-1,1.319902385E-1
3.302862392E1,5.024199950E-2,-2.388207525E-2,6.578176081E-2,8.615017172E-2
3.303861092E1,-6.760514192E-3,-1.472752824E-2,3.508738697E-2,3.864879512E-2
3.304859792E1,3.409301313E-2,-4.508641809E-3,2.545117557E-2,4.278345162E-2
3.305858592E1,4.255057203E-2,-3.505581200E-2,-1.329656839E-3,5.514734012E-2
3.306857292E1,1.645421103E-2,-1.951844439E-2,1.046651602E-2,2.759091679E-2
3.307855992E1,4.708287679E-3,1.607063368E-2,1.352987230E-2,2.152883378E-2
3.308854692E1,-3.369311839E-3,4.008851051E-3,1.390526354E-2,1.485865079E-2
3.309853392E1,-5.059047528E-3,1.885931700E-2,4.584217072E-3,2.005698995E-2
3.310852092E1,-2.522243980E-2,2.079737663E-2,-7.578576207E-3,3.355796719E-2
3.311850792E1,-4.639111463E-2,2.025650918E-2,2.197968364E-3,5.066845908E-2
3.312849492E1,-3.215895519E-2,9.346043319E-3,-3.254560232E-2,4.669864190E-2
3.313848292E1,-1.912054136E-2,1.789832711E-3,-2.008869410E-2,2.779126182E-2
3.314846992E1,-1.551626282E-2,-1.981723711E-2,-1.237914026E-2,2.804853672E-2
3.315845692E1,-2.546405772E-2,-3.091510624E-2,2.313333929E-2,4.625271252E-2
3.316844392E1,-1.949229637E-2,-2.748644516E-2,7.592492580E-2,8.306653143E-2
3.317843092E1,-2.166963503E-2,-2.910173848E-2,1.064269263E-1,1.124418734E-1
3.318841792E1,-3.660660323E-2,-2.465595424E-2,7.823749959E-2,8.982797906E-2
3.319840492E1,-1.968830600E-2,-8.431100249E-3,3.157379508E-2,3.815255405E-2
3.320839192E1,-6.280245826E-2,-7.218095362E-3,-1.270366073E-2,6.447970735E-2
3.321837992E1,-4.096716430E-2,-1.874208033E-2,-2.603648186E-2,5.203337884E-2
3.322836692E1,-2.927733768E-2,-2.956352234E-3,-8.864963651E-3,3.073255766E-2
3.323835392E1,-4.745613014E-2,-1.102667928E-2,1.516826212E-2,5.102693524E-2
3.324834092E1,-4.026167946E-2,-2.085672587E-2,3.677898645E-4,4.534469226E-2
3.325832792E1,-2.397568552E-2,-2.141878948E-2,-7.768610716E-3,3.307490516E-2
3.326831492E1,-9.180786386E-3,-1.074425876E-3,-3.390800357E-3,9.845748153E-3
3.327830192E1,-2.755496722E-2,2.751114964E-3,-5.834527194E-2,6.458340042E-2
3.328828892E1,-2.636532378E-2,-2.411099374E-3,-6.354403138E-2,6.883885257E-2
3.329827592E1,-2.362746555E-2,-9.355691224E-3,-4.795769334E-2,5.427454686E-2
3.330826392E1,-3.134489486E-2,-4.195187196E-2,-5.163676143E-3,5.262248138E-2
3.331825092E1,-2.697671413E-2,-4.825882494E-2,4.829449296E-2,7.340991310E-2
3.332823792E1,-3.057028497E-2,-3.931682423E-2,5.684546113E-2,7.557619626E-2
3.333822492E1,-5.482380459E-2,-4.707067072E-2,2.568447948E-2,7.668761359E-2
3.334821142E1,-2.515135959E-2,-5.287666351E-2,2.328127384E-2,6.301230153E-2
3.335819842E1,-2.916677048E-2,-4.404999912E-2,3.205560565E-2,6.179534591E-2
3.336818542E1,-2.174583156E-2,-7.266788051E-2,5.915452659E-2,9.619126812E-2
3.337817242E1,-3.731934227E-2,-4.021451801E-2,4.188360572E-3,5.502256928E-2
3.338816042E1,2.763015876E-2,5.219195455E-2,-8.384790301E-2,1.025567971E-1
3.339814742E1,5.142388623E-2,6.113907158E-2,-2.900862157E-2,8.499354255E-2
3.340813442E1,6.379431048E-2,1.012883931E-2,3.414832413E-2,7.306446111E-2
3.341812142E1,1.451949345E-1,7.189444005E-3,1.503781074E-1,2.091574342E-1
3.342810842E1,2.093827260E-1,9.855043441E-3,1.888650656E-1,2.821493591E-1
3.343809542E1,1.436374555E-1,-7.007595599E-3,1.818688720E-1,2.318557992E-1
3.344808242E1,1.063578377E-1,-3.956079930E-3,1.428901631E-1,1.781719364E-1
3.345806942E1,7.922746975E-2,-2.770951644E-2,6.199978173E-2,1.043493277E-1
3.346805742E1,4.293166431E-2,-2.597113922E-2,1.730892777E-2,5.307755508E-2
3.347804442E1,3.959005365E-2,-3.012120053E-2,2.661477149E-2,5.641812768E-2
3.348803142E1,1.786313418E-2,-1.224816263E-2,1.740657628E-2,2.778665054E-2
3.349801842E1,2.191280611E-3,3.088791668E-2,-1.149738014E-2,3.303111954E-2
3.350800542E1,-1.113530958E-2,4.195318758E-2,-2.535235763E-2,5.026735626E-2
3.351799242E1,-6.838263888E-3,1.143452257E-2,-7.273351550E-3,1.517932153E-2
3.352797942E1,-3.293577606E-2,1.234727293E-2,4.565505981E-2,5.763336690E-2
3.353796642E1,-4.856947655E-2,4.430625334E-2,4.933588207E-2,8.219530033E-2
3.354795442E1,-8.311500935E-2,2.436666325E-2,1.949052393E-2,8.877904922E-2
3.355794142E1,-1.004617065E-1,-1.725396395E-2,2.074065864E-2,1.040212895E-1
3.356792842E1,-1.047424713E-1,-9.338880479E-3,2.965824723E-2,1.092602930E-1
3.357791542E1,-7.214813612E-2,1.084336907E-2,2.739946783E-2,7.793370924E-2
3.358790242E1,-4.587672411E-2,-9.181590378E-4,-5.268341303E-3,4.618736029E-2
3.359788942E1,-3.823762922E-2,8.334475011E-3,-1.293754935E-2,4.121844181E-2
3.360787642E1,-5.145655755E-2,-1.597313136E-3,1.688734353E-2,5.418035710E-2
3.361786342E1,-3.638810009E-2,-7.698151767E-3,3.037219226E-2,4.801901115E-2
3.362785142E1,-1.435085792E-2,-8.974598944E-3,5.597481072E-2,5.847794443E-2
3.363783842E1,-1.174835360E-2,-5.030359626E-3,5.688522220E-2,5.830314601E-2
3.364782542E1,-2.472074870E-3,1.176167428E-3,5.637183666E-2,5.643827152E-2
3.365781242E1,1.037511673E-2,1.226775080E-2,5.509889781E-2,5.739363464E-2
3.366779942E1,-1.226088032E-4,-1.095183492E-3,5.161863506E-2,5.163039749E-2
3.367778642E1,1.656580148E-3,-2.106284022E-2,6.398081839E-2,6.737902209E-2
3.368777342E1,1.559231317E-2,-3.349299744E-2,8.291819572E-2,9.077625400E-2
3.369776042E1,-9.897061167E-3,-3.965186968E-2,1.003844136E-1,1.083847456E-1
3.370774842E1,-2.197388210E-2,-4.923019364E-2,9.911089003E-2,1.128247844E-1
3.371773542E1,-3.201677648E-2,-3.547096431E-2,7.616232276E-2,8.991085971E-2
3.372772242E1,-3.677459191E-2,-4.317145497E-3,1.856432498E-2,4.142031527E-2
3.373770942E1,-5.850310109E-2,5.657181144E-3,-3.062479198E-2,6.627589621E-2
3.374769642E1,-7.201725899E-2,4.351790249E-2,-1.556587279E-2,8.557213230E-2
3.375768342E1,-4.194395081E-2,5.732025504E-2,-1.529046893E-3,7.104396267E-2
3.376767042E1,-3.922656697E-2,3.837162182E-2,1.873681784E-2,5.798425010E-2
3.377765742E1,-2.378393339E-2,1.123557106E-2,8.484192967E-2,8.882604672E-2
3.378764542E1,-3.966778507E-3,-7.351411879E-4,9.896354020E-2,9.904573717E-2
3.379763242E1,9.408864342E-3,-1.267690971E-2,9.015237093E-2,9.152420856E-2
3.380761942E1,3.798851042E-2,-1.962807968E-2,4.293902814E-2,6.059825554E-2
3.381760642E1,3.898082860E-2,-2.001604244E-2,-2.000741780E-2,4.817098421E-2
3.382759342E1,2.637432301E-2,-3.433338851E-3,-3.073881269E-2,4.064809141E-2
3.383758042E1,3.073578858E-2,1.359843090E-2,-9.512835145E-3,3.492993065E-2
3.384756742E1,2.757408944E-2,1.869501024E-2,1.452039063E-2,3.634110016E-2
3.385755442E1,1.048814158E-2,1.275336206E-2,4.904527545E-2,5.175025026E-2
3.386754242E1,-2.754853528E-2,1.719037548E-2,7.716219664E-2,8.371639860E-2
3.387752942E1,-2.030673129E-2,2.728749365E-2,1.015579498E-1,1.071026975E-1
3.388751642E1,-1.959386433E-2,3.442021966E-2,7.929759979E-2,8.863848134E-2
3.389750342E1,-6.411408009E-3,1.513390973E-2,3.487337887E-2,3.855248281E-2
3.390749042E1,-2.397153765E-2,8.193849474E-3,2.541667700E-2,3.588566923E-2
3.391747742E1,-1.834392149E-2,8.596137911E-3,2.601718605E-2,3.297403543E-2
3.392746442E1,-2.138452845E-2,-2.071873158E-2,2.618558586E-2,3.965159268E-2
3.393745142E1,-3.318110330E-2,-3.835364163E-2,3.356418729E-2,6.081564035E-2
3.394743942E1,-8.817418478E-3,-3.476754427E-2,5.243139803E-2,6.352621902E-2
3.395742642E1,-1.636162402E-2,-3.546555564E-2,3.307302117E-2,5.117942074E-2
3.396741342E1,-4.195737200E-2,-5.298205957E-2,1.165174663E-2,6.858048484E-2
3.397740042E1,-4.425260514E-2,-3.371957704E-2,7.556356788E-3,5.614625068E-2
3.398738742E1,-1.686431098E-2,-2.414096072E-2,-6.373465061E-4,2.945500263E-2
3.399737442E1,-1.915228992E-2,-3.611255005E-2,-1.013205528E-2,4.211395285E-2
3.400736142E1,-7.255033320E-3,-2.762093112E-2,1.207450032E-3,2.858337419E-2
3.401734842E1,1.121030926E-2,-1.490733013E-2,-1.061094224E-2,2.145906849E-2
3.402733642E1,3.755383389E-3,3.333936185E-3,-1.621315956E-2,1.697305446E-2
3.403732342E1,3.671539798E-3,1.467811927E-2,-3.131008565E-2,3.477425561E-2
3.404731042E1,-6.265730113E-3,3.761265323E-2,-5.604146898E-2,6.778360644E-2
3.405729742E1,-6.444088463E-3,2.159376740E-3,-9.173755109E-2,9.198895295E-2
3.406728442E1,2.624376565E-3,-2.246792614E-4,-6.600220084E-2,6.605473752E-2
3.407727142E1,1.810371056E-3,3.616356701E-3,7.562204003E-3,8.575687059E-3
3.408725842E1,-2.985570040E-3,8.354940265E-3,6.047190428E-2,6.111930842E-2
3.409724642E1,-5.438981328E-2,-4.972764552E-3,3.793205738E-2,6.649677551E-2
3.410723342E1,-8.072888855E-2,-3.014385849E-3,3.613696218E-2,8.849926555E-2
3.411722042E1,8.965183100E-2,3.657316446E-2,3.545576155E-2,1.031123571E-1
3.412720742E1,4.262209078E-2,-2.455684394E-2,9.650069296E-2,1.083146571E-1
3.413719442E1,-1.160584599E-2,-7.613177106E-2,1.501032883E-1,1.687060739E-1
3.414718142E1,5.671477586E-2,2.071800068E-2,1.207894421E-1,1.350403298E-1
3.415716842E1,5.790132210E-2,-2.701559812E-3,5.191742778E-2,7.781568501E-2
3.416715542E1,4.977234017E-2,-5.669270262E-2,3.559551001E-2,8.341695696E-2
3.417714342E1,4.775095772E-2,-3.973796993E-2,7.336559951E-2,9.613413239E-2
3.418713042E1,3.850386025E-2,-2.529841706E-2,8.668146372E-2,9.816431792E-2
3.419711742E1,9.488203749E-4,-3.034383327E-2,4.798459053E-2,5.678177001E-2
3.420710442E1,-1.567267584E-2,-2.518629670E-2,6.564142764E-2,7.203318216E-2
3.421709142E1,-3.658266619E-2,-3.004489437E-2,4.470313311E-2,6.511034674E-2
3.422707842E1,-1.271177374E-2,-1.859721556E-2,2.222117364E-2,3.164215821E-2
3.423706542E1,-1.066393264E-2,-2.522152618E-2,-1.715631545E-2,3.231383607E-2
3.424705242E1,-2.296623683E-2,-2.236384571E-2,-3.785779774E-2,4.960647618E-2
3.425704042E1,-4.818001544E-2,-1.282806024E-2,-6.751195192E-3,5.031353351E-2
3.426702742E1,-3.963650247E-2,-2.332732067E-2,2.463724315E-2,5.217480204E-2
3.427701442E1,-2.471122870E-2,-2.636611864E-2,5.711034000E-2,6.758260110E-2
3.428700142E1,3.209591489E-3,-1.221527204E-2,5.062110007E-2,5.217288683E-2
3.429698842E1,9.220474362E-3,-1.393055275E-2,3.566392243E-2,3.938264606E-2
3.430697542E1,-3.489910662E-3,-3.287991688E-2,4.909906983E-3,3.342716854E-2
3.431696242E1,-1.230265137E-2,-2.161803335E-2,-1.102434039E-2,2.720718063E-2
3.432694942E1,7.892681323E-3,8.618795872E-3,-8.332282305E-4,1.171632750E-2
3.433693742E1,3.288053814E-3,-5.088393241E-3,-5.687586665E-3,8.309734396E-3
3.434692454E1,-5.405641235E-3,-5.507053882E-3,5.857506752E-2,5.908119104E-2
3.435691154E1,-4.175770786E-3,1.440359250E-2,8.364792824E-2,8.498162411E-2
3.436689854E1,-3.440593053E-3,1.960673735E-2,9.502427101E-2,9.708693996E-2
3.437688554E1,1.454118479E-2,2.969815448E-2,9.078094661E-2,9.661576839E-2
3.438687254E1,2.338813171E-2,4.420012638E-2,1.009860921E-1,1.126891595E-1
3.439685954E1,3.483666932E-2,3.994730026E-2,9.017049730E-2,1.045949277E-1
3.440684754E1,2.940741995E-2,9.765288681E-3,4.836758316E-2,5.744197343E-2
3.441683454E1,9.441882838E-3,1.472328901E-3,1.152778566E-2,1.497353486E-2
3.442682154E1,4.829237334E-2,7.304984987E-2,7.221311331E-4,8.757257197E-2
3.443680854E1,1.753349740E-2,1.031741202E-3,1.261946082E-2,2.162727011E-2
3.444679554E1,7.467296384E-3,-6.493654579E-2,3.181703925E-2,7.269690145E-2
3.445678254E1,7.510626080E-2,5.459252894E-3,6.186061800E-2,9.745506612E-2
3.446676954E1,7.077440590E-2,-1.324394345E-2,6.582444549E-2,9.755652819E-2
3.447675654E1,3.501455259E-2,-2.739362061E-2,5.763425052E-2,7.278829697E-2
3.448674454E1,2.092592401E-2,-1.476860493E-2,6.275991976E-2,6.778505378E-2
3.449673154E1,1.875987779E-2,-1.496989533E-2,6.765111566E-2,7.178233927E-2
3.450671854E1,1.964167446E-2,-2.432193205E-2,4.636081874E-2,5.591669937E-2
3.451670554E1,2.360027600E-2,-1.541866913E-2,-1.184002697E-2,3.057604657E-2
3.452669254E1,-1.765968762E-3,-1.155570611E-2,-2.781871319E-2,3.017505249E-2
3.453667954E1,-1.275809465E-2,-2.714423686E-3,-2.248195946E-2,2.599183672E-2
3.454666654E1,2.889748793E-2,1.118279994E-3,2.673931718E-3,2.904247355E-2
3.455665454E1,4.980954308E-2,-3.065402806E-3,2.104763746E-2,5.416078211E-2
3.456664154E1,7.994384503E-2,-1.631051570E-2,4.408274353E-2,9.273801571E-2
3.457662854E1,9.285612345E-2,-1.767189369E-2,3.124635100E-2,9.955345267E-2
3.458661554E1,6.680992059E-2,-2.045078292E-2,2.158031881E-2,7.312667210E-2
3.459660254E1,5.715987688E-2,-2.409637570E-3,-2.860457897E-3,5.728210975E-2
3.460658954E1,5.890238369E-2,2.964538336E-4,-2.427062273E-2,6.370747065E-2
3.461657654E1,4.694946891E-2,1.382939592E-2,-2.080907106E-2,5.318385338E-2
3.462656354E1,4.207142925E-2,2.845752150E-2,-1.663182020E-2,5.344579621E-2
3.463655154E1,5.324258957E-2,1.442142650E-2,8.490157127E-3,5.581069481E-2
3.464653854E1,2.583955860E-2,2.307676747E-2,4.085274160E-2,5.356460101E-2
3.465652554E1,1.948228301E-2,1.593644008E-2,2.250534832E-2,3.376418483E-2
3.466651254E1,1.949014021E-2,1.701554373E-2,6.541104734E-2,7.034201737E-2
3.467649954E1,1.435708886E-2,4.340095818E-4,9.180713296E-2,9.292396907E-2
3.468648654E1,3.309803629E-2,2.267257869E-3,9.037573457E-2,9.627249796E-2
3.469647354E1,4.559726374E-2,1.205608159E-2,9.054238021E-2,1.020900690E-1
3.470646154E1,5.025415074E-2,7.014904618E-3,9.384956539E-2,1.066884693E-1
3.471644854E1,5.055488035E-2,6.633519977E-3,7.339191198E-2,8.936538625E-2
3.472643554E1,3.348119337E-2,6.545665562E-3,8.213057578E-2,8.893406279E-2
3.473642254E1,3.626390157E-2,3.621326834E-3,5.934105277E-2,6.963867538E-2
3.474640954E1,4.101522110E-2,-1.071253762E-2,4.787875593E-2,6.394827670E-2
3.475639654E1,3.333718741E-2,-2.591646776E-2,7.353458405E-3,4.286145957E-2
3.476638354E1,1.661348370E-2,-1.636401772E-2,1.821349204E-2,2.958919074E-2
3.477637054E1,4.099626333E-2,1.291123688E-2,5.669460297E-2,7.114542607E-2
3.478635854E1,3.188144999E-2,1.261872992E-2,4.111001909E-2,5.353216666E-2
3.479634554E1,3.089067584E-2,2.893421575E-2,-4.865468144E-3,4.260393732E-2
3.480633254E1,2.172783310E-2,4.266727880E-2,-1.133190393E-2,4.920373418E-2
3.481631954E1,-8.607055759E-3,4.042399451E-2,-7.686749697E-3,4.203887322E-2
3.482630654E1,-1.178577578E-2,1.939170599E-2,4.004933417E-2,4.603142339E-2
3.483629354E1,-1.130772935E-2,4.158393592E-3,6.658458352E-2,6.766582404E-2
3.484628054E1,-4.104124121E-3,-7.829275578E-3,3.400448263E-2,3.513468699E-2
3.485626854E1,-3.573466460E-2,-4.488907456E-3,1.125121236E-2,3.773203313E-2
3.486625554E1,1.149389008E-3,-6.514967680E-3,2.569909751E-2,2.653694617E-2
3.487624254E1,2.284876261E-2,7.091064602E-3,6.346743286E-2,6.782672175E-2
3.488622954E1,9.107056651E-3,7.786152363E-3,7.906605005E-2,7.996876215E-2
3.489621654E1,1.115597583E-2,2.337629110E-2,4.439966261E-2,5.140269275E-2
3.490620354E1,-4.277420975E-4,3.496415690E-2,2.591252089E-2,4.352164943E-2
3.491619054E1,1.965029910E-3,1.337872177E-2,2.961322367E-2,3.255448594E-2
3.492617854E1,9.394648299E-4,-1.069163382E-3,2.884723842E-2,2.888232797E-2
3.493616554E1,6.967596989E-4,-4.189822376E-3,1.660901606E-2,1.714349731E-2
3.494615254E1,-3.193310648E-4,-6.713042110E-3,2.161072433E-2,2.263162197E-2
3.495613954E1,-4.895124491E-2,-8.692032248E-3,8.998280168E-3,5.052469544E-2
3.496612654E1,-1.778150157E-2,1.102989525E-2,9.508449733E-2,9.735965294E-2
3.497611354E1,2.962180263E-2,-1.380322963E-2,1.202298635E-1,1.245921363E-1
3.498610054E1,9.592101462E-3,-4.076342538E-2,7.153249741E-2,8.288886200E-2
3.499608754E1,-1.162516007E-2,-1.153334051E-2,6.319261372E-2,6.527992585E-2
3.500607554E1,1.310193834E-2,2.702992380E-2,5.332660675E-2,6.120461221E-2
3.501606254E1,-3.658593697E-3,7.683241367E-3,4.872601748E-2,4.946354501E-2
3.502604954E1,-8.509982843E-3,3.319259673E-2,5.211915672E-2,6.237447221E-2
3.503603654E1,-8.338970058E-3,3.468407527E-2,3.538501024E-2,5.024562119E-2
3.504602354E1,-2.139441390E-2,3.029515520E-2,2.137508154E-2,4.280667571E-2
3.505601054E1,-2.326597058E-2,1.857046455E-2,1.332229614E-2,3.261366455E-2
3.506599754E1,-1.585866298E-2,1.060027108E-2,2.045999229E-2,2.797274071E-2
3.507598554E1,-1.568539353E-2,1.715426892E-3,2.960328341E-2,3.354591850E-2
3.508597254E1,-5.392430183E-3,-6.616124511E-3,4.170994341E-2,4.257429725E-2
3.509595954E1,-1.615457777E-3,-5.226387531E-3,7.228678823E-2,7.249347959E-2
3.510594654E1,1.353817717E-2,-1.822606355E-2,7.898594320E-2,8.218424944E-2
3.511593354E1,-8.689309638E-3,-1.064047068E-2,9.342037976E-2,9.442505532E-2
3.512592054E1,-4.593335073E-3,-1.956025198E-2,9.238191426E-2,9.454163245E-2
3.513590754E1,-1.254213139E-2,-3.119635731E-3,1.083161616E-1,1.090844996E-1
3.514589454E1,-4.028411815E-3,8.816139400E-4,9.162528455E-2,9.171803593E-2
3.515588254E1,-1.462002170E-2,8.824617863E-3,5.512930334E-2,5.771359460E-2
3.516586954E1,-2.131823564E-2,2.104880691E-2,7.853395343E-3,3.097087763E-2
3.517585654E1,-2.346424601E-2,3.483391017E-2,-3.668250740E-2,5.576359464E-2
3.518584354E1,-4.322062640E-2,2.630062982E-2,-1.572433233E-2,5.298113157E-2
3.519583054E1,-2.128669722E-2,1.436514705E-2,3.865360379E-2,4.640670226E-2
3.520581754E1,2.528692363E-3,6.467459053E-3,5.782077670E-2,5.823628190E-2
3.521580454E1,5.000054603E-3,3.771454096E-5,2.314912677E-3,5.510062534E-3
3.522579254E1,-1.294485837E-2,-8.781787008E-3,-2.086461961E-2,2.607722173E-2
3.523577954E1,-2.435114072E-2,-5.875428468E-3,-5.198291659E-2,5.770374625E-2
3.524576654E1,-5.462579411E-2,-1.006364286E-2,-3.149076462E-2,6.385078344E-2
3.525575354E1,-6.815625113E-2,2.203260094E-2,1.678677142E-2,7.356973404E-2
3.526574054E1,-1.504888756E-2,2.835271016E-2,7.167224586E-2,7.853187898E-2
3.527572754E1,2.510042486E-2,-6.305052638E-3,3.021957994E-2,3.978703342E-2
3.528571454E1,1.514422459E-2,-5.535266697E-3,-6.790371537E-2,6.979184248E-2
3.529570254E1,-6.939402446E-3,1.325256810E-2,-1.064193249E-1,1.074656158E-1
3.530568954E1,-2.008737847E-3,2.856423318E-2,-1.329037035E-1,1.359534657E-1
3.531567654E1,1.886701888E-2,-1.473980740E-2,-8.080910504E-2,8.428130149E-2
3.532566354E1,6.134330386E-2,-2.483458668E-2,4.905404627E-2,8.237752776E-2
3.533565054E1,-3.073667480E-2,-4.587257624E-2,8.028519452E-2,9.744100208E-2
3.534563817E1,-2.134062865E-2,-3.106391788E-2,4.292557955E-2,5.712262953E-2
3.535562517E1,4.726117118E-2,-1.994909182E-2,9.592357278E-3,5.218810098E-2
3.536561317E1,5.266684896E-2,-3.982640907E-2,-2.273280501E-2,6.983351819E-2
3.537560017E1,6.047622574E-2,-4.339379534E-2,-3.434069753E-2,8.197364735E-2
3.538558717E1,4.813866466E-2,-3.561933741E-2,-4.795710862E-2,7.671996155E-2
3.539557417E1,6.292116587E-2,-1.532555223E-2,-3.312213778E-2,7.273940938E-2
3.540556117E1,6.073996257E-2,2.100261390E-2,-3.426468372E-3,6.435987515E-2
3.541554817E1,-3.623705920E-2,1.995640084E-2,4.361555099E-2,6.011404730E-2
3.542553517E1,-3.861750637E-2,2.817232355E-2,1.605738974E-1,1.675379603E-1
3.543552317E1,2.106873312E-2,3.769539133E-2,1.314845842E-1,1.383944722E-1
3.544551017E1,5.492772058E-2,2.915947974E-2,6.150335312E-2,8.746423378E-2
3.545549717E1,1.214914368E-2,1.127138525E-2,5.930304587E-2,6.157513351E-2
3.546548417E1,-4.215257764E-2,4.529282480E-2,5.472058296E-2,8.259916452E-2
3.547547117E1,-6.392252896E-2,6.120850727E-2,2.893085361E-2,9.311050081E-2
3.548545817E1,-9.087833930E-3,8.547328278E-2,-7.344102859E-4,8.595818841E-2
3.549544517E1,2.553949594E-2,5.934383020E-2,-6.682022631E-2,9.294567596E-2
3.550543317E1,2.195484211E-2,4.913137570E-2,-1.313945371E-1,1.419874345E-1
3.551542017E1,1.427405840E-3,9.570722580E-3,-1.592085725E-1,1.595023692E-1
3.552540717E1,3.735666395E-2,3.624776691E-2,-9.010676265E-2,1.040607977E-1
3.553539417E1,-2.844037271E-2,-1.856023192E-2,5.023693800E-2,6.063898868E-2
3.554538117E1,2.896488623E-2,-5.477233082E-2,2.448919165E-1,2.526084394E-1
3.555536817E1,5.890973839E-2,-6.245323330E-2,3.255811536E-1,3.367103373E-1
3.556535517E1,6.818154948E-3,-6.863417879E-2,2.588246620E-1,2.678569457E-1
3.557534317E1,-1.017746257E-2,-5.993746877E-2,1.941936332E-1,2.034877099E-1
3.558533017E1,8.552979978E-2,-1.836566582E-2,7.482506454E-2,1.151148757E-1
3.559531717E1,4.603353912E-2,-3.520623162E-2,-3.008509398E-2,6.529684792E-2
3.560530417E1,-5.158980098E-4,6.407378912E-3,-7.017360449E-2,7.046740681E-2
3.561529117E1,-4.175951684E-2,3.909448385E-2,-1.131833839E-1,1.268176420E-1
3.562527817E1,-5.665823146E-2,2.199693292E-2,-9.872321963E-2,1.159322834E-1
3.563526517E1,-9.166998834E-2,2.236121446E-2,-3.964996934E-2,1.023500403E-1
3.564525217E1,-9.015446314E-2,5.098055765E-2,3.249590099E-2,1.085487359E-1
3.565524017E1,-5.735965066E-2,5.046951100E-2,5.619875908E-2,9.484514530E-2
3.566522717E1,-5.053171076E-2,2.157110944E-2,5.928433478E-2,8.082944331E-2
3.567521417E1,2.231000564E-2,2.560992748E-2,7.479465902E-2,8.214527226E-2
3.568520117E1,7.652955531E-2,2.212396368E-2,6.509295881E-2,1.028753415E-1
3.569518817E1,2.906180383E-2,-4.036771506E-3,5.119237304E-2,5.900460171E-2
3.570517517E1,6.519691134E-3,-1.448793858E-3,8.558744967E-2,8.584763781E-2
3.571516317E1,-1.835533270E-2,4.019083679E-3,1.127559525E-1,1.143108748E-1
3.572515017E1,-3.737984268E-2,9.128673077E-3,1.135447419E-1,1.198874210E-1
3.573513717E1,-2.667983090E-2,1.623201683E-2,8.068222046E-2,8.651538849E-2
3.574512417E1,-8.812896023E-3,1.475544870E-3,-2.337132096E-2,2.502125122E-2
3.575511117E1,2.872044520E-2,1.835967243E-2,-1.653007865E-3,3.412732013E-2
3.576509817E1,-5.053287107E-2,1.258130774E-2,-8.971382976E-3,5.284265394E-2
3.577508517E1,-7.026880447E-2,3.217035726E-2,1.284633279E-2,7.834325136E-2
3.578507217E1,-2.855290420E-2,2.282723755E-2,6.959063709E-2,7.860793778E-2
3.579506017E1,4.782696239E-2,4.051389545E-3,8.395373762E-2,9.670606056E-2
3.580504717E1,-1.575196043E-2,-3.844485819E-2,9.249768913E-2,1.013999698E-1
3.581503417E1,-5.044045765E-2,-3.492892742E-2,5.588651776E-2,8.299140080E-2
3.582502117E1,-3.124388421E-2,2.626861632E-4,-4.349100530E-2,5.355106765E-2
3.583500817E1,-2.375395727E-2,-1.396329716E-2,-8.305502057E-2,8.750634603E-2
3.584499517E1,-4.051829000E-2,-1.317246124E-2,-5.894168794E-2,7.272804230E-2
3.585498317E1,-5.516553780E-2,2.737447098E-2,-1.036483294E-1,1.205635700E-1
3.586497017E1,-8.026015199E-2,5.184024453E-2,-1.254397327E-1,1.576839544E-1
3.587495717E1,-8.785413195E-2,9.364900589E-3,3.942485154E-2,9.674899887E-2
3.588494417E1,-4.066785995E-2,-1.178798676E-3,1.276599205E-1,1.339862668E-1
3.589493117E1,-3.877132469E-2,4.641665965E-3,9.872088075E-2,1.061629548E-1
3.590491817E1,-6.028559737E-2,-6.519791633E-3,8.034074306E-2,1.006553323E-1
3.591490517E1,-6.131020314E-2,-2.015345201E-2,1.075916916E-1,1.254634399E-1
3.592489317E1,-4.589087619E-2,-2.754740238E-2,1.429375255E-1,1.526301677E-1
3.593488017E1,-1.614313002E-2,-4.028029919E-2,1.862548685E-1,1.912432461E-1
3.594486717E1,3.664126625E-2,-4.274051517E-2,1.933861327E-1,2.014138286E-1
3.595485417E1,6.693415565E-2,-3.162685856E-2,1.550424314E-1,1.718097637E-1
3.596484117E1,4.885314873E-2,7.668915689E-3,2.732696235E-2,5.649960425E-2
3.597482817E1,6.509888825E-2,2.267711028E-2,-6.716170371E-2,9.624349862E-2