"Time (s)","Linear Acceleration x (m/s^2)","Linear Acceleration y (m/s^2)","Linear Acceleration z (m/s^2)","Absolute acceleration (m/s^2)"
-3.377501853E-4,-4.759686166E-1,2.966185789E-1,5.028254628E-2,5.630781827E-1
9.649249725E-3,-5.121596290E-2,2.636929075E-1,-2.139800262E-1,3.434304529E-1
1.963724988E-2,4.319933888E-2,1.570927575E-1,-3.368434757E-1,3.741762211E-1
2.962424979E-2,-1.021952597E-2,8.432298928E-2,-1.684699774E-1,1.886715095E-1
3.961124970E-2,-1.325696630E-1,1.460619852E-1,-9.404603183E-2,2.185256854E-1
4.959924985E-2,-1.905561717E-1,1.651035891E-1,2.233519435E-2,2.531199530E-1
5.958624976E-2,-2.617095868E-1,1.157627369E-1,1.342503172E-1,3.160950281E-1
6.957324967E-2,-2.396954411E-1,1.047129612E-1,2.117656857E-1,3.365463035E-1
7.956124982E-2,-1.518276322E-1,6.636005044E-2,2.203745413E-1,2.757176538E-1
8.954824973E-2,-5.883883176E-2,6.241274133E-2,1.603154504E-1,1.818196965E-1
9.953624988E-2,3.693532638E-2,8.766613483E-2,2.488458037E-2,9.833011681E-2
1.095232498E-1,9.269713400E-2,1.193292461E-1,-1.326908648E-1,2.010947370E-1
1.195102497E-1,1.467767890E-1,1.356861010E-1,-2.180485189E-1,2.958028066E-1
1.294982499E-1,1.765945008E-1,1.828003335E-1,-2.687760383E-1,3.699218004E-1
1.394852498E-1,1.525985876E-1,1.749019146E-1,-2.270497227E-1,3.246976828E-1
1.494722497E-1,1.131977279E-1,1.476581289E-1,-1.241814119E-1,2.236910183E-1
1.594602498E-1,8.934642361E-2,1.385342798E-1,-2.018108010E-2,1.660777110E-1
1.694472497E-1,7.186524052E-2,1.115102032E-1,2.130725384E-2,1.343619636E-1
1.794342496E-1,5.574972033E-2,1.146014799E-1,1.769601345E-2,1.286649891E-1
1.894222498E-1,4.562462688E-2,1.158296876E-1,-4.391142011E-2,1.320088479E-1
1.994092497E-1,4.087050252E-2,1.568826963E-1,-1.519568557E-1,2.222014049E-1
2.093962496E-1,2.738939965E-2,2.069639522E-1,-2.512642121E-1,3.266771510E-1
2.193842498E-1,-1.799982199E-2,2.212386136E-1,-3.179879594E-1,3.877974472E-1
2.293712497E-1,-3.711250615E-2,2.572913758E-1,-3.411505347E-1,4.289054413E-1
2.393582496E-1,-3.234998555E-2,2.611126775E-1,-3.444208825E-1,4.334190768E-1
2.493462497E-1,-9.696943866E-2,2.123669256E-1,-3.249578404E-1,4.001254568E-1
2.593332496E-1,-1.660580009E-1,1.986252379E-1,-3.043224317E-1,3.995489798E-1
2.693202500E-1,-1.304406461E-1,2.374250221E-1,-3.014935488E-1,4.053193349E-1
2.793082497E-1,-8.696933859E-2,2.081427509E-1,-3.211957419E-1,3.924968474E-1
2.892952496E-1,-2.040568627E-2,1.899656577E-1,-3.600440580E-1,4.075966963E-1
2.992822500E-1,6.268674277E-2,2.651199205E-1,-4.259737533E-1,5.056400286E-1
3.092702497E-1,9.564601276E-2,2.939329527E-1,-5.238122892E-1,6.082138233E-1
3.192572496E-1,9.580318409E-2,3.144753908E-1,-6.519739008E-1,7.301664117E-1
3.292442500E-1,7.278768447E-2,3.133587188E-1,-7.599076545E-1,8.251977806E-1
3.392322497E-1,5.076200883E-3,2.705689408E-1,-8.356156486E-1,8.783432312E-1
3.492192500E-1,-3.874035729E-2,2.314544302E-1,-8.540641987E-1,8.857187048E-1
3.592072497E-1,-7.346356778E-2,2.067357646E-1,-8.339655644E-1,8.623428174E-1
3.691942496E-1,-1.059897281E-1,1.701026662E-1,-8.604610527E-1,8.834941780E-1
3.791812500E-1,-1.390094483E-1,1.391786429E-1,-9.387412369E-1,9.591295175E-1
3.891692497E-1,-2.039110113E-1,1.373206902E-1,-1.095854167E0,1.123090837E0
3.991562496E-1,-2.586107635E-1,1.507106678E-1,-1.264730526E0,1.299667856E0
4.091432500E-1,-2.656189073E-1,1.530156402E-1,-1.472845795E0,1.504407500E0
4.191312497E-1,-2.433223594E-1,1.353612882E-1,-1.685060547E0,1.707910272E0
4.291182496E-1,-1.774659004E-1,1.432035738E-1,-1.899458649E0,1.913098160E0
4.391052499E-1,-1.235054646E-1,1.421181844E-1,-2.086750229E0,2.095227361E0
4.490932496E-1,-9.558309124E-2,8.834397331E-2,-2.209906624E0,2.213736224E0
4.590802500E-1,-8.369898174E-2,7.052633777E-2,-2.221000546E0,2.223695777E0
4.690672499E-1,-1.153620382E-1,4.704055756E-2,-2.134872229E0,2.138504302E0
4.790552496E-1,-1.738555188E-1,7.833807170E-4,-2.000833581E0,2.008372818E0
4.890422500E-1,-1.680433134E-1,3.111785844E-2,-1.927797180E0,1.935357549E0
4.990292499E-1,-1.441975639E-1,5.775221810E-2,-1.957118043E0,1.963272597E0
5.090172496E-1,-1.524540517E-1,2.217512682E-2,-2.037554095E0,2.043369929E0
5.190042499E-1,-1.093037929E-1,7.769180819E-2,-2.156036811E0,2.160203246E0
5.289912499E-1,4.397219460E-2,2.159686643E-1,-2.189680520E0,2.200744601E0
5.389792500E-1,2.623478652E-1,3.632126641E-1,-2.115720844E0,2.162642950E0
5.489662499E-1,3.268798202E-1,3.950197631E-1,-1.970163766E0,2.035788863E0
5.589532498E-1,2.160666965E-1,2.553436683E-1,-1.719048657E0,1.751289095E0
5.689412500E-1,1.488363246E-1,1.571940605E-1,-1.404567858E0,1.421152030E0
5.789282499E-1,1.219362090E-1,3.993048951E-2,-1.087568663E0,1.095111172E0
5.889152498E-1,1.588695985E-1,-1.309133112E-2,-9.077141565E-1,9.216050793E-1
5.989032499E-1,3.045541824E-1,1.057597589E-1,-8.864232749E-1,9.432309361E-1
6.088902499E-1,4.078045540E-1,2.087673797E-1,-9.727743709E-1,1.075257341E0
6.188772498E-1,4.068623482E-1,2.579730150E-1,-1.186519339E0,1.280591734E0
6.288652499E-1,3.178566894E-1,2.970537579E-1,-1.274943858E0,1.347128669E0
6.388522498E-1,2.734744405E-1,3.179011282E-1,-1.310648126E0,1.376098800E0
6.488392497E-1,3.265411568E-1,2.767408231E-1,-1.331867672E0,1.398958936E0
6.588272499E-1,4.416041648E-1,2.764581102E-1,-1.218408299E0,1.325127205E0
6.688144580E-1,5.483362060E-1,2.344110748E-1,-1.100580472E0,1.251758172E0
6.788014583E-1,4.827400578E-1,4.127140224E-2,-1.099756014E0,1.201750633E0
6.887894580E-1,4.601569415E-1,-6.851416469E-2,-1.147997882E0,1.238683874E0
6.987764579E-1,5.389676875E-1,-7.636098191E-2,-1.155111605E0,1.276949485E0
7.087634583E-1,6.292647039E-1,-8.314930692E-2,-1.096078116E0,1.266599823E0
7.187514580E-1,6.275970049E-1,-9.300727397E-3,-9.806002843E-1,1.164277210E0
7.287384584E-1,5.828893037E-1,6.353175223E-2,-9.025118887E-1,1.076254586E0
7.387254583E-1,4.924261532E-1,4.340388179E-2,-7.812049681E-1,9.244720740E-1
7.487134580E-1,4.346924635E-1,-2.503602326E-2,-6.146429372E-1,7.532398559E-1
7.587004583E-1,3.533215141E-1,-1.628250754E-1,-5.030570126E-1,6.359358894E-1
7.686874582E-1,2.940869538E-1,-2.690033488E-1,-4.720147294E-1,6.177765314E-1
7.786754579E-1,2.927329579E-1,-2.826678532E-1,-5.511012447E-1,6.850593272E-1
7.886624583E-1,4.405444300E-1,-3.503829959E-1,-5.680236715E-1,7.996865199E-1
7.986504580E-1,6.638485725E-1,-3.837498397E-1,-4.458770907E-1,8.869978843E-1
8.086374579E-1,7.965718894E-1,-4.345767617E-1,-3.377831233E-1,9.682361154E-1
8.186244583E-1,8.175764036E-1,-5.562843628E-1,-2.335880792E-1,1.016093922E0
8.286124580E-1,7.661992586E-1,-6.983914375E-1,-8.629496276E-2,1.040316646E0
8.385994583E-1,5.737105273E-1,-7.246080136E-1,6.320840120E-3,9.242513162E-1
8.485864582E-1,2.682885267E-1,-6.136598741E-1,9.540083170E-2,6.765046144E-1
8.585744579E-1,-1.148312024E-1,-5.114464514E-1,1.740616697E-1,5.523234040E-1
8.685614583E-1,-4.476868770E-1,-5.174930571E-1,2.052746916E-1,7.143950609E-1
8.785484582E-1,-5.282519339E-1,-5.864543876E-1,2.470600641E-1,8.270535229E-1
8.885364579E-1,-3.431902628E-1,-6.276702413E-1,2.013517946E-1,7.431635308E-1
8.985234583E-1,-1.207327241E-1,-6.780385955E-1,6.761252403E-2,6.920145815E-1
9.085104582E-1,-4.181928635E-3,-6.776829386E-1,-6.396386147E-2,6.807077415E-1
9.184984583E-1,5.502449200E-2,-5.516615541E-1,-1.542553961E-1,5.754588537E-1
9.284854583E-1,2.806634277E-2,-4.405932543E-1,1.066953135E-1,4.541960207E-1
9.384724582E-1,-6.052785482E-2,-4.890315887E-1,6.039577353E-1,7.794744781E-1
9.484604583E-1,-1.706107161E-1,-5.944791064E-1,1.094245598E0,1.256935501E0
9.584474582E-1,-2.526644010E-1,-6.973940487E-1,1.469957271E0,1.646503002E0
9.684344581E-1,-3.714254440E-1,-8.666339582E-1,1.655395283E0,1.905083941E0
9.784224583E-1,-4.382608365E-1,-9.738955745E-1,1.593003153E0,1.917864489E0
9.884094582E-1,-4.281808945E-1,-8.972663516E-1,1.321853730E0,1.654002137E0
9.983964581E-1,-4.489506796E-1,-8.671273170E-1,1.013764522E0,1.407545737E0
1.008383458E0,-4.629488408E-1,-8.152338628E-1,8.897450781E-1,1.292506938E0
1.018371458E0,-4.907789560E-1,-6.999087900E-1,9.349738759E-1,1.266851391E0
1.028358458E0,-6.809836187E-1,-6.931440000E-1,1.182879447E0,1.530813862E0
1.038345458E0,-7.214468627E-1,-7.395774704E-1,1.725651918E0,2.011301805E0
1.048333458E0,-6.839271802E-1,-7.212068345E-1,2.187690713E0,2.402891246E0
1.058320458E0,-7.766013090E-1,-8.193735453E-1,2.292748221E0,2.555616756E0
1.068308458E0,-7.158884264E-1,-8.636714664E-1,2.123789417E0,2.401854726E0
1.078295458E0,-3.658044059E-1,-6.053568278E-1,1.737062175E0,1.875541189E0
1.088282458E0,-1.618314325E-1,-4.498024727E-1,1.092397293E0,1.192410803E0
1.098269458E0,-1.187757524E-1,-3.879095489E-1,5.693468964E-1,6.990975511E-1
1.108257458E0,-8.947032063E-2,-8.733489007E-2,3.474222583E-1,3.692350834E-1
1.118244458E0,-2.275268189E-1,1.373722918E-1,4.399041599E-1,5.139603776E-1
1.128232458E0,-2.621092805E-1,4.033755805E-1,7.629043525E-1,9.019069714E-1
1.138219458E0,-4.081417921E-1,5.778051862E-1,1.081727879E0,1.292506774E0
1.148206458E0,-6.703593741E-1,6.143399052E-1,1.314657562E0,1.598474183E0
1.158193458E0,-8.988543092E-1,7.683761770E-1,1.283790110E0,1.745410572E0
1.168181458E0,-1.056528718E0,9.713419493E-1,1.189414296E0,1.863991546E0
1.178168458E0,-1.139658730E0,1.131268852E0,9.264936590E-1,1.853909851E0
1.188155458E0,-1.131584236E0,1.112908449E0,7.320778316E-1,1.747851839E0
1.198143458E0,-9.989291127E-1,1.089391532E0,6.846995974E-1,1.628940398E0
1.208130458E0,-8.251999303E-1,1.010391556E0,8.715602374E-1,1.568905118E0
1.218117458E0,-7.378428208E-1,7.528564972E-1,1.293661380E0,1.668761427E0
1.228105458E0,-5.566524816E-1,4.584696543E-1,1.981583962E0,2.108727438E0
1.238092458E0,-3.454562051E-1,2.027004549E-1,2.673432950E0,2.703270464E0
1.248079458E0,-2.938645038E-1,-2.021674812E-2,3.032344987E0,3.046617991E0
1.258067458E0,-2.094841387E-1,-1.379440033E-1,3.022363790E0,3.032753705E0
1.268054458E0,8.255120985E-2,-8.726881653E-2,2.827769623E0,2.830320050E0
1.278041458E0,4.048677899E-1,2.506502545E-1,2.513741398E0,2.558444702E0
1.288029458E0,5.146642473E-1,5.077002865E-1,2.160682424E0,2.278417741E0
1.298016458E0,3.772573838E-1,5.914198431E-1,2.005625374E0,2.124766742E0
1.308003458E0,2.662022950E-1,6.437059379E-1,2.118505872E0,2.230087023E0
1.317991458E0,2.850708213E-1,5.956801245E-1,2.872310788E0,2.947247775E0
1.327978458E0,4.920281040E-1,5.604354474E-1,3.762259349E0,3.835462809E0
1.337965458E0,7.151918037E-1,5.708940697E-1,4.419200460E0,4.512953806E0
1.347953458E0,8.520319989E-1,5.773388708E-1,4.796527718E0,4.905706559E0
1.357940458E0,8.799676564E-1,5.419570765E-1,4.759915962E0,4.870817232E0
1.367927458E0,7.185141917E-1,4.807267883E-1,4.401907319E0,4.485994755E0
1.377915458E0,4.514293874E-1,4.181034011E-1,3.822596768E0,3.871801259E0
1.387902458E0,2.800619685E-1,4.540526676E-1,3.429486120E0,3.470730987E0
1.397889458E0,3.513787767E-1,6.542262483E-1,3.232215098E0,3.316427817E0
1.407877458E0,4.214637959E-1,9.121770439E-1,3.167570035E0,3.323130846E0
1.417864458E0,3.522932082E-1,1.114642148E0,3.138952593E0,3.349561315E0
1.427851458E0,2.182054253E-1,1.139166540E0,3.233379278E0,3.435120896E0
1.437839458E0,2.095501574E-1,1.029183045E0,3.203306463E0,3.371097938E0
1.447826458E0,4.195809925E-1,8.188885188E-1,3.114946264E0,3.248001977E0
1.457813458E0,6.991763531E-1,5.992457566E-1,3.059096584E0,3.194685424E0
1.467801458E0,7.520463654E-1,4.694475093E-1,2.940244909E0,3.070992482E0
1.477788458E0,6.152587952E-1,3.956182256E-1,3.002879114E0,3.090686030E0
1.487775458E0,4.829080556E-1,3.853262490E-1,3.037388796E0,3.099581779E0
1.497762458E0,3.309162994E-1,2.852846284E-1,3.093778759E0,3.124477544E0
1.507750458E0,2.754148573E-1,1.802015385E-1,3.144298702E0,3.161477545E0
1.517737458E0,2.500282204E-1,9.492574543E-2,3.113148245E0,3.124614697E0
1.527724458E0,1.693423454E-1,-7.989927828E-2,3.045766686E0,3.051516907E0
1.537712458E0,1.142657401E-1,-3.568443154E-1,2.969983848E0,2.993526112E0
1.547699458E0,8.739270441E-2,-6.558881731E-1,2.951547577E0,3.024807412E0
1.557686458E0,2.210227051E-1,-8.828317688E-1,2.968040233E0,3.104433249E0
1.567674458E0,5.604362879E-1,-7.989134069E-1,2.733830595E0,2.902788519E0
1.577661458E0,6.993839293E-1,-6.481759880E-1,2.448607509E0,2.627726912E0
1.587648458E0,5.657056160E-1,-4.359966119E-1,2.177355759E0,2.291504744E0
1.597636458E0,4.656785038E-1,-2.026038297E-1,1.978243448E0,2.042388778E0
1.607623458E0,3.299102859E-1,-1.449479444E-1,1.804713875E0,1.840337707E0
1.617610458E0,1.903425108E-1,-3.307169093E-1,1.696102429E0,1.738495728E0
1.627598458E0,2.495899350E-1,-4.461726674E-1,1.670549512E0,1.747026290E0
1.637585458E0,3.397046645E-1,-5.138521421E-1,1.545385768E0,1.663628701E0
1.647572458E0,2.675974589E-1,-6.109011577E-1,1.322516220E0,1.481167707E0
1.657560458E0,1.199527055E-1,-7.519862853E-1,1.374951711E0,1.571739238E0
1.667547750E0,3.672837149E-2,-7.521008907E-1,1.629439493E0,1.795014703E0
1.677534750E0,4.337172210E-3,-7.152806814E-1,1.909680167E0,2.039245842E0
1.687521750E0,-2.617063891E-2,-7.549533087E-1,2.096739612E0,2.228666956E0
1.697509750E0,-7.659103330E-2,-8.243911873E-1,2.067725143E0,2.227324468E0
1.707496750E0,5.913727731E-4,-7.338346276E-1,1.768565218E0,1.914768013E0
1.717483750E0,1.994643865E-1,-3.818063714E-1,1.217568054E0,1.291523950E0
1.727471750E0,9.350947671E-2,-1.143605746E-1,5.583500379E-1,5.775613631E-1
1.737458750E0,-1.072461943E-1,3.044937551E-2,-1.101264596E-2,1.120276262E-1
1.747445750E0,-7.793253075E-2,2.481483771E-1,-3.405032480E-1,4.284781888E-1
1.757433750E0,-6.631042220E-2,2.864287823E-1,-2.784677982E-1,4.049479400E-1
1.767420750E0,1.358545739E-2,2.050014804E-1,-3.739235938E-2,2.088261482E-1
1.777407750E0,1.522275086E-1,1.183289337E-1,2.565997964E-1,3.209648056E-1
1.787395750E0,2.322129968E-1,-5.482495576E-3,4.473868418E-1,5.040911821E-1
1.797382750E0,3.047378764E-1,-1.103159094E-1,4.721626639E-1,5.726887063E-1
1.807369750E0,2.938651616E-1,-1.475837231E-1,2.970309538E-1,4.431309919E-1
1.817357750E0,2.374988432E-1,-1.526409799E-1,-1.110070503E-1,3.033604036E-1
1.827344750E0,1.705912741E-1,-1.015772456E-1,-6.373383200E-1,6.675473420E-1
1.837331750E0,7.547589619E-2,-2.747679725E-2,-1.263922441E0,1.266472077E0
1.847318750E0,3.756159972E-2,2.661360204E-2,-1.871172743E0,1.871738922E0
1.857306750E0,1.098236469E-1,1.121855566E-1,-2.236575190E0,2.242078369E0
1.867293750E0,3.433589916E-1,2.531889693E-1,-2.428966711E0,2.466146657E0
1.877280750E0,5.349907038E-1,4.114245652E-1,-2.498021159E0,2.587584769E0
1.887268750E0,5.613548490E-1,5.082184960E-1,-2.485043263E0,2.597853985E0
1.897255750E0,3.888140035E-1,6.118451907E-1,-2.494000613E0,2.597223503E0
1.907242750E0,1.620670570E-1,7.346583541E-1,-2.475654389E0,2.587441455E0
1.917230750E0,-1.124481697E-1,7.913956417E-1,-2.489014692E0,2.614219920E0
1.927217750E0,-2.673352113E-1,8.189600741E-1,-2.547327805E0,2.689059810E0
1.937204750E0,-2.695755719E-1,7.835882201E-1,-2.630906736E0,2.758324082E0
1.947192750E0,-2.604975504E-1,6.866431388E-1,-2.731094683E0,2.828111727E0
1.957179750E0,-2.390787609E-1,5.547684722E-1,-2.840283249E0,2.903813983E0
1.967166750E0,-1.724746623E-1,4.611468751E-1,-2.988576239E0,3.028859833E0
1.977153750E0,-1.017491172E-1,3.593229501E-1,-3.052469934E0,3.075229839E0
1.987141750E0,-1.148137338E-2,3.193551115E-1,-3.056546028E0,3.073205677E0
1.997128750E0,5.205096357E-2,2.712784273E-1,-3.017048087E0,3.029666722E0
2.007115750E0,6.675046172E-2,1.732912990E-1,-2.831697198E0,2.837779857E0
2.017103750E0,7.962698076E-2,9.274524562E-2,-2.675433283E0,2.678224297E0
2.027090750E0,-4.802172035E-3,8.426802546E-2,-2.746024963E0,2.747321834E0
2.037077750E0,-1.508352501E-1,6.371045776E-2,-3.045475495E0,3.049873979E0
2.047065750E0,-2.952260279E-1,3.358260602E-2,-3.389071920E0,3.402072115E0
2.057052750E0,-3.407313625E-1,-2.614436299E-4,-3.608762337E0,3.624812207E0
2.067039750E0,-1.044469859E-1,1.825701725E-1,-3.823905959E0,3.829686387E0
2.077027750E0,8.558474533E-2,3.663458215E-1,-3.881479399E0,3.899668746E0
2.087014750E0,1.287106651E-1,3.573862792E-1,-3.753595530E0,3.772766994E0
2.097001750E0,2.528899574E-1,2.932010275E-1,-3.357716226E0,3.379967223E0
2.106988750E0,3.734708731E-1,2.101242261E-1,-2.959583405E0,2.990445889E0
2.116976750E0,3.936607240E-1,1.260943285E-1,-2.667614971E0,2.699451459E0
2.126963750E0,2.041556807E-1,2.027687211E-1,-2.468153581E0,2.484869573E0
2.136950750E0,-9.062570304E-2,3.751554559E-1,-2.453791065E0,2.483957573E0
2.146938750E0,-4.056320210E-1,4.483756059E-1,-2.559758400E0,2.630197918E0
2.156925750E0,-5.989023423E-1,4.672051021E-1,-2.477743015E0,2.591558425E0
2.166912750E0,-5.714008771E-1,4.918810831E-1,-2.386092002E0,2.502375073E0
2.176900750E0,-5.627841643E-1,4.141750954E-1,-2.243784807E0,2.350071761E0
2.186887750E0,-5.171587425E-1,2.461921911E-1,-1.918479642E0,2.002155812E0
2.196874750E0,-3.198126196E-1,7.260677710E-2,-1.468204275E0,1.504385473E0
2.206861750E0,-2.485735428E-2,2.446124196E-2,-1.117125168E0,1.117669398E0
2.216849750E0,1.947910359E-1,-1.319190323E-2,-9.984834087E-1,1.017392103E0
2.226836750E0,2.511886369E-1,-3.498242944E-3,-1.206654811E0,1.232527404E0
2.236823750E0,3.176789706E-1,7.276728317E-2,-1.443508560E0,1.479841873E0
2.246811750E0,3.279724821E-1,1.840193318E-1,-1.542176816E0,1.587368387E0
2.256798750E0,3.433079015E-1,3.076828265E-1,-1.484181792E0,1.554131471E0
2.266785750E0,2.795040710E-1,4.183649178E-1,-1.393846988E0,1.481877578E0
2.276773750E0,1.258968388E-1,4.271658544E-1,-1.044046082E0,1.135056344E0
2.286760750E0,-1.510434475E-2,3.642476213E-1,-4.571733266E-1,5.847323502E-1
2.296747750E0,-6.163367294E-3,3.738236064E-1,5.010303676E-2,3.772166355E-1
2.306735750E0,-5.478439070E-3,2.974348502E-1,3.919435430E-1,4.920541071E-1
2.316722750E0,2.945158470E-2,2.724641696E-1,5.207647204E-1,5.884726107E-1
2.326709750E0,7.573670028E-2,3.462791276E-1,4.494614339E-1,5.724166861E-1
2.336696750E0,-1.192225344E-2,4.465189688E-1,1.503324991E-1,4.712973477E-1
2.346684750E0,-2.032544603E-1,5.163519730E-1,-2.524435955E-1,6.096388312E-1
2.356671750E0,-3.710192087E-1,5.878606430E-1,-6.578094220E-1,9.570520490E-1
2.366658750E0,-4.559247999E-1,6.510783997E-1,-9.776240516E-1,1.259967973E0
2.376646750E0,-4.723944695E-1,6.714984848E-1,-1.189344714E0,1.445201577E0
2.386633750E0,-4.264248660E-1,6.692334927E-1,-1.384765677E0,1.596022436E0
2.396620750E0,-3.279917048E-1,6.600089984E-1,-1.561412986E0,1.726615461E0
2.406608750E0,-2.734640800E-1,6.195525518E-1,-1.804320942E0,1.927226512E0
2.416595750E0,-2.672763554E-1,5.334816105E-1,-2.029610068E0,2.115503795E0
2.426582750E0,-2.725479492E-1,4.940754700E-1,-2.204618402E0,2.275683470E0
2.436569750E0,-3.011701612E-1,4.660830946E-1,-2.432408382E0,2.494904298E0
2.446557750E0,-4.508642540E-1,4.269549161E-1,-2.671617390E0,2.742828568E0
2.456544750E0,-6.280056522E-1,3.835762504E-1,-2.885626068E0,2.977979120E0
2.466531750E0,-7.617565441E-1,3.918629976E-1,-3.054308884E0,3.172165254E0
2.476519750E0,-8.934004650E-1,4.617318159E-1,-3.245770113E0,3.397997099E0
2.486506750E0,-1.035713800E0,5.167864942E-1,-3.365655575E0,3.559130344E0
2.496493750E0,-1.139559400E0,6.198693978E-1,-3.478900355E0,3.712893936E0
2.506480750E0,-1.166417416E0,6.754246708E-1,-3.528342656E0,3.777026605E0
2.516468750E0,-1.023043469E0,7.315497550E-1,-3.477947259E0,3.698364519E0
2.526455750E0,-6.928316125E-1,8.198441731E-1,-3.330643618E0,3.499335225E0
2.536442750E0,-2.661101648E-1,8.789225397E-1,-3.061146033E0,3.195924668E0
2.546430750E0,1.467614766E-1,7.349456716E-1,-2.738989009E0,2.839673372E0
2.556417750E0,3.781101636E-1,4.609982096E-1,-2.464723020E0,2.535812731E0
2.566404750E0,5.094685576E-1,1.594161487E-1,-2.264219656E0,2.326297997E0
2.576392750E0,5.506915741E-1,-9.181312636E-2,-2.179950753E0,2.250305790E0
2.586379750E0,4.327098919E-1,-3.240871900E-1,-2.117281466E0,2.185211926E0
2.596366750E0,3.444207363E-1,-5.936201504E-1,-2.085655630E0,2.195670725E0
2.606353750E0,4.596559813E-1,-7.866541345E-1,-1.797234117E0,2.014983578E0
2.616341750E0,7.463413833E-1,-8.956621680E-1,-1.329937506E0,1.768606782E0
2.626328750E0,9.952278252E-1,-1.003599284E0,-1.031852299E0,1.749974032E0
2.636315750E0,9.839606792E-1,-1.129684549E0,-8.840615845E-1,1.739520245E0
2.646303750E0,5.466513309E-1,-1.296355923E0,-7.247255427E-1,1.582590746E0
2.656290750E0,-7.757585060E-2,-1.519794698E0,1.287697220E-1,1.527211700E0
2.666277750E0,-4.614788508E-1,-1.588366457E0,1.021248373E0,1.943918458E0
2.676263958E0,-3.173113269E-1,-1.565158274E0,1.568244873E0,2.238258001E0
2.686251958E0,-1.222470067E-3,-1.701505110E0,1.680461127E0,2.391457868E0
2.696238958E0,3.974562613E-1,-1.886668888E0,1.290427870E0,2.320063590E0
2.706225958E0,1.080321697E0,-1.830327018E0,5.054274738E-1,2.184639305E0
2.716213958E0,1.591657124E0,-1.674196713E0,-5.357639980E-1,2.371360389E0
2.726200958E0,1.937112379E0,-1.128721951E0,-1.267082276E0,2.575250494E0
2.736187958E0,2.145509776E0,-4.003509620E-1,-1.652604992E0,2.737626043E0
2.746174958E0,1.949238920E0,1.684085816E-2,-1.722351165E0,2.601213085E0
2.756162958E0,1.592648958E0,8.442531556E-2,-1.382112211E0,2.110424721E0
2.766149958E0,1.086269558E0,-2.518717378E-2,-8.771092451E-1,1.396401294E0
2.776136958E0,6.293017606E-1,-2.612041864E-1,-3.716817713E-1,7.761415284E-1
2.786124958E0,3.246163265E-1,-4.165676299E-1,-1.067543703E-1,5.387957361E-1
2.796111958E0,1.965251373E-1,-4.797462103E-1,-1.070981866E-1,5.293850937E-1
2.806098958E0,1.258724997E-1,-5.944577640E-1,-2.013862932E-1,6.401408896E-1
2.816085958E0,2.042870969E-1,-7.068511891E-1,-3.589020967E-3,7.357884904E-1
2.826073958E0,3.061223508E-1,-6.760164821E-1,1.703709072E-1,7.614035880E-1
2.836060958E0,3.368886454E-1,-7.633411396E-1,5.241695541E-1,9.853615459E-1
2.846047958E0,4.094627512E-1,-8.499474666E-1,8.998163223E-1,1.303740716E0
2.856035958E0,4.328217930E-1,-6.872510299E-1,7.903505981E-1,1.133270820E0
2.866022958E0,3.497573438E-1,-4.256772995E-1,3.968347389E-1,6.789765628E-1
2.876009958E0,1.506138964E-1,-2.205122432E-1,-1.500161648E-2,2.674607330E-1
2.885997958E0,5.490732841E-2,-1.394683725E-1,-4.236752129E-1,4.494073070E-1
2.895984958E0,1.873076597E-1,2.239395887E-2,-7.824872625E-1,8.049049414E-1
2.905971958E0,3.907480066E-1,2.371151197E-1,-1.001103546E0,1.100507108E0
2.915958958E0,6.820990482E-1,3.362280563E-1,-1.040581023E0,1.288843389E0
2.925946958E0,9.289526325E-1,3.976173887E-1,-5.862968051E-1,1.168245062E0
2.935933958E0,8.547733198E-1,2.918927130E-1,2.914930558E-1,9.491085216E-1
2.945920958E0,4.424233597E-1,3.610626429E-2,1.647127905E0,1.705893439E0
2.955908958E0,-1.438549536E-1,-7.086620718E-2,2.724055220E0,2.728771355E0
2.965895958E0,-7.853035008E-1,4.157896578E-2,3.016380919E0,3.117207765E0
2.975882958E0,-1.205131757E0,4.243605065E-1,2.713251904E0,2.999026557E0
2.985869958E0,-1.326566586E0,1.000204244E0,2.103511857E0,2.680475624E0
2.995857958E0,-1.296517160E0,1.463201105E0,1.221515509E0,2.305214602E0
3.005844958E0,-9.415521397E-1,1.890482881E0,3.615374368E-1,2.142698129E0
3.015831958E0,-5.392148785E-1,2.050362714E0,-1.486537635E-1,2.125285365E0
3.025819958E0,-3.011802842E-1,1.717342148E0,-5.392226261E-1,1.825030042E0
3.035806958E0,-8.229225129E-4,1.258281924E0,-3.619601905E-1,1.309308695E0
3.045793958E0,4.828623377E-1,8.389745817E-1,9.065464675E-1,1.326220526E0
3.055780958E0,8.832984497E-1,6.104004899E-1,2.534600170E0,2.752635634E0
3.065768958E0,1.141792159E0,8.980329216E-1,3.881325032E0,4.144253427E0
3.075755958E0,1.239712045E0,1.675463804E0,4.656717868E0,5.101870854E0
3.085742958E0,1.348539107E0,2.619157341E0,5.102095606E0,5.891512749E0
3.095729958E0,1.425607456E0,3.461604584E0,5.141132787E0,6.359741288E0
3.105717958E0,1.698417634E0,4.177214609E0,5.074024293E0,6.788185831E0
3.115704958E0,1.813603397E0,4.575913148E0,5.020917542E0,7.031198432E0
3.125691958E0,1.764842442E0,4.481661294E0,5.938651487E0,7.646406888E0
3.135679958E0,1.627240501E0,4.044083449E0,7.012068719E0,8.256611309E0
3.145666958E0,1.374224317E0,3.205920169E0,8.656127420E0,9.332467976E0
3.155653958E0,9.317087907E-1,2.268590157E0,1.041350516E1,1.069839578E1
3.165640958E0,7.609822997E-1,1.767003427E0,1.116519280E1,1.132973634E1
3.175628958E0,7.697773160E-1,1.776344939E0,1.116029517E1,1.132696547E1
3.185615958E0,8.764419316E-1,1.907035764E0,9.662345526E0,9.887661853E0
3.195602958E0,7.660918891E-1,2.139536845E0,8.092375724E0,8.405418464E0
3.205590958E0,3.459681288E-1,2.532935468E0,6.640071782E0,7.115195662E0
3.215577958E0,-1.132300886E-1,2.675316923E0,5.430603876E0,6.054882340E0
3.225564958E0,-5.180387485E-1,2.539602171E0,4.207897874E0,4.942099538E0
3.235551958E0,-9.341151392E-1,2.110221537E0,3.197114262E0,3.942986892E0
3.245539958E0,-1.173383057E0,1.314368125E0,2.828754294E0,3.332602920E0
3.255526958E0,-1.247372920E0,5.508483526E-1,2.700761082E0,3.025472448E0
3.265513958E0,-1.012381217E0,1.598810023E-1,2.319685759E0,2.536024385E0
3.275500958E0,-5.153738800E-1,7.578985512E-2,1.765329369E0,1.840582006E0
3.285488958E0,-9.005187191E-2,2.881946415E-2,1.116135820E0,1.120133505E0
3.295475958E0,1.330636248E-1,8.496706009E-2,4.215637833E-1,4.501570314E-1
3.305462958E0,2.747756470E-1,2.127117652E-1,-5.646656156E-3,3.475339350E-1
3.315450958E0,4.473774131E-1,2.310117960E-1,-1.279019952E-2,5.036631701E-1
3.325437958E0,4.394292929E-1,7.525074184E-2,1.283516461E-1,4.639341792E-1
3.335424958E0,3.744138828E-1,-1.887712178E-1,5.115185183E-1,6.614163007E-1
3.345411958E0,3.133764797E-1,-5.089445740E-1,7.983454961E-1,9.972887889E-1
3.355399958E0,3.366093678E-1,-6.953190181E-1,8.540601057E-1,1.151604562E0
3.365386958E0,4.115893105E-1,-6.415819368E-1,6.880839658E-1,1.026884943E0
3.375373958E0,6.228537436E-1,-4.144433364E-1,3.814255714E-1,8.397592105E-1
3.385360958E0,9.369512580E-1,-9.145542294E-2,2.302434719E-1,9.691510773E-1
3.395348958E0,9.929539161E-1,1.453687978E-1,2.290208191E-1,1.029339644E0
3.405335958E0,9.312426214E-1,1.928025806E-1,5.232053483E-1,1.085416736E0
3.415322958E0,8.956488656E-1,1.000397202E-1,1.189093283E0,1.492024689E0
3.425310958E0,7.057676270E-1,1.930896789E-2,1.692965398E0,1.834288041E0
3.435297958E0,2.977037490E-1,-7.700286001E-2,1.565910079E0,1.595816825E0
3.445284958E0,-1.199407918E-1,-1.712874582E-1,1.190564443E0,1.208788186E0
3.455271958E0,-4.132298930E-1,-5.814032704E-2,5.623477793E-1,7.002672825E-1
3.465259958E0,-5.602700443E-1,2.089028889E-1,-2.667686892E-1,6.547583318E-1
3.475246958E0,-7.378491797E-1,5.150043359E-1,-8.854456204E-1,1.262404382E0
3.485233958E0,-5.872891142E-1,5.583737192E-1,-7.115652144E-1,1.078431624E0
3.495220958E0,-1.643508698E-1,3.938231304E-1,2.530739254E-1,4.961393737E-1
3.505208958E0,7.105298918E-2,1.400516322E-1,1.317769450E0,1.327094311E0
3.515195958E0,8.441692846E-2,-3.275294459E-1,2.248621624E0,2.273917536E0
3.525182958E0,-1.508954398E-2,-8.483831902E-1,2.987114435E0,3.105291352E0
3.535170958E0,2.039083983E-3,-1.107029658E0,3.159889133E0,3.348196254E0
3.545157958E0,2.556482900E-1,-1.035596417E0,2.692038791E0,2.895667253E0
3.555144958E0,6.659458957E-1,-7.424212638E-1,1.594148038E0,1.880420494E0
3.565131958E0,7.516848613E-1,-6.379455534E-1,2.456637490E-1,1.016048885E0
3.575119958E0,6.418177988E-1,-5.373795837E-1,-9.715441167E-1,1.282421489E0
3.585106958E0,7.624931471E-1,-2.367705725E-1,-1.795124441E0,1.964669912E0
3.595093958E0,1.019580674E0,-6.413650051E-2,-1.966164855E0,2.215730687E0
3.605080958E0,1.128664210E0,-1.402654941E-1,-1.892026253E0,2.207559886E0
3.615068958E0,1.134237776E0,-3.862580028E-1,-1.786765262E0,2.151329979E0
3.625055958E0,1.198961629E0,-5.363022342E-1,-1.510494847E0,2.001680234E0
3.635042958E0,1.174210219E0,-6.392579609E-1,-1.329532878E0,1.885491462E0
3.645029958E0,1.024068412E0,-6.490330437E-1,-1.586732014E0,1.996917247E0
3.655017958E0,7.811703233E-1,-5.198836912E-1,-1.609939613E0,1.863440819E0
3.665004958E0,5.871476481E-1,-4.640736258E-1,-1.147282768E0,1.369804526E0
3.674993125E0,5.032299440E-1,-5.102315462E-1,-3.851520020E-1,8.135838444E-1
3.684981125E0,3.967357382E-1,-7.568656406E-1,6.298293257E-1,1.061569509E0
3.694968125E0,2.106536184E-1,-9.570478459E-1,1.331821479E0,1.653500522E0
3.704955125E0,1.717795014E-2,-1.095192847E0,1.583494996E0,1.925408750E0
3.714942125E0,-1.067137687E-1,-1.111212903E0,1.304012706E0,1.716575393E0
3.724930125E0,-9.086013984E-2,-9.972499385E-1,4.171672618E-1,1.084800226E0
3.734917125E0,-1.422411952E-2,-7.634705092E-1,-7.303932488E-1,1.056675845E0
3.744904125E0,-1.464261571E-2,-5.022144288E-1,-1.900217618E0,1.965517930E0
3.754891125E0,-1.069781908E-1,-2.958034770E-1,-3.238780351E0,3.254019391E0
3.764879125E0,-1.674418907E-1,-5.721237391E-2,-4.461369994E0,4.464877632E0
3.774866125E0,-3.450875381E-1,1.091542138E-1,-5.455786664E0,5.467779090E0
3.784853125E0,-3.843796944E-1,-3.300753236E-3,-5.562269139E0,5.575535546E0
3.794840125E0,-1.306802266E-1,-1.529660851E-1,-4.915554809E0,4.919670215E0
3.804828125E0,1.297358282E-1,-2.294595064E-1,-4.274163199E0,4.282283748E0
3.814815125E0,3.011433371E-1,-3.341565339E-1,-3.790138873E0,3.816739522E0
3.824802125E0,2.251526666E-1,-5.771296866E-1,-3.298382190E0,3.356053854E0
3.834789125E0,6.616212219E-2,-6.875936767E-1,-2.956731133E0,3.036350027E0
3.844777125E0,-1.505726735E-1,-6.341436937E-1,-2.856643758E0,2.930055275E0
3.854764125E0,-4.698093058E-1,-5.280616070E-1,-2.934490079E0,3.018410487E0
3.864751125E0,-7.085476857E-1,-3.662698808E-1,-3.060884662E0,3.163101068E0
3.874738125E0,-7.650604402E-1,-1.880237974E-1,-3.118282101E0,3.216263933E0
3.884726125E0,-8.423665515E-1,2.175836653E-2,-3.159980934E0,3.270402779E0
3.894713125E0,-8.335352093E-1,1.608324905E-1,-3.161049221E0,3.273053652E0
3.904700125E0,-6.735659871E-1,1.789258222E-1,-3.151840441E0,3.227972080E0
3.914688125E0,-3.432958051E-1,3.100383773E-1,-3.016985521E0,3.052241380E0
3.924675125E0,-2.449873723E-2,6.099230647E-1,-2.927543002E0,2.990504032E0
3.934662125E0,5.318663903E-2,9.477605671E-1,-2.798311350E0,2.954932372E0
3.944649125E0,-2.967289451E-1,1.256371785E0,-2.568363748E0,2.874545263E0
3.954637125E0,-8.699338344E-1,1.431752294E0,-2.203167123E0,2.767787001E0
3.964624125E0,-1.361268641E0,1.424813696E0,-1.733750896E0,2.624697802E0
3.974611125E0,-1.593625005E0,1.363140774E0,-1.383815505E0,2.512516423E0
3.984598125E0,-1.642473083E0,1.326791411E0,-1.268045313E0,2.462931625E0
3.994586125E0,-1.569548802E0,1.335597903E0,-1.307303519E0,2.440562986E0
4.004573125E0,-1.436405655E0,1.428456658E0,-1.508862889E0,2.525948702E0
4.014560125E0,-1.252248183E0,1.418043936E0,-1.708048875E0,2.548804637E0
4.024547125E0,-1.054550021E0,1.164325940E0,-1.793559142E0,2.384236782E0
4.034535125E0,-7.851519118E-1,8.061287979E-1,-1.574530630E0,1.935317511E0
4.044522125E0,-5.917782044E-1,4.188530141E-1,-1.114092218E0,1.329225624E0
4.054509125E0,-4.855445286E-1,2.347781338E-2,-4.831665391E-1,6.853864614E-1
4.064496125E0,-3.727701574E-1,-2.298274425E-1,-5.502814651E-3,4.379595010E-1
4.074484125E0,-4.501049200E-1,-3.347253218E-1,1.303695202E-1,5.758747189E-1
4.084471125E0,-5.878637858E-1,-3.617073715E-1,-4.013119519E-2,6.913946530E-1
4.094458125E0,-7.911468427E-1,-2.317003056E-1,-4.444299048E-1,9.365448727E-1
4.104445125E0,-1.098870015E0,5.067182466E-2,-1.018761553E0,1.499319194E0
4.114433125E0,-1.305410775E0,2.871064746E-1,-1.523489699E0,2.026708732E0
4.124420125E0,-1.207430736E0,5.547217675E-1,-1.921265255E0,2.335993451E0
4.134407125E0,-9.511662778E-1,7.653533857E-1,-2.250075826E0,2.559946155E0
4.144394125E0,-6.281116330E-1,7.142088137E-1,-2.312032923E0,2.500022938E0
4.154382125E0,-3.200065279E-1,6.740328873E-1,-2.119664791E0,2.247154498E0
4.164369125E0,-1.896871841E-1,6.298424819E-1,-1.868754335E0,1.981142485E0
4.174356125E0,-2.568428213E-1,4.739470149E-1,-1.476680984E0,1.571998962E0
4.184343125E0,-3.087634651E-1,3.235130665E-1,-1.123448347E0,1.209186409E0
4.194331125E0,-3.435027234E-1,2.333663236E-1,-8.051113093E-1,9.059018613E-1
4.204318125E0,-3.049837518E-1,1.903773017E-1,-4.992224085E-1,6.152085980E-1
4.214305125E0,-2.492386087E-1,1.248493101E-1,-1.441935074E-1,3.138455064E-1
4.224292125E0,-9.816631802E-2,-2.853645891E-2,3.610410082E-1,3.752353463E-1
4.234280125E0,2.091622860E-1,-7.356813245E-2,7.110413039E-1,7.448092828E-1
4.244267125E0,4.040542595E-1,-1.664912065E-1,8.908490324E-1,9.922656726E-1
4.254254125E0,4.642542682E-1,-2.301615378E-1,8.936130112E-1,1.032981400E0
4.264241125E0,3.287522083E-1,-2.195307150E-1,6.988510287E-1,8.029100258E-1
4.274229125E0,5.655944092E-2,-1.838541479E-1,4.053471154E-1,4.486731572E-1
4.284216125E0,-1.233390839E-1,-9.522015274E-2,-1.004311913E-1,1.853802344E-1
4.294203125E0,-2.107163663E-1,-2.847930238E-2,-6.501554167E-1,6.840427791E-1
4.304190125E0,-2.328918586E-1,-1.183367544E-1,-1.193609088E0,1.221861228E0
4.314178125E0,-1.200140282E-1,-1.638836407E-1,-1.755749876E0,1.767461129E0
4.324165125E0,-8.575087935E-3,-2.730619012E-1,-2.359094823E0,2.374860989E0
4.334152125E0,5.774936758E-2,-4.531087808E-1,-2.883049784E0,2.919009869E0
4.344139125E0,1.069662588E-1,-5.484300904E-1,-3.210656998E0,3.258916339E0
4.354127125E0,2.379904479E-2,-6.632423624E-1,-3.295819355E0,3.361975914E0
4.364114125E0,-8.018696129E-2,-7.768835834E-1,-3.249550923E0,3.342089055E0
4.374101125E0,-1.970504366E-1,-9.092110437E-1,-3.142793044E0,3.277596942E0
4.384088125E0,-2.248060729E-1,-8.940360573E-1,-3.091815848E0,3.226323524E0
4.394076125E0,-1.868004868E-1,-8.114710334E-1,-3.086059849E0,3.196426920E0
4.404063125E0,-1.192763288E-1,-7.544182885E-1,-3.034631249E0,3.129274774E0
4.414050125E0,5.885661095E-3,-6.060843676E-1,-2.924385506E0,2.986537040E0
4.424037125E0,1.581985391E-1,-5.209728813E-1,-2.564331508E0,2.621494917E0
4.434025125E0,3.095883610E-1,-5.491416965E-1,-1.923118238E0,2.023804663E0
4.444012125E0,3.306401646E-1,-6.214973357E-1,-1.399407690E0,1.566500476E0
4.453999125E0,1.652077427E-1,-7.165580057E-1,-1.124089787E0,1.343252330E0
4.463986125E0,-3.822229855E-2,-7.838502485E-1,-1.018969129E0,1.286149385E0
4.473974125E0,-1.024748663E-1,-6.937208278E-1,-1.167603596E0,1.362001411E0
4.483961125E0,-5.100350797E-2,-5.180445957E-1,-1.538566160E0,1.624240558E0
4.493948125E0,-2.933876999E-2,-4.027165993E-1,-1.938087110E0,1.979702773E0
4.503935125E0,1.570108234E-1,-2.387128714E-1,-2.139073454E0,2.158071239E0
4.513922125E0,4.560042489E-1,-1.605443689E-1,-2.101113330E0,2.156012893E0
4.523910125E0,6.084367756E-1,-3.106400558E-1,-1.903479779E0,2.022356997E0
4.533897125E0,6.665688434E-1,-4.281666054E-1,-1.396396374E0,1.605479212E0
4.543884125E0,6.120026270E-1,-5.130830871E-1,-7.673570073E-1,1.107537018E0
4.553871125E0,5.648090185E-1,-5.523469940E-1,-3.548412055E-1,8.660304326E-1
4.563859125E0,4.911270116E-1,-4.192745984E-1,-2.741484600E-1,7.015371041E-1
4.573846125E0,2.368924870E-1,-1.970231009E-1,-4.084461397E-1,5.116291642E-1
4.583833125E0,-1.032581739E-1,9.122211903E-2,-6.544806021E-1,6.688262735E-1
4.593820125E0,-2.057296780E-1,2.695627812E-1,-8.962577069E-1,9.582623182E-1
4.603808125E0,-1.253154793E-1,2.340786606E-1,-1.187611014E0,1.216929213E0
4.613795125E0,1.093688066E-1,9.407863006E-2,-1.046308370E0,1.056207144E0
4.623782125E0,4.535205710E-1,-9.345063910E-2,-6.868145353E-1,8.283285194E-1
4.633769125E0,7.155758927E-1,-2.182951252E-1,-2.315193343E-1,7.831365284E-1
4.643757125E0,7.436550993E-1,-2.004269113E-1,2.566202617E-1,8.118175979E-1
4.653744125E0,5.528611835E-1,-5.761802450E-2,5.186591381E-1,7.602516863E-1
4.663731125E0,2.638948923E-1,1.814418791E-1,6.140628934E-1,6.925567895E-1
4.673717375E0,-1.162378598E-1,4.267775993E-1,5.393582815E-1,6.975368916E-1
4.683705375E0,-4.709466989E-1,5.878197125E-1,3.326288027E-1,8.233861354E-1
4.693692375E0,-6.715170497E-1,6.268200561E-1,4.659271932E-1,1.030012951E0
4.703679375E0,-6.288395382E-1,4.996755677E-1,8.590933889E-1,1.176076651E0
4.713666375E0,-4.190226930E-1,3.792936766E-1,9.181678087E-1,1.078181726E0
4.723653375E0,-1.831329304E-1,1.946541014E-1,8.828880483E-1,9.224528146E-1
4.733641375E0,-3.918818548E-2,-1.249193305E-1,9.030568492E-1,9.124977950E-1
4.743628375E0,1.819758761E-1,-3.384736794E-1,9.321444082E-1,1.008252374E0
4.753615375E0,5.758121262E-1,-3.255285287E-1,1.007802116E0,1.205484771E0
4.763602375E0,7.658112227E-1,-2.069999126E-1,9.365274811E-1,1.227354682E0
4.773590375E0,6.847758304E-1,3.857495874E-2,7.328391391E-1,1.003722656E0
4.783577375E0,6.518409497E-1,2.800342673E-1,7.064512396E-1,1.001193872E0
4.793564375E0,6.077544786E-1,3.432140172E-1,8.831388938E-1,1.125653443E0
4.803551375E0,5.133863017E-1,2.532294613E-1,1.184444747E0,1.315522715E0
4.813539375E0,3.797192077E-1,1.271184683E-3,1.382386445E0,1.433590101E0
4.823526375E0,2.424464647E-1,-3.185808671E-1,1.518685627E0,1.570566806E0
4.833513375E0,1.112081762E-1,-6.237654707E-1,1.430790281E0,1.564803965E0
4.843500375E0,1.516076764E-1,-7.642328399E-1,1.170821904E0,1.406364338E0
4.853487375E0,3.457559480E-1,-7.150560021E-1,9.637357450E-1,1.248855015E0
4.863475375E0,4.923772924E-1,-6.232839525E-1,7.431290692E-1,1.087731169E0
4.873462375E0,5.929283151E-1,-6.113784367E-1,7.269311124E-1,1.119721582E0
4.883449375E0,5.080003218E-1,-5.763264254E-1,8.849760890E-1,1.171921138E0
4.893436375E0,3.906248862E-1,-6.035168552E-1,1.081312727E0,1.298482811E0
4.903424375E0,2.823465487E-1,-5.475189480E-1,1.156331919E0,1.310190856E0
4.913411375E0,9.926072493E-2,-3.677571201E-1,8.881797785E-1,9.664167371E-1
4.923398375E0,-1.014217462E-1,-2.492580324E-1,4.953462893E-1,5.637232332E-1
4.933385375E0,5.604687765E-2,-5.213699073E-2,1.554540753E-1,1.732786422E-1
4.943373375E0,5.891179040E-1,3.620335731E-1,1.201193511E-1,7.018239604E-1
4.953360375E0,1.034108959E0,5.173899999E-1,1.019494209E0,1.541571339E0
4.963347375E0,8.297882404E-1,3.926817539E-1,2.122260954E0,2.312301676E0
4.973334375E0,3.993102307E-1,3.972229940E-1,2.968457724E0,3.021419539E0
4.983321375E0,1.530835045E-1,6.384665403E-1,3.458313478E0,3.520086106E0
4.993309375E0,-1.095115426E-2,1.048706313E0,3.171943168E0,3.340827490E0
5.003296375E0,-7.567907323E-4,1.665497810E0,2.476290566E0,2.984275205E0
5.013283375E0,3.655032012E-1,2.484399485E0,1.937089575E0,3.171458562E0
5.023270375E0,8.740762212E-1,3.227116033E0,2.072858414E0,3.933831356E0
5.033258375E0,1.143018905E0,3.521005278E0,3.078511679E0,4.814686339E0
5.043245375E0,1.173460460E0,3.535101161E0,4.712750566E0,6.006993222E0
5.053232375E0,1.008191322E0,3.527475807E0,6.702334689E0,7.640734624E0
5.063219375E0,4.433447347E-1,3.473092608E0,8.134685592E0,8.856186341E0
5.073206375E0,4.696136434E-3,3.534299215E0,8.544844381E0,9.246926976E0
5.083194375E0,9.160691150E-2,3.897651335E0,8.033041103E0,8.929156014E0
5.093181375E0,1.879693818E-1,4.313821647E0,6.711989611E0,7.980926903E0
5.103168375E0,2.441453550E-1,4.637986020E0,5.427753943E0,7.143600923E0
5.113155375E0,4.051050407E-1,4.777280146E0,5.049607490E0,6.963120815E0
5.123143375E0,2.373708806E-1,4.382881649E0,5.115119110E0,6.740210679E0
5.133130375E0,-1.391057172E-1,3.394142041E0,5.472942395E0,6.441478794E0
5.143117375E0,-6.154449559E-1,2.260484455E0,5.814224492E0,6.268474209E0
5.153104375E0,-8.911920447E-1,1.229316280E0,5.818353211E0,6.013208450E0
5.163091375E0,-8.135818782E-1,4.646709189E-1,5.397114533E0,5.477835322E0
5.173079375E0,-5.368540652E-1,7.681808800E-2,4.385831569E0,4.419234307E0
5.183066375E0,-3.385618262E-1,-1.397081083E-1,3.312059412E0,3.332248492E0
5.193053375E0,2.192418991E-2,-2.626861632E-3,2.336806991E0,2.336911313E0
5.203040375E0,4.113616345E-1,3.450164214E-1,1.350002811E0,1.452846281E0
5.213028375E0,6.884887393E-1,6.168944076E-1,5.646872503E-1,1.083257654E0
5.223015375E0,6.463043674E-1,5.017852432E-1,2.502310091E-1,8.556362098E-1
5.233002375E0,4.988884594E-1,9.397878885E-2,2.444785184E-1,5.634637998E-1
5.242989375E0,5.632758786E-1,-1.776056671E-1,4.284149659E-1,7.296320109E-1
5.252976375E0,5.794693769E-1,-3.962362763E-1,6.009633762E-1,9.240914051E-1
5.262964375E0,6.045186660E-1,-6.542575309E-1,6.440374750E-1,1.099217905E0
5.272951375E0,6.074490347E-1,-7.979914472E-1,5.798461568E-1,1.158449932E0
5.282938375E0,6.563557311E-1,-7.444677892E-1,7.180070919E-1,1.224977273E0
5.292925375E0,1.070510288E0,-5.623311147E-1,9.846956742E-1,1.559433913E0
5.302912375E0,1.302184428E0,-5.633336198E-1,1.667493172E0,2.189420592E0
5.312900375E0,1.303061656E0,-5.824076758E-1,2.545789987E0,2.918598129E0
5.322887375E0,1.286207203E0,-5.544188087E-1,2.976945543E0,3.289971725E0
5.332874375E0,9.161163130E-1,-6.861190090E-1,3.126611459E0,3.329523631E0
5.342861375E0,3.751702201E-1,-8.101875696E-1,3.253004873E0,3.373306582E0
5.352849375E0,-1.664628841E-1,-6.774654222E-1,2.997410797E0,3.077521857E0
5.362836375E0,-6.724048032E-1,-4.989794567E-1,2.315261756E0,2.462020657E0
5.372823375E0,-8.164959843E-1,-1.896654032E-1,1.340553126E0,1.581050708E0
5.382810375E0,-6.074206757E-1,2.334519853E-1,1.653534114E-1,6.714174985E-1
5.392797375E0,-3.377966084E-1,2.879277161E-1,-3.920300817E-1,5.921963385E-1
5.402785375E0,-1.089808073E-1,-7.802524567E-2,-1.842902040E-1,2.278763582E-1
5.412772375E0,1.065835585E-1,-5.121124493E-1,4.908854485E-1,7.173477115E-1
5.422759375E0,2.289188217E-1,-8.463739407E-1,1.335653159E0,1.597724017E0
5.432746375E0,1.189600676E-1,-1.134268766E0,1.952136800E0,2.260874879E0
5.442733375E0,-1.125517019E-1,-1.238370401E0,2.114619228E0,2.453129352E0
5.452721375E0,-4.224402444E-1,-1.027545386E0,1.908776187E0,2.208558764E0
5.462708375E0,-4.165080979E-1,-7.175761521E-1,1.395427490E0,1.623456932E0
5.472695375E0,-1.925323844E-1,-4.826752268E-1,6.249860770E-1,8.128048290E-1
5.482682375E0,1.946465183E-1,-2.415516946E-1,-7.272591412E-2,3.186275990E-1
5.492670375E0,4.599652990E-1,-1.065273522E-1,-6.204620862E-1,7.796725938E-1
5.502657375E0,4.834279462E-1,-1.160488120E-1,-1.041093239E0,1.153709252E0
5.512644375E0,3.603100697E-1,-2.171129644E-1,-1.182260227E0,1.254870762E0
5.522631375E0,9.407888588E-2,-3.785692066E-1,-1.226125454E0,1.286681433E0
5.532618375E0,-1.994657935E-1,-4.927293679E-1,-1.299749501E0,1.404249834E0
5.542606375E0,-3.947938048E-1,-5.069850259E-1,-1.406618477E0,1.546438328E0
5.552593375E0,-6.693175464E-1,-4.350239275E-1,-1.702916774E0,1.880733191E0
5.562580375E0,-8.865561529E-1,-1.715543836E-1,-1.818330286E0,2.030206331E0
5.572567375E0,-6.427321572E-1,-2.890965745E-2,-1.551361037E0,1.679482499E0
5.582554375E0,-4.044403950E-1,-1.314421919E-1,-1.162734035E0,1.238062809E0
5.592542375E0,-2.909160818E-1,-3.936045907E-1,-5.781966573E-1,7.575408339E-1
5.602529375E0,-2.762150488E-1,-6.166824460E-1,-1.176699525E-1,6.858849831E-1
5.612516375E0,-3.604129442E-1,-7.612373114E-1,-1.091675162E-3,8.422475446E-1
5.622503375E0,-4.902130552E-1,-8.273675662E-1,-1.401349550E-1,9.718455303E-1
5.632490375E0,-5.508990772E-1,-7.133686419E-1,-4.896125096E-1,1.025721708E0
5.642478375E0,-5.211546566E-1,-5.542831533E-1,-1.112073174E0,1.347419287E0
5.652465375E0,-6.565185030E-1,-4.826126616E-1,-1.892560104E0,2.060513352E0
5.662452375E0,-9.960334253E-1,-4.080572268E-1,-2.456770222E0,2.682221692E0
5.672440000E0,-9.970110798E-1,-1.870179302E-1,-2.776081991E0,2.955611277E0
5.682427000E0,-6.258507340E-1,-1.976936303E-2,-3.184635719E0,3.245610055E0
5.692415000E0,-2.023664692E-1,-2.503098004E-2,-3.255235001E0,3.261615190E0
5.702402000E0,2.319506761E-1,-1.433844721E-1,-3.035505992E0,3.047729786E0
5.712389000E0,4.817727090E-1,-3.604801141E-1,-2.692768523E0,2.759176177E0
5.722376000E0,5.589082278E-1,-5.029639687E-1,-2.399645264E0,2.514686571E0
5.732363000E0,4.757388210E-1,-5.324993514E-1,-2.383878831E0,2.488525923E0
5.742351000E0,2.024801610E-1,-4.506397209E-1,-2.584911368E0,2.631699290E0
5.752338000E0,-3.257846002E-1,-2.215844764E-1,-2.828032748E0,2.855346653E0
5.762325000E0,-7.788668127E-1,1.062517291E-1,-3.006798502E0,3.107854594E0
5.772312000E0,-9.865569160E-1,2.988330656E-1,-3.013897607E0,3.185306035E0
5.782299000E0,-9.959783153E-1,3.567526603E-1,-2.828285932E0,3.019676568E0
5.792287000E0,-8.549663510E-1,2.871599036E-1,-2.574229090E0,2.727651678E0
5.802274000E0,-6.902296016E-1,8.533821210E-2,-2.202864822E0,2.310046090E0
5.812261000E0,-6.313535486E-1,-1.232151595E-1,-1.875483311E0,1.982732188E0
5.822248000E0,-6.877626613E-1,-2.945756348E-1,-1.680526031E0,1.839554301E0
5.832235000E0,-7.590508913E-1,-3.916705511E-1,-1.535463043E0,1.757046053E0
5.842223000E0,-8.150087450E-1,-3.725118566E-1,-1.612695991E0,1.844937044E0
5.852210000E0,-8.082055096E-1,-2.744331463E-1,-1.862621191E0,2.048869785E0
5.862197000E0,-7.852516799E-1,-1.141328256E-1,-2.149087395E0,2.290900071E0
5.872184000E0,-5.613005430E-1,6.596799463E-2,-2.400717643E0,2.466344517E0
5.882171000E0,-2.443593813E-1,1.879306805E-1,-2.558425820E0,2.576930756E0
5.892159000E0,5.861058936E-2,2.523518673E-1,-2.637719911E0,2.650411854E0
5.902146000E0,2.700162327E-1,3.030298316E-1,-2.585089708E0,2.616758423E0
5.912133000E0,2.886346079E-1,3.029500902E-1,-2.445825403E0,2.481360634E0
5.922120000E0,1.219772856E-1,3.054807651E-1,-2.217949469E0,2.242208020E0
5.932107000E0,-9.877606384E-2,3.435115673E-1,-1.856543010E0,1.890637156E0
5.942095000E0,-2.449227971E-1,3.721423126E-1,-1.542900701E0,1.605932642E0
5.952082000E0,-3.334761738E-1,4.136603943E-1,-1.318448896E0,1.421488225E0
5.962069000E0,-3.574315220E-1,4.840054683E-1,-1.257211592E0,1.393771707E0
5.972056000E0,-3.600875466E-1,5.742450359E-1,-1.318310902E0,1.482350848E0
5.982043000E0,-3.044434142E-1,6.846389325E-1,-1.473487235E0,1.653051993E0
5.992031000E0,-6.025034962E-2,6.908524031E-1,-1.376538060E0,1.541351413E0
6.002018000E0,2.266737467E-1,6.986589476E-1,-1.037345173E0,1.271058740E0
6.012005000E0,4.317506197E-1,6.386836182E-1,-6.197995967E-1,9.891799137E-1
6.021992000E0,4.825164749E-1,5.284378754E-1,-2.016780692E-1,7.434667311E-1
6.031979000E0,4.476061124E-1,4.879945850E-1,1.637360716E-1,6.821286154E-1
6.041967000E0,2.945050114E-1,4.807446954E-1,4.137986809E-1,6.993411272E-1
6.051954000E0,1.457186805E-1,5.188300961E-1,4.209100646E-1,6.838010565E-1
6.061941000E0,1.179320905E-1,5.718101822E-1,3.537922150E-1,6.826740026E-1
6.071928000E0,1.215734806E-1,6.235190836E-1,1.671666330E-1,6.568872369E-1
6.081915000E0,2.165544091E-1,6.342164185E-1,-2.832508206E-2,6.707671637E-1
6.091903000E0,2.492809645E-1,6.253513087E-1,-1.598090816E-1,6.919134346E-1
6.101890000E0,2.324725766E-1,6.130238432E-1,-2.985529840E-1,7.203996220E-1
6.111877000E0,1.569375139E-1,5.919561059E-1,-3.820804596E-1,7.218219255E-1
6.121864000E0,1.183591565E-1,6.222783776E-1,-4.775520426E-1,7.932813010E-1
6.131851000E0,7.147254517E-2,6.428520982E-1,-6.077806449E-1,8.875609597E-1
6.141838000E0,3.130963798E-2,6.155491825E-1,-7.251114589E-1,9.516657593E-1
6.151826000E0,3.673528765E-2,6.102190069E-1,-9.015617162E-1,1.089279691E0
6.161813000E0,6.724897340E-2,6.042254647E-1,-1.129676802E0,1.282879773E0
6.171800000E0,4.378102720E-2,5.959371827E-1,-1.388499125E0,1.511617585E0
6.181787000E0,7.060978850E-3,5.903834242E-1,-1.695703649E0,1.795553761E0
6.191774000E0,1.142264541E-2,5.847172529E-1,-2.039528700E0,2.121721485E0
6.201762000E0,9.999856132E-2,5.701684302E-1,-2.332461340E0,2.403220268E0
6.211749000E0,2.112753236E-1,5.323859154E-1,-2.558673157E0,2.621999304E0
6.221736000E0,2.945002788E-1,4.882047193E-1,-2.710547567E0,2.769863241E0
6.231723000E0,3.988878424E-1,4.228294131E-1,-2.750174732E0,2.810935304E0
6.241710000E0,4.795338833E-1,3.597771691E-1,-2.677112603E0,2.743414706E0
6.251697000E0,5.399247671E-1,2.468643651E-1,-2.479128805E0,2.549223490E0
6.261685000E0,5.780126162E-1,1.424529010E-1,-2.246371030E0,2.323913557E0
6.271672000E0,5.017585652E-1,6.006409753E-2,-2.129422039E0,2.188562902E0
6.281659000E0,3.579044887E-1,5.374979898E-3,-2.162645334E0,2.192067370E0
6.291646000E0,1.798728702E-1,-4.840873294E-2,-2.314024485E0,2.321509632E0
6.301633000E0,5.970495515E-2,-8.891561173E-2,-2.530386082E0,2.532651652E0
6.311621000E0,7.027747936E-3,-1.028278919E-1,-2.802453518E0,2.804348175E0
6.321608000E0,7.660887188E-2,-1.514026127E-1,-2.947409502E0,2.952289695E0
6.331595000E0,1.785237531E-1,-2.363772742E-1,-3.061410912E0,3.075708328E0
6.341582000E0,2.535559918E-1,-2.882261433E-1,-3.072313045E0,3.096202900E0
6.351569000E0,3.460195843E-1,-3.224599830E-1,-2.987538943E0,3.024747747E0
6.361556000E0,3.961560598E-1,-3.225729074E-1,-2.931352463E0,2.975536955E0
6.371544000E0,4.034981162E-1,-2.662515760E-1,-2.883257945E0,2.923504235E0
6.381531000E0,5.545292114E-1,-1.772475252E-1,-2.792400985E0,2.852441514E0
6.391518000E0,6.775472832E-1,-4.366744503E-2,-2.772540917E0,2.854463225E0
6.401505000E0,6.462334699E-1,5.512572192E-2,-2.816752884E0,2.890459021E0
6.411492000E0,6.155768106E-1,6.633629613E-2,-2.915323491E0,2.980343331E0
6.421479000E0,6.608534094E-1,-1.610060066E-2,-2.808448668E0,2.885198499E0
6.431467000E0,7.024604418E-1,-9.720491700E-2,-2.356902117E0,2.461277526E0
6.441454000E0,5.424821930E-1,-2.066698372E-1,-1.805996169E0,1.897003299E0
6.451441000E0,2.990127761E-1,-1.691215765E-1,-1.384783219E0,1.426756921E0
6.461428000E0,4.285959737E-2,-1.332812143E-1,-7.952131426E-1,8.074433537E-1
6.471415000E0,-3.492493304E-1,-8.549886435E-2,-5.151765364E-1,6.282451865E-1
6.481403000E0,-7.547892212E-1,9.939974248E-3,-6.195206845E-1,9.765303119E-1
6.491390000E0,-9.162880750E-1,1.043843476E-1,-8.923283780E-1,1.283249727E0
6.501377000E0,-7.839153718E-1,1.953600065E-1,-1.382238511E0,1.601022218E0
6.511364000E0,-3.842928998E-1,2.063192967E-1,-1.647682806E0,1.704437536E0
6.521351000E0,7.138039671E-2,1.658893088E-1,-1.789958426E0,1.799045745E0
6.531338000E0,4.589962692E-1,2.187419987E-1,-2.082375927E0,2.143551991E0
6.541325000E0,6.777713777E-1,5.146809849E-1,-2.399621290E0,2.546066160E0
6.551313000E0,5.956326524E-1,8.520167962E-1,-2.934267885E0,3.112979104E0
6.561300000E0,3.937079768E-1,1.148925543E0,-3.448681945E0,3.656288149E0
6.571287000E0,1.210386888E-1,1.405097031E0,-3.449919800E0,3.727049055E0
6.581274000E0,-2.809734215E-1,1.516773149E0,-2.790497716E0,3.188483080E0
6.591261000E0,-9.430411331E-1,1.580837436E0,-1.533715895E0,2.395967033E0
6.601248000E0,-1.216156902E0,1.474601129E0,-3.065812111E-2,1.911655309E0
6.611236000E0,-1.041423606E0,1.201072620E0,1.076717400E0,1.920015345E0
6.621223000E0,-6.368465692E-1,8.106344430E-1,1.740147166E0,2.022576058E0
6.631210000E0,-3.757214298E-2,4.624675418E-1,2.282316204E0,2.329003037E0
6.641197000E0,5.782652524E-1,3.281625532E-1,2.494847875E0,2.581927048E0
6.651184000E0,8.458215250E-1,7.576763570E-2,2.601344967E0,2.736448506E0
6.661171000E0,8.056727151E-1,-1.426428989E-1,2.708395792E0,2.829286710E0
6.671158833E0,5.422893445E-1,-2.487598497E-1,2.954361257E0,3.014002262E0
6.681145833E0,-7.731384966E-2,-2.099562648E-1,3.268568407E0,3.276217101E0
6.691132833E0,-7.401258662E-1,-1.492596082E-1,3.557095755E0,3.636343622E0
6.701119833E0,-1.230541125E0,-2.478491458E-1,3.876076571E0,4.074264381E0
6.711106833E0,-1.329444001E0,-4.887946303E-1,4.088060943E0,4.326497869E0
6.721093833E0,-9.674676573E-1,-6.079607391E-1,3.843777722E0,4.010017095E0
6.731081833E0,-4.609718241E-1,-6.631843288E-1,3.290681992E0,3.388347156E0
6.741068833E0,2.754808989E-2,-6.443511781E-1,2.569145520E0,2.648859385E0
6.751055833E0,2.439649867E-1,-4.696964546E-1,1.839284368E0,1.913922846E0
6.761042833E0,4.478910545E-1,-3.802013107E-1,1.536290424E0,1.644794121E0
6.771029833E0,6.506814469E-1,-3.599705292E-1,1.650182490E0,1.809990989E0
6.781016833E0,7.768886997E-1,-4.888931559E-1,2.249873512E0,2.429918392E0
6.791004833E0,9.054122539E-1,-8.734880644E-1,3.160504845E0,3.401697168E0
6.800991833E0,9.322987747E-1,-1.054681437E0,3.380743731E0,3.662098048E0
6.810978833E0,7.406612518E-1,-9.849988523E-1,3.005718521E0,3.248560552E0
6.820965833E0,3.386563318E-1,-8.013921878E-1,2.310935985E0,2.469279789E0
6.830952833E0,-2.937622871E-3,-4.964607686E-1,1.613147396E0,1.687817065E0
6.840939833E0,-8.265072215E-2,-1.169275023E-1,1.271799225E0,1.279834541E0
6.850926833E0,2.789955094E-1,1.210877962E-1,1.206656565E0,1.244395763E0
6.860914833E0,6.998378925E-1,2.282994188E-1,1.484656586E0,1.657135745E0
6.870901833E0,9.957051042E-1,2.173373513E-1,1.919702879E0,2.173458839E0
6.880888833E0,9.635788934E-1,3.854155652E-1,2.021781816E0,2.272582485E0
6.890875833E0,6.269461367E-1,6.430146508E-1,1.904021816E0,2.105190817E0
6.900862833E0,2.620412153E-1,7.520802793E-1,1.902389274E0,2.062371279E0
6.910849833E0,-9.549961310E-2,6.334054828E-1,1.656923161E0,1.776433799E0
6.920837833E0,-3.536239248E-1,4.822581741E-1,1.648026622E0,1.753172716E0
6.930824833E0,-7.853992855E-2,2.735555524E-1,2.280736871E0,2.298425947E0
6.940811833E0,5.408697502E-1,2.847871765E-1,2.878384291E0,2.942573695E0
6.950798833E0,1.100361932E0,3.635181811E-1,3.295177331E0,3.493012381E0
6.960785833E0,1.512397093E0,7.578678533E-1,3.643522280E0,4.017083924E0
6.970772833E0,1.796943510E0,1.396594595E0,4.181913432E0,4.761079961E0
6.980759833E0,1.564632317E0,1.782627187E0,4.701199391E0,5.265653777E0
6.990747833E0,-6.052420031E-1,-3.767598734E0,1.484233949E1,1.532501745E1
7.000734833E0,4.283739477E0,4.256596117E0,5.485994550E0,8.158748103E0
7.010721833E0,1.841635095E0,8.216118595E-1,5.764910245E0,6.107442673E0
7.020708833E0,1.459525692E0,1.591200749E0,5.732253546E0,6.125427804E0
7.030695833E0,1.641589532E-1,1.028767600E0,4.444424179E0,4.564889617E0
7.040682833E0,-1.070231230E0,6.156188375E-1,3.659848291E0,3.862495430E0
7.050669833E0,-1.525377473E0,3.799359933E-1,2.619640321E0,3.055101177E0
7.060657833E0,-3.564961137E-1,5.618197757E-1,2.431282209E0,2.520687231E0
7.070644833E0,5.787392789E-1,5.029900619E-1,2.021094183E0,2.161656738E0
7.080631833E0,1.621865594E0,1.328836767E0,4.019168463E0,4.533207507E0
7.090618833E0,9.658886898E-1,1.589159194E0,6.386023126E0,6.651290046E0
7.100605833E0,-1.262977239E0,-7.544808537E-1,6.868509049E0,7.024298501E0
7.110592833E0,-1.657569863E0,-1.011742701E0,5.586952575E0,5.914828841E0
7.120579833E0,-7.651927335E-1,9.727015731E-1,4.240069254E0,4.416996213E0
7.130567833E0,-1.204322357E0,1.031335990E0,2.513843724E0,2.972113143E0
7.140554833E0,-1.207779961E0,5.011090127E-1,1.016929035E0,1.656498518E0
7.150541833E0,-3.207226291E-1,3.418153632E-1,3.973136258E-1,6.144581878E-1
7.160528833E0,3.687486617E-1,2.188292684E-1,-1.728027642E-2,4.291391758E-1
7.170515833E0,2.460368744E-1,-5.310660526E-2,-6.491578817E-1,6.962473774E-1
7.180502833E0,-1.728270301E-1,-2.225646159E-1,-1.229544321E0,1.261421194E0
7.190489833E0,-3.570317552E-1,-2.997503476E-1,-1.648766879E0,1.713404263E0
7.200476833E0,-3.048104184E-1,-4.649182561E-1,-1.838503180E0,1.920716616E0
7.210464833E0,-6.933062785E-2,-6.896991129E-1,-1.550664634E0,1.698544203E0
7.220451833E0,-2.395338753E-1,-8.098222648E-1,-6.906812990E-1,1.090976276E0
7.230438833E0,-6.438295334E-1,-8.568888424E-1,5.991770518E-1,1.227920232E0
7.240425833E0,-7.706326906E-1,-8.096257983E-1,1.865773425E0,2.174966471E0
7.250412833E0,-5.457388363E-1,-7.936500357E-1,2.657743701E0,2.826891020E0
7.260399833E0,-1.609973820E-1,-7.631908661E-1,2.828215765E0,2.933800414E0
7.270386833E0,2.294709999E-1,-5.009088917E-1,2.454242470E0,2.515327565E0
7.280374833E0,4.420386129E-1,-8.533031836E-2,1.505032963E0,1.570924447E0
7.290361833E0,3.060505032E-1,1.041121598E-1,5.533255255E-1,6.408395973E-1
7.300348833E0,2.685426613E-1,2.289034362E-1,9.864662111E-2,3.663920031E-1
7.310335833E0,3.114168584E-1,2.387881543E-1,2.486575234E-1,4.645759424E-1
7.320322833E0,4.272351074E-1,2.659255207E-2,9.229677880E-1,1.017401857E0
7.330309833E0,4.558429389E-1,-2.043530242E-1,1.771334460E0,1.840428948E0
7.340296833E0,2.807521958E-1,-4.684823533E-1,2.347481083E0,2.410179443E0
7.350283833E0,-3.597508566E-2,-5.161842310E-1,2.521393649E0,2.573939840E0
7.360271833E0,-4.971435772E-1,-4.572095063E-1,2.024801318E0,2.134481822E0
7.370258833E0,-8.780155635E-1,-3.293230793E-1,6.894054365E-1,1.163892124E0
7.380245833E0,-7.797017951E-1,-1.059291089E-1,-6.633905894E-1,1.029195287E0
7.390232833E0,-6.214030494E-1,-1.677588098E-2,-1.612142259E0,1.727838489E0
7.400219833E0,-5.444009934E-1,-8.394138537E-2,-1.867574367E0,1.947113919E0
7.410206833E0,-1.273303202E-1,-1.992952558E-1,-1.505059860E0,1.523527746E0
7.420193833E0,2.459410532E-1,-2.494762798E-1,-7.552000612E-1,8.324977767E-1
7.430180833E0,4.637260088E-1,-4.139138710E-1,1.851836586E-1,6.485826789E-1
7.440168833E0,4.599772127E-1,-4.625399011E-1,6.971489042E-1,9.547454064E-1
7.450155833E0,2.462883778E-1,-4.018026794E-1,3.989321351E-1,6.174546191E-1
7.460142833E0,-7.309114583E-2,-2.424879800E-1,-3.773752052E-1,4.544829826E-1
7.470129833E0,-4.396998728E-1,-1.348306534E-1,-1.108126304E0,1.199774640E0
7.480116833E0,-3.866659192E-1,-1.041726054E-1,-1.470730273E0,1.524273597E0
7.490103833E0,1.153070927E-2,-1.011816815E-1,-1.314575701E0,1.318514301E0
7.500090833E0,4.721976741E-1,-2.363471610E-1,-8.061708248E-1,9.637126245E-1
7.510077833E0,8.269681283E-1,-2.643945734E-1,-7.071330249E-2,8.710804480E-1
7.520065833E0,7.306281607E-1,-1.339135176E-1,5.939233285E-1,9.510495568E-1
7.530052833E0,2.689631492E-1,1.086010672E-1,9.704816777E-1,1.012901799E0
7.540039833E0,-1.762393190E-1,3.353437380E-1,8.146153736E-1,8.983951954E-1
7.550026833E0,-4.669346684E-1,5.378920922E-1,2.561431289E-1,7.569446412E-1
7.560013833E0,-4.614045911E-1,7.404177153E-1,-6.488128960E-1,1.087230778E0
7.570000833E0,-3.894360376E-1,9.571188165E-1,-1.627677142E0,1.927970367E0
7.579987833E0,-4.063317865E-1,1.105985346E0,-2.401610513E0,2.675077973E0
7.589974833E0,-3.116814449E-1,1.102857231E0,-2.798587339E0,3.024157815E0
7.599962833E0,-1.083092912E-1,9.974459665E-1,-2.693057376E0,2.873880197E0
7.609949833E0,2.567502891E-1,7.993067783E-1,-2.229192495E0,2.382039298E0
7.619936833E0,6.762965637E-1,5.410571169E-1,-1.788267996E0,1.986963078E0
7.629923833E0,1.024974950E0,3.472408484E-1,-1.582687495E0,1.917302679E0
7.639910833E0,1.145346609E0,2.223058766E-1,-1.717786828E0,2.076542883E0
7.649897833E0,9.616564751E-1,1.866085520E-1,-2.143916702E0,2.357113649E0
7.659884833E0,3.798444843E-1,2.595216501E-1,-2.720363873E0,2.758987662E0
7.669871833E0,-4.698584224E-1,4.926105233E-1,-3.359173937E0,3.427459935E0
7.679857875E0,-1.231988750E0,6.915393048E-1,-4.234840089E0,4.464290926E0
7.689845875E0,-1.632297027E0,7.770902824E-1,-4.910721501E0,5.232919696E0
7.699832875E0,-1.424821444E0,7.202731803E-1,-4.990196856E0,5.239367735E0
7.709819875E0,-8.319309526E-1,4.607116230E-1,-4.527865115E0,4.626653954E0
7.719806875E0,-2.278926354E-1,1.009404107E-1,-3.714850125E0,3.723202314E0
7.729793875E0,6.175577011E-2,-3.018486940E-1,-2.705059370E0,2.722548917E0
7.739780875E0,2.067318908E-1,-4.006983597E-1,-1.881240479E0,1.934518801E0
7.749767875E0,7.465191387E-2,-2.372314062E-1,-1.375209573E0,1.397516733E0
7.759754875E0,-3.926436739E-1,-1.444751970E-2,-1.337939420E0,1.394438840E0
7.769741875E0,-7.690972117E-1,2.659445972E-1,-1.708625411E0,1.892521557E0
7.779729875E0,-7.365744866E-1,5.491927135E-1,-2.219318887E0,2.401984790E0
7.789716875E0,-4.998533962E-1,6.994396971E-1,-2.730622813E0,2.862755709E0
7.799703875E0,-2.351275049E-1,6.363393232E-1,-2.898770024E0,2.977092596E0
7.809690875E0,-1.658309097E-1,4.140681645E-1,-2.681317921E0,2.718164478E0
7.819677875E0,-3.090116794E-1,1.572444197E-1,-2.089505437E0,2.118076249E0
7.829664875E0,-5.059202113E-1,-1.757687643E-2,-1.403660370E0,1.492155033E0
7.839651875E0,-7.874815156E-1,-1.579895742E-2,-1.110289189E0,1.361293072E0
7.849638875E0,-1.099630299E0,1.772714256E-1,-1.037686651E0,1.522302709E0
7.859625875E0,-1.264263772E0,3.936255676E-1,-1.016872902E0,1.669531213E0
7.869613875E0,-1.073184220E0,5.389801859E-1,-1.064494965E0,1.604797041E0
7.879600875E0,-6.238437503E-1,5.618034766E-1,-1.177274306E0,1.445952615E0
7.889587875E0,-1.218798747E-1,4.317882246E-1,-1.144314137E0,1.229125957E0
7.899574875E0,2.280669920E-1,2.712594970E-1,-9.369695306E-1,1.001752549E0
7.909561875E0,4.834890130E-1,1.561839540E-1,-6.824414027E-1,8.508121539E-1
7.919548875E0,5.341820338E-1,6.794026047E-2,-4.728327549E-1,7.166150559E-1
7.929535875E0,4.722279335E-1,5.126327053E-2,-3.403290009E-1,5.843380639E-1
7.939522875E0,3.344826624E-1,9.935099132E-2,-2.026650792E-1,4.035125838E-1
7.949509875E0,1.977640893E-1,1.471543182E-1,-1.515884811E-1,2.893857217E-1
7.959496875E0,1.236639333E-1,1.487511928E-1,-1.737763256E-1,2.600344152E-1
7.969484875E0,1.388264944E-1,1.027954399E-1,-6.864631176E-2,1.858817208E-1
7.979471875E0,1.240611054E-1,1.496156305E-3,1.399367344E-1,1.870178762E-1
7.989458875E0,9.968062811E-2,-8.173318438E-2,4.993335056E-1,5.157038791E-1
7.999445875E0,1.667793281E-1,-1.758857817E-1,8.558312273E-1,8.894932502E-1
8.009432875E0,2.544458283E-1,-2.806596270E-1,1.072722582E0,1.137649438E0
8.019419875E0,4.423031629E-1,-3.820301735E-1,1.172721080E0,1.310287706E0
8.029406875E0,4.934277447E-1,-3.870407988E-1,1.046782579E0,1.220256239E0
8.039393875E0,3.715969867E-1,-2.800075163E-1,6.076876742E-1,7.653579809E-1
8.049380875E0,2.845423244E-1,-1.262139771E-1,6.675824583E-2,3.183566644E-1
8.059367875E0,2.784029672E-1,-5.805773512E-3,-3.015643001E-1,4.104667419E-1
8.069354875E0,2.714077239E-1,5.222265244E-2,-6.259450203E-1,6.842488776E-1
8.079342875E0,2.734139767E-1,5.606295750E-2,-8.514253503E-1,8.960041211E-1
8.089329875E0,3.311037757E-1,-3.370181613E-2,-8.859362018E-1,9.463870648E-1
8.099316875E0,4.200069621E-1,-1.744774067E-1,-8.025736177E-1,9.224817752E-1
8.109303875E0,4.514138923E-1,-3.190794884E-1,-7.322988564E-1,9.175226630E-1
8.119290875E0,3.876963448E-1,-3.884545825E-1,-7.901190484E-1,9.620257424E-1
8.129277875E0,2.670409867E-1,-4.482912599E-1,-9.701670974E-1,1.101589823E0
8.139264875E0,1.578594006E-1,-5.074174275E-1,-1.133702025E0,1.252067217E0
8.149251875E0,8.866918813E-2,-5.493371397E-1,-1.382907432E0,1.490659748E0
8.159238875E0,-1.353623115E-2,-5.318533071E-1,-1.751703603E0,1.830714801E0
8.169225875E0,-1.171464440E-1,-4.702026042E-1,-2.276207618E0,2.327216126E0
8.179213875E0,-2.006903649E-1,-4.465813147E-1,-2.840370373E0,2.882258723E0
8.189200875E0,-1.726944445E-1,-4.302593970E-1,-3.260491648E0,3.293288980E0
8.199187875E0,-1.214346640E-1,-5.033779516E-1,-3.398649074E0,3.437870165E0
8.209174875E0,-6.734877806E-2,-5.530810388E-1,-3.214381090E0,3.262312107E0
8.219161875E0,-5.056672096E-2,-6.075460985E-1,-2.864738644E0,2.928890020E0
8.229148875E0,-1.023587260E-1,-6.114355201E-1,-2.572135786E0,2.645791603E0
8.239135875E0,-8.091780843E-2,-6.003756579E-1,-2.399586207E0,2.474876277E0
8.249122875E0,3.788372649E-2,-6.003235446E-1,-2.429201185E0,2.502567068E0
8.259109875E0,2.524441620E-1,-6.017145241E-1,-2.615179480E0,2.695357515E0
8.269096875E0,4.818531813E-1,-6.992748787E-1,-2.792721997E0,2.918983384E0
8.279083875E0,6.503803153E-1,-7.577490818E-1,-3.100629357E0,3.257465369E0
8.289070875E0,6.195314287E-1,-7.146985180E-1,-3.272778402E0,3.406712731E0
8.299058875E0,5.167282413E-1,-6.732305762E-1,-3.245127504E0,3.354265941E0
8.309045875E0,4.399502067E-1,-5.932427857E-1,-3.078813395E0,3.166162521E0
8.319032875E0,4.452463223E-1,-4.705614770E-1,-2.882830514E0,2.954722349E0
8.329019875E0,4.868707502E-1,-4.042031077E-1,-2.825597382E0,2.895586961E0
8.339006875E0,4.069294816E-1,-3.391332453E-1,-2.930570106E0,2.978060461E0
8.348993875E0,3.984695838E-1,-3.141958208E-1,-3.011211396E0,3.053668465E0
8.358980875E0,4.062991517E-1,-4.081580912E-1,-2.752898950E0,2.812494383E0
8.368967875E0,4.192348007E-1,-5.523825158E-1,-2.283528916E0,2.386501325E0
8.378954875E0,4.987688839E-1,-5.674907709E-1,-1.938665400E0,2.080682510E0
8.388941875E0,5.635263221E-1,-4.304586408E-1,-1.751553914E0,1.889655437E0
8.398928875E0,4.229636798E-1,-5.940668777E-2,-1.822960111E0,1.872327695E0
8.408915875E0,-9.223701295E-2,2.786057194E-1,-2.039983613E0,2.060985676E0
8.418902875E0,-5.758128937E-1,5.097839418E-1,-2.245246026E0,2.373303578E0
8.428890875E0,-5.397550151E-1,6.414530057E-1,-2.330735242E0,2.476918288E0
8.438877875E0,-2.445961022E-1,4.261753361E-1,-2.086903426E0,2.143972616E0
8.448864875E0,1.203867699E-1,-1.165449482E-1,-1.436220590E0,1.445961716E0
8.458851875E0,2.782464811E-1,-3.802675304E-1,-6.851363844E-1,8.315265264E-1
8.468838875E0,1.281203156E-1,-2.546440490E-1,-2.128117526E-1,3.557348015E-1
8.478825875E0,-1.263493950E-1,2.547734186E-2,-4.297118783E-2,1.358668007E-1
8.488812875E0,-2.819459231E-1,3.021019515E-1,-1.295374614E-1,4.330577867E-1
8.498799875E0,-2.571518284E-1,5.164724256E-1,-3.429169786E-1,6.711653175E-1
8.508786875E0,-7.349943680E-2,7.080010441E-1,-5.182486635E-1,8.804824376E-1
8.518773875E0,1.497080987E-1,8.136059980E-1,-4.974571341E-1,9.653138532E-1
8.528760875E0,2.362296685E-1,7.998428218E-1,-1.002084124E-1,8.399968582E-1
8.538747875E0,9.811317232E-2,6.545824899E-1,4.363051987E-1,7.927588896E-1
8.548734875E0,-2.130989422E-1,5.916777053E-1,8.244509751E-1,1.036924817E0
8.558721875E0,-4.506342392E-1,5.930817680E-1,8.063608593E-1,1.097740879E0
8.568709875E0,-8.212532790E-1,5.970561205E-1,5.538833499E-1,1.156598342E0
8.578696875E0,-8.430684366E-1,6.630846338E-1,4.438808513E-1,1.160808266E0
8.588683875E0,-4.145088983E-1,5.924365278E-1,4.651916134E-1,8.597685174E-1
8.598670875E0,-2.229333194E-1,4.290439801E-1,5.133796871E-1,7.052210326E-1
8.608657875E0,-3.460129331E-1,2.309656030E-1,7.856272173E-1,8.889770437E-1
8.618644875E0,-4.905844996E-1,-3.534904987E-2,1.524790705E0,1.602157733E0
8.628631875E0,-5.076201066E-1,-2.832446811E-1,2.227617840E0,2.302213492E0
8.638618875E0,-5.356469806E-1,-5.484736522E-1,2.829692772E0,2.931706366E0
8.648605875E0,-3.348398907E-1,-6.523035376E-1,3.152441534E0,3.236588526E0
8.658592875E0,-2.725979246E-2,-5.270914078E-1,2.756673328E0,2.806744784E0
8.668579875E0,1.705101988E-1,-1.812987685E-2,2.004133750E0,2.011455818E0
8.678567708E0,3.059318047E-1,8.181617099E-1,1.106696659E0,1.409879551E0
8.688554708E0,8.466342514E-2,1.455283098E0,4.825847411E-1,1.535547076E0
8.698541708E0,-7.294487407E-2,1.687625721E0,9.162142539E-1,1.921678976E0
8.708528708E0,1.386051955E-1,1.478630446E0,2.495540185E0,2.904011055E0
8.718515708E0,3.069146120E-1,8.198600337E-1,4.493860048E0,4.578334324E0
8.728502708E0,-1.263746750E-1,2.449983358E-3,6.318803535E0,6.320067616E0
8.738490708E0,-3.760003786E-1,-2.993487900E-1,7.490651625E0,7.506054074E0
8.748477708E0,2.722359454E-2,2.037900835E-2,7.910496327E0,7.910569421E0
8.758464708E0,4.112357001E-1,5.692463243E-1,7.535427264E0,7.568079032E0
8.768451708E0,8.160486723E-1,1.129100558E0,6.679850391E0,6.823577123E0
8.778438708E0,1.396348281E0,1.724350913E0,5.641626381E0,6.062270434E0
8.788425708E0,1.822588082E0,2.057475267E0,5.192457892E0,5.875087298E0
8.798412708E0,1.340495531E0,2.568383628E0,4.903248759E0,5.695205977E0
8.808399708E0,4.411126697E-1,2.913458814E0,5.521387746E0,6.258477874E0
8.818386708E0,-5.485305163E-1,3.001926602E0,6.591658591E0,7.263773952E0
8.828373708E0,-1.409016858E0,2.572098949E0,8.578615560E0,9.066072272E0
8.838360708E0,-1.606583896E0,1.818563298E0,1.050905334E1,1.078556843E1
8.848347708E0,-1.228816051E0,1.100272031E0,1.172126067E1,1.183674529E1
8.858334708E0,-1.374961943E0,1.213026814E0,1.170609416E1,1.184882251E1
8.868321708E0,-1.492640959E0,1.276627417E0,1.170149708E1,1.186519231E1
8.878308708E0,-1.532145040E0,1.286083096E0,1.170256829E1,1.187230318E1
8.888295708E0,-1.480707961E0,1.248366508E0,1.170598189E1,1.186511387E1
8.898282708E0,7.460613017E-1,7.639849180E-1,7.721269319E0,7.794759799E0
8.908269708E0,3.543412685E-3,7.507966693E-1,5.669333997E0,5.718833462E0
8.918256708E0,-6.637010034E-1,8.392540786E-1,3.525565814E0,3.684353503E0
8.928244708E0,-1.016796669E0,8.149514423E-1,1.850895769E0,2.263589288E0
8.938231708E0,-3.663657386E-1,6.364812644E-1,8.261671329E-1,1.105388794E0
8.948218708E0,5.542618475E-1,3.030092932E-1,9.583937287E-2,6.389100193E-1
8.958205708E0,1.470476211E0,2.952457988E-1,-4.000939769E-1,1.552271097E0
8.968192708E0,2.210524090E0,4.437288237E-1,-6.019644195E-1,2.333596620E0
8.978179708E0,2.301716388E0,5.973379563E-1,-6.626316208E-1,2.468560639E0
8.988166708E0,1.936023628E0,7.097093081E-1,-4.446573615E-1,2.109406305E0
8.998153708E0,1.315198722E0,4.143220067E-1,3.164361084E-1,1.414758712E0
9.008140708E0,7.086397062E-1,8.283940449E-2,1.643610805E0,1.791783770E0
9.018127708E0,1.796690033E-1,-2.309688190E-1,2.777291195E0,2.792664306E0
9.028114708E0,-1.879519498E-1,-5.488850038E-1,3.087922772E0,3.141952853E0
9.038101708E0,3.187054127E-2,-5.178090991E-1,2.844182757E0,2.891110090E0
9.048088708E0,4.371914904E-1,-3.518507932E-1,2.071987179E0,2.146640689E0
9.058075708E0,6.145577871E-1,-6.043550536E-2,1.015025766E0,1.188112381E0
9.068062708E0,3.160208099E-1,7.241791204E-2,1.865057141E-1,3.740292604E-1
9.078049708E0,-4.273262143E-2,3.296557859E-2,7.380121708E-2,9.142989636E-2
9.088036708E0,-2.015715037E-1,2.381819442E-2,4.042308819E-1,4.523284022E-1
9.098023708E0,-4.150757128E-1,-2.221038553E-1,1.042524637E0,1.143886178E0
9.108010708E0,-4.853688198E-1,-3.670715341E-1,1.569027815E0,1.682906024E0
9.117997708E0,-3.122245782E-1,-4.791516946E-1,1.917592619E0,2.001057717E0
9.127984708E0,-9.181261472E-2,-5.177278228E-1,1.998654324E0,2.066661743E0
9.137971708E0,1.183527611E-2,-4.862373506E-1,1.742542185E0,1.809148999E0
9.147958708E0,9.933271877E-2,-4.377909762E-1,1.406869322E0,1.476756316E0
9.157945708E0,2.921350801E-1,-3.761414427E-1,9.919058758E-1,1.100319297E0
9.167933708E0,2.622960077E-1,-3.578063285E-1,5.428443915E-1,7.010738889E-1
9.177920708E0,2.308205190E-1,-3.143290642E-1,1.286480999E-1,4.106473014E-1
9.187907708E0,1.686561381E-1,-2.992055333E-1,-2.993704247E-1,4.556220970E-1
9.197894708E0,-8.899367206E-2,-2.614200948E-1,-8.370277512E-1,8.814055797E-1
9.207881708E0,-4.534008493E-1,-1.860103087E-1,-1.417227665E0,1.499568744E0
9.217868708E0,-8.906365592E-1,-6.491052568E-2,-1.948191683E0,2.143104685E0
9.227855708E0,-1.112178863E0,1.303404303E-1,-2.404811863E0,2.652743966E0
9.237842708E0,-1.135812650E0,2.062502995E-1,-2.786127507E0,3.015811010E0
9.247829708E0,-1.033575400E0,7.491598874E-3,-2.456546858E0,2.665137276E0
9.257816708E0,-5.760892477E-1,-2.616141493E-1,-1.202659408E0,1.358937245E0
9.267803708E0,-2.601983191E-1,-7.568069492E-1,-4.449497223E-2,8.015233784E-1
9.277790708E0,-9.596084878E-2,-1.103974415E0,6.928623104E-1,1.306914754E0
9.287777708E0,6.008591495E-2,-1.035798219E0,8.142165935E-1,1.318877147E0
9.297764708E0,3.344293065E-2,-8.844580988E-1,2.343698519E-1,9.155947715E-1
9.307751708E0,-2.194669803E-1,-5.260726035E-1,-7.124118912E-1,9.123863449E-1
9.317738708E0,-6.315911648E-1,-1.051903132E-1,-1.756077320E0,1.869165577E0
9.327725708E0,-8.129365649E-1,2.215612337E-1,-2.757340495E0,2.883206868E0
9.337712708E0,-5.802305382E-1,3.395019123E-1,-3.543142544E0,3.606353853E0
9.347699708E0,-1.488829744E-1,3.661787374E-1,-4.068897863E0,4.088053672E0
9.357686708E0,1.855795151E-1,2.849100412E-1,-4.439731788E0,4.452733075E0
9.367673708E0,3.614700477E-1,2.035260817E-1,-4.560959187E0,4.579785166E0
9.377660708E0,4.103690697E-1,1.990558123E-1,-4.350281668E0,4.374125807E0
9.387647708E0,3.162291900E-1,1.597950482E-1,-3.908582413E0,3.924608494E0
9.397634708E0,7.282370880E-2,2.490335725E-1,-3.393240985E0,3.403146396E0
9.407621708E0,-3.509354847E-1,3.258904713E-1,-3.033931337E0,3.071497952E0
9.417608708E0,-7.665354735E-1,2.992608625E-1,-2.776125260E0,2.895514662E0
9.427595708E0,-9.636962032E-1,2.844506693E-1,-2.580824164E0,2.769526299E0
9.437582708E0,-1.012351835E0,2.823536385E-1,-2.525024770E0,2.735019178E0
9.447569708E0,-1.170536998E0,1.982991095E-1,-2.690220307E0,2.940538165E0
9.457556708E0,-1.322356883E0,1.180694635E-1,-2.944248497E0,3.229731775E0
9.467543708E0,-1.305692611E0,1.032623401E-1,-3.180724517E0,3.439840804E0
9.477530708E0,-1.151482823E0,6.325225532E-2,-3.399641932E0,3.589913481E0
9.487517708E0,-9.906222658E-1,4.343457967E-2,-3.588530386E0,3.723005421E0
9.497504708E0,-8.793833734E-1,7.243896201E-3,-3.763373244E0,3.864756883E0
9.507491708E0,-6.659710387E-1,-3.484355807E-3,-3.760426247E0,3.818944242E0
9.517478708E0,-3.476007445E-1,8.997322686E-2,-3.648188358E0,3.665815019E0
9.527466708E0,-3.219491556E-2,1.571668710E-1,-3.434369130E0,3.438114201E0
9.537453708E0,1.368967670E-1,1.597777990E-1,-3.353851216E0,3.360444562E0
9.547440708E0,1.471445241E-1,2.048115921E-1,-3.327308366E0,3.336851849E0
9.557427708E0,-1.546668939E-2,3.376810893E-1,-3.359275094E0,3.376240052E0
9.567414708E0,-1.233865560E-1,3.762952244E-1,-3.420331720E0,3.443180421E0
9.577401708E0,-3.458628058E-4,3.295420575E-1,-3.411712924E0,3.427591452E0
9.587388708E0,3.242821216E-1,2.518856250E-1,-3.171919194E0,3.198386568E0
9.597375708E0,5.921276120E-1,1.401976664E-1,-2.924191378E0,2.986832053E0
9.607362708E0,6.804494025E-1,4.551911205E-2,-2.669257454E0,2.754998863E0
9.617349708E0,7.108360666E-1,7.704715267E-2,-2.476399325E0,2.577552675E0
9.627336708E0,6.707901677E-1,1.591755357E-1,-2.301995008E0,2.403014215E0
9.637323708E0,7.442808976E-1,1.879539232E-1,-2.014849942E0,2.156131030E0
9.647310708E0,1.012543258E0,1.238796955E-1,-1.528780260E0,1.837868089E0
9.657297708E0,1.245250527E0,8.608270884E-3,-1.065738083E0,1.639060902E0
9.667284708E0,1.280839313E0,-5.342250109E-2,-7.812839055E-1,1.501268747E0
9.677271708E0,1.102086130E0,3.423267022E-2,-6.386492658E-1,1.274220781E0
9.687258708E0,8.543716892E-1,1.494785133E-1,-5.722482848E-1,1.039116408E0
9.697245708E0,6.250503963E-1,2.274059643E-1,-5.218423623E-1,8.454116876E-1
9.707232708E0,4.005317506E-1,3.676197106E-1,-4.534498197E-1,7.079453890E-1
9.717219708E0,2.202429058E-1,5.066521731E-1,-3.813255841E-1,6.712768156E-1
9.727206708E0,1.888886737E-1,5.258123294E-1,-2.585182679E-1,6.156210129E-1
9.737193708E0,2.654125371E-1,4.559823950E-1,-5.096316218E-2,5.300575471E-1
9.747180708E0,2.623216258E-1,3.792024601E-1,1.942965442E-1,5.003581599E-1
9.757167708E0,1.320363056E-1,2.773046409E-1,4.396088755E-1,5.362717718E-1
9.767154708E0,2.198443450E-3,1.779831049E-1,6.183506566E-1,6.434596750E-1
9.777141708E0,7.146613151E-3,1.196726239E-1,7.761401099E-1,7.853445621E-1
9.787128708E0,1.547245255E-1,6.536397725E-2,7.990693814E-1,8.165316923E-1
9.797115708E0,2.997225002E-1,3.261606127E-2,7.120207125E-1,7.732211065E-1
9.807102708E0,4.149428348E-1,4.980117425E-2,5.378970623E-1,6.811688210E-1
9.817089708E0,3.743043937E-1,1.396410115E-1,1.881014192E-1,4.415716648E-1
9.827076708E0,2.442284037E-1,2.332318376E-1,-2.170778811E-1,4.014566100E-1
9.837063708E0,1.808743338E-1,3.109632607E-1,-5.923223609E-1,6.930075420E-1
9.847050708E0,1.269205400E-1,2.905896610E-1,-1.001698793E0,1.050691032E0
9.857037708E0,2.656929477E-1,2.768577674E-1,-1.286199748E0,1.342219340E0
9.867024708E0,3.491463829E-1,1.855189964E-1,-1.394503630E0,1.449469168E0
9.877011708E0,2.807614417E-1,6.498376206E-2,-1.507545512E0,1.534843102E0
9.886998708E0,2.014295626E-1,-2.047848411E-2,-1.466828426E0,1.480735921E0
9.896985708E0,1.138821262E-1,-1.015876975E-1,-1.338152844E0,1.346826727E0
9.906972708E0,-1.208034754E-2,-1.773999913E-1,-1.193737727E0,1.206907806E0
9.916959708E0,-1.589988036E-1,-1.656211408E-1,-1.143963888E0,1.166775197E0
9.926946708E0,-3.298204215E-1,-1.375385720E-1,-1.243291125E0,1.293627145E0
9.936933708E0,-3.840279479E-1,-1.315730964E-1,-1.481280988E0,1.535897884E0
9.946920708E0,-4.047136792E-1,-1.302286754E-1,-1.836430927E0,1.885001650E0
9.956907708E0,-3.927300300E-1,-1.225691883E-1,-2.283606099E0,2.320369992E0
9.966894708E0,-3.875487026E-1,-1.026130798E-1,-2.714605535E0,2.744049316E0
9.976881708E0,-4.510574679E-1,-1.334479330E-1,-3.115418134E0,3.150728700E0
9.986868708E0,-4.017715796E-1,-1.410245358E-1,-3.351316448E0,3.378258465E0
9.996855708E0,-2.979030294E-1,-2.916295883E-1,-3.174967348E0,3.202219807E0
1.000684271E1,-1.982462287E-1,-4.458339675E-1,-2.716933311E0,2.760397818E0
1.001682971E1,-2.053117118E-1,-5.769651606E-1,-2.395142323E0,2.472195066E0
1.002681671E1,-4.465264605E-1,-5.288785361E-1,-2.333767024E0,2.434248736E0
1.003680371E1,-7.463530777E-1,-2.968802418E-1,-2.576927580E0,2.699210356E0
1.004679071E1,-9.696024757E-1,-9.745298512E-2,-3.101270796E0,3.250770154E0
1.005677771E1,-9.213755912E-1,-1.079325843E-1,-3.556707500E0,3.675697303E0
1.006676471E1,-5.268669112E-1,-2.837775817E-1,-3.716759825E0,3.764627745E0
1.007675171E1,-5.863701146E-2,-5.476396199E-1,-3.842363865E0,3.881637222E0
1.008673871E1,2.214124952E-1,-8.858176495E-1,-3.721785507E0,3.832151323E0
1.009672571E1,3.041703310E-1,-1.092518989E0,-3.538360691E0,3.715657911E0
1.010671271E1,1.092124302E-1,-1.048137891E0,-3.513710584E0,3.668335108E0
1.011669971E1,-2.834661809E-1,-1.003778940E0,-3.557878112E0,3.707616741E0
1.012668671E1,-5.024131976E-1,-9.200553630E-1,-3.696603304E0,3.842368654E0
1.013667371E1,-4.123755782E-1,-8.480048022E-1,-3.787658485E0,3.903270751E0
1.014666071E1,-1.616243131E-1,-8.835688104E-1,-3.845402663E0,3.948916041E0
1.015664771E1,2.049454203E-1,-9.343061239E-1,-3.801705835E0,3.920191044E0
1.016663471E1,5.114558800E-1,-1.005029367E0,-3.554446966E0,3.729043360E0
1.017662171E1,6.346817838E-1,-1.052184457E0,-3.107795704E0,3.341901739E0
1.018660871E1,6.929902183E-1,-9.331447206E-1,-2.495831376E0,2.753210630E0
1.019659571E1,6.632026745E-1,-7.749776103E-1,-2.066053424E0,2.304127782E0
1.020658271E1,5.483291163E-1,-6.557264976E-1,-1.898906087E0,2.082423201E0
1.021656971E1,4.310148207E-1,-4.235956907E-1,-1.993501757E0,2.083088174E0
1.022655671E1,3.338414421E-1,-1.871436453E-1,-2.422163476E0,2.452213032E0
1.023654371E1,3.322394877E-1,-6.620875373E-2,-2.808298979E0,2.828658663E0
1.024653071E1,5.452935708E-1,3.150757536E-2,-2.813851495E0,2.866373675E0
1.025651771E1,7.964419350E-1,1.263947292E-1,-2.409273874E0,2.540648732E0
1.026650471E1,8.595235978E-1,6.607733756E-2,-1.672067449E0,1.881211467E0
1.027649171E1,9.644015235E-1,4.574276805E-3,-7.377449530E-1,1.214231789E0
1.028647871E1,1.104927438E0,4.827885166E-2,1.261115777E-1,1.113148517E0
1.029646571E1,9.319938424E-1,1.166490287E-2,5.519292104E-1,1.083224098E0
1.030645271E1,3.715310593E-1,4.565462127E-2,4.868847835E-1,6.141469408E-1
1.031643971E1,-1.071466089E-1,1.449833201E-1,6.307976246E-2,1.909963752E-1
1.032642671E1,-1.177294845E-1,2.794362433E-1,-3.133248049E-1,4.360244018E-1
1.033641371E1,8.739222933E-2,3.563943721E-1,-4.453414857E-1,5.770471291E-1
1.034640071E1,3.383096650E-1,3.680410025E-1,-2.391394258E-2,5.004792559E-1
1.035638771E1,4.805656245E-1,2.616681629E-1,9.743402553E-1,1.117475942E0
1.036637471E1,3.325980682E-1,1.739906260E-1,1.952235033E0,1.987992917E0
1.037636171E1,1.241359315E-1,9.601084247E-2,2.679833313E0,2.684424407E0
1.038634871E1,-2.217132796E-1,-5.088013172E-2,3.141818313E0,3.150042520E0
1.039633571E1,-7.121941555E-1,-1.214949086E-1,3.216609464E0,3.296749607E0
1.040632271E1,-9.089260650E-1,-9.134096369E-2,3.011944637E0,3.147427562E0
1.041630971E1,-5.182561553E-1,-6.661235780E-2,2.705090361E0,2.755093557E0
1.042629671E1,-1.363292947E-2,-6.068328112E-2,2.247733431E0,2.248593760E0
1.043628371E1,3.227498222E-1,-3.374720514E-3,1.713310200E0,1.743447928E0
1.044627071E1,4.797512535E-1,-1.228997022E-2,1.565655726E0,1.637556155E0
1.045625771E1,5.179602496E-1,-6.644425035E-2,1.764998417E0,1.840629531E0
1.046624471E1,1.546314086E-1,-1.015354380E-1,2.014213765E0,2.022690636E0
1.047623171E1,-3.763801187E-1,-1.420905563E-1,2.133965911E0,2.171557558E0
1.048621871E1,-6.809227346E-1,-1.199573833E-1,2.168665627E0,2.276215312E0
1.049620571E1,-8.790084938E-1,-1.918208331E-2,2.066110727E0,2.245403621E0
1.050619271E1,-8.062349980E-1,1.811327076E-1,1.769449317E0,1.952888839E0
1.051617971E1,-4.036666256E-1,4.334590665E-1,1.385305960E0,1.506620759E0
1.052616671E1,1.124534322E-1,5.521867803E-1,1.350972279E0,1.463790325E0
1.053615371E1,4.661806700E-1,6.603608546E-1,1.593243474E0,1.786568118E0
1.054614071E1,5.266644149E-1,8.298798224E-1,1.902605036E0,2.141490567E0
1.055612771E1,5.106143926E-1,1.060001672E0,2.420259038E0,2.691093535E0
1.056611371E1,4.025878874E-1,1.243561851E0,3.057056490E0,3.324773296E0
1.057610071E1,4.651756798E-1,1.277649511E0,3.847025850E0,4.080243200E0
1.058608771E1,7.457758114E-1,1.392726077E0,4.445653263E0,4.718018697E0
1.059607471E1,7.670500284E-1,1.344268154E0,4.794743732E0,5.038351920E0
1.060606171E1,4.935280245E-1,1.103083226E0,4.992594214E0,5.136765471E0
1.061604871E1,3.212219813E-1,8.282984430E-1,5.378289422E0,5.451170423E0
1.062603571E1,3.302369260E-1,8.489452538E-1,5.623625143E0,5.696922346E0
1.063602271E1,5.556539599E-1,1.128180645E0,5.085457354E0,5.238646714E0
1.064600971E1,1.024325178E0,1.646626214E0,3.975131913E0,4.422928180E0
1.065599671E1,1.444073401E0,2.220688013E0,2.848638920E0,3.889928911E0
1.066598371E1,1.890206454E0,2.591662563E0,2.775216603E0,4.241629695E0
1.067597071E1,2.215498755E0,2.780302218E0,3.865061586E0,5.251401358E0
1.068595771E1,1.946144135E0,2.466036304E0,5.927584462E0,6.708581788E0
1.069594471E1,1.612967886E0,1.983245595E0,8.048891151E0,8.445091903E0
1.070593171E1,1.328576859E0,1.806978794E0,9.084387435E0,9.357156828E0
1.071591871E1,9.983022912E-1,1.896440316E0,8.804520398E0,9.061604316E0
1.072590571E1,8.487335846E-1,2.391955006E0,7.591545331E0,8.004583560E0
1.073589271E1,7.522086988E-1,3.023087676E0,5.969138870E0,6.733163882E0
1.074587971E1,5.808882768E-1,3.343135317E0,4.762130302E0,5.847381461E0
1.075586671E1,2.966268381E-1,3.144105451E0,4.274374284E0,5.314476652E0
1.076585371E1,-3.210377209E-1,2.169354429E0,4.270840811E0,4.800962934E0
1.077584071E1,-7.240607873E-1,1.030662098E0,4.748793973E0,4.913000364E0
1.078582771E1,-9.754314919E-1,2.591468436E-1,5.361795596E0,5.455957817E0
1.079581471E1,-1.203722505E0,-5.563989682E-1,6.066154118E0,6.209408463E0
1.080580171E1,-1.201275592E0,-1.041622265E0,6.603174682E0,6.791903700E0
1.081578871E1,-1.207469474E0,-1.249801708E0,6.371949463E0,6.604674617E0
1.082577571E1,-1.044416942E0,-1.242860478E0,5.501237656E0,5.735775856E0
1.083576271E1,-8.949412063E-2,-1.013711897E0,4.111341632E0,4.235416275E0
1.084574971E1,7.767560410E-1,-8.236466905E-1,2.313074312E0,2.575277964E0
1.085573671E1,1.087438343E0,-6.950449298E-1,7.068658072E-1,1.471485261E0
1.086572371E1,9.694593651E-1,-4.991202284E-1,-4.679912603E-1,1.186586821E0
1.087571071E1,4.636733839E-1,-3.780917814E-1,-1.287221841E0,1.419466967E0
1.088569771E1,2.865881190E-2,-2.403288956E-1,-1.612389012E0,1.630453198E0
1.089568471E1,-2.014248117E-1,-1.473230834E-1,-1.396472388E0,1.418594789E0
1.090567171E1,-1.618811886E-1,-6.680692390E-2,-8.886890709E-1,9.057797465E-1
1.091565871E1,1.726858930E-1,-1.862294331E-2,-1.709082663E-1,2.436736899E-1
1.092564571E1,4.862065065E-1,-7.825182527E-3,4.940838754E-1,6.932365227E-1
1.093563271E1,6.611516174E-1,-3.977700010E-2,1.181091369E0,1.354134592E0
1.094561871E1,6.952325524E-1,-1.210696699E-1,1.858560884E0,1.988027848E0
1.095560571E1,5.966012802E-1,-9.269678682E-2,2.289297194E0,2.367574165E0
1.096559271E1,5.789374995E-1,6.083384693E-2,2.369165483E0,2.439634085E0
1.097557971E1,2.154079163E-1,2.065664877E-1,2.073985757E0,2.095348946E0
1.098556671E1,-5.759880178E-1,2.988703416E-1,1.622927449E0,1.747849874E0
1.099555371E1,-9.559437454E-1,4.739855334E-1,1.065710601E0,1.508054978E0
1.100554071E1,-9.488345544E-1,5.006744184E-1,3.729143643E-1,1.135793559E0
1.101552771E1,-6.779361230E-1,2.992454405E-1,5.662735999E-2,7.432037934E-1
1.102551471E1,-1.729170042E-1,1.351138048E-1,1.201784080E-1,2.501976825E-1
1.103550171E1,3.013008830E-1,3.308515415E-2,4.114445919E-1,5.110415851E-1
1.104548871E1,4.108717109E-1,-1.438225016E-1,8.708614951E-1,9.736016734E-1
1.105547571E1,4.265048267E-1,-1.686059251E-1,1.247369558E0,1.329009082E0
1.106546271E1,3.065664469E-1,-1.548116125E-1,1.363414569E0,1.406004591E0
1.107544971E1,8.585905284E-3,-1.194010207E-1,1.172550341E0,1.178645249E0
1.108543671E1,-2.927064992E-1,-3.644408718E-2,6.322629368E-1,6.976830853E-1
1.109542371E1,-5.386732802E-1,1.137868166E-3,-4.662511289E-2,5.406885413E-1
1.110541071E1,-5.588562606E-1,-3.001375794E-2,-8.222728872E-1,9.946626799E-1
1.111539771E1,-5.230330016E-1,-7.847884342E-2,-1.576799934E0,1.663135737E0
1.112538471E1,-4.023086098E-1,-1.698250696E-1,-1.993480123E0,2.040748826E0
1.113537171E1,-2.493091956E-1,-2.924079989E-1,-2.041326134E0,2.077178350E0
1.114535871E1,-9.433795407E-2,-4.609675848E-1,-1.801891424E0,1.862311324E0
1.115534571E1,5.581781298E-2,-7.897287467E-1,-1.159903398E0,1.404337215E0
1.116533271E1,1.880872397E-1,-1.186208560E0,-2.681766987E-1,1.230604038E0
1.117531971E1,9.568339840E-2,-1.489822016E0,5.700333595E-1,1.598018456E0
1.118530671E1,-7.105828822E-2,-1.444940982E0,1.049650639E0,1.787364032E0
1.119529271E1,-2.371632130E-1,-1.258391267E0,1.040575175E0,1.650027778E0
1.120527971E1,-5.010577764E-1,-1.239215616E0,6.576018459E-1,1.489682659E0
1.121526671E1,-5.021938173E-1,-1.223085779E0,2.557519501E-1,1.346679811E0
1.122525371E1,-2.708012214E-1,-1.205736871E0,-2.746969289E-1,1.265935665E0
1.123524071E1,3.436956815E-2,-1.153920746E0,-7.631604606E-1,1.383881586E0
1.124522771E1,3.949200681E-1,-1.081356069E0,-1.266310444E0,1.711383928E0
1.125521471E1,5.271099727E-1,-8.647628492E-1,-1.990511491E0,2.233337347E0
1.126520171E1,3.617952991E-1,-6.614333801E-1,-2.692717652E0,2.796268641E0
1.127518871E1,7.271604694E-2,-5.531618766E-1,-3.164306704E0,3.213115716E0
1.128517571E1,-2.084702680E-1,-3.319239208E-1,-3.435414612E0,3.457702547E0
1.129516271E1,-4.916714604E-1,-1.722273251E-1,-3.623536497E0,3.660794971E0
1.130514971E1,-6.093376853E-1,-6.383829251E-2,-3.638007186E0,3.689236239E0
1.131513671E1,-4.971864811E-1,1.340904690E-1,-3.459815043E0,3.497927213E0
1.132512371E1,-4.684310440E-1,4.144191436E-1,-3.187796724E0,3.248571813E0
1.133511071E1,-5.682573409E-1,5.156980350E-1,-2.931309194E0,3.030088193E0
1.134509771E1,-7.018828100E-1,5.375762694E-1,-2.645790238E0,2.789593825E0
1.135508471E1,-7.813686901E-1,5.756493178E-1,-2.497350483E0,2.679303753E0
1.136507171E1,-8.039029091E-1,5.268327050E-1,-2.650490230E0,2.819381324E0
1.137505871E1,-9.628698454E-1,4.596771774E-1,-2.977006354E0,3.162433917E0
1.138504471E1,-1.304638650E0,5.013128612E-1,-3.201195619E0,3.493000140E0
1.139503171E1,-1.299265205E0,5.770039715E-1,-3.401596071E0,3.686716627E0
1.140501871E1,-1.013381749E0,5.658106100E-1,-3.362568246E0,3.557239017E0
1.141500571E1,-5.506369027E-1,7.746970902E-1,-3.137838113E0,3.278625414E0
1.142499271E1,-1.518760179E-1,9.233260030E-1,-2.746830125E0,2.901839583E0
1.143497971E1,-2.208312088E-1,8.083208460E-1,-2.222829555E0,2.375525257E0
1.144496671E1,-5.399364980E-1,7.108946849E-1,-1.732832884E0,1.949259469E0
1.145495371E1,-8.519485299E-1,6.145084512E-1,-1.388786808E0,1.741311498E0
1.146494071E1,-1.096615329E0,5.931270474E-1,-1.223808203E0,1.747017856E0
1.147492771E1,-1.338880968E0,6.598277347E-1,-1.337428958E0,2.004168432E0
1.148491471E1,-1.587326969E0,7.649177682E-1,-1.648675663E0,2.413055644E0
1.149490171E1,-1.375130343E0,9.359583277E-1,-2.016845012E0,2.614319271E0
1.150488871E1,-7.815336547E-1,1.163884767E0,-2.486907941E0,2.854843903E0
1.151487571E1,-1.728069303E-1,1.227940430E0,-2.879243247E0,3.134922903E0
1.152486271E1,3.653229243E-1,1.070195123E0,-2.947753903E0,3.157218953E0
1.153484971E1,7.421947572E-1,8.047010540E-1,-2.632115940E0,2.850689595E0
1.154483571E1,8.825684249E-1,5.638164537E-1,-2.186379182E0,2.424266889E0
1.155482271E1,7.618131159E-1,4.329034348E-1,-1.872017666E0,2.066933659E0
1.156480971E1,4.650268681E-1,4.260191423E-1,-1.606887367E0,1.726218210E0
1.157479671E1,1.090061331E-1,5.271938071E-1,-1.305787920E0,1.412408489E0
1.158478371E1,-4.644808844E-3,5.302437879E-1,-1.011215721E0,1.141813156E0
1.159477071E1,3.624798618E-1,4.689792205E-1,-5.851104051E-1,8.328789501E-1
1.160475771E1,7.212556587E-1,2.805801049E-1,-2.301692122E-1,8.074111634E-1
1.161474471E1,8.169941671E-1,4.400384266E-2,-1.967389262E-1,8.414998588E-1
1.162473171E1,8.304725108E-1,-6.332019266E-2,-2.030258524E-1,8.572709810E-1
1.163471871E1,7.615180508E-1,2.954305708E-2,-3.510305750E-1,8.390500572E-1
1.164470571E1,7.357547070E-1,2.004068846E-1,-4.995252943E-1,9.116048639E-1
1.165469271E1,9.133706798E-1,3.191067145E-1,-6.000471175E-1,1.138477772E0
1.166467971E1,1.190188467E0,3.551691246E-1,-5.474864960E-1,1.357363311E0
1.167466671E1,1.427457953E0,3.210616214E-1,-2.045051980E-1,1.477341920E0
1.168465246E1,1.462598550E0,3.279929108E-1,3.689996535E-1,1.543675682E0
1.169463946E1,8.735891481E-1,1.904164415E-1,1.105019093E0,1.421437166E0
1.170462646E1,1.294443445E-1,-6.909610882E-2,1.480553595E0,1.487806794E0
1.171461346E1,-1.891392269E-1,-1.530548348E-1,1.494357117E0,1.514035212E0
1.172460046E1,-2.756252474E-1,-1.921977044E-1,1.377229786E0,1.417628695E0
1.173458746E1,-1.744786493E-1,-2.055524161E-1,1.027855142E0,1.062629187E0
1.174457446E1,1.713716581E-2,-1.506461109E-1,7.605426621E-1,7.755082682E-1
1.175456146E1,2.855605439E-1,-9.366837479E-2,7.268299556E-1,7.865115212E-1
1.176454846E1,6.810586093E-1,1.638260091E-2,7.354323792E-1,1.002481922E0
1.177453546E1,6.833046710E-1,1.550174345E-1,8.805783981E-1,1.125323951E0
1.178452246E1,4.298394938E-1,2.258676715E-1,8.689517945E-1,9.954172073E-1
1.179450946E1,2.474523392E-1,2.837283554E-1,6.745780671E-1,7.725218498E-1
1.180449646E1,1.868015832E-1,3.512860984E-1,4.124029505E-1,5.730383477E-1
1.181448346E1,1.434237946E-1,3.172467517E-1,2.908989787E-2,3.493738807E-1
1.182446946E1,9.965011295E-2,2.783363455E-1,-2.673779690E-1,3.986129007E-1
1.183445646E1,1.277052729E-1,2.608185991E-1,-4.942364877E-1,5.732405116E-1
1.184444346E1,6.205397811E-2,2.070601389E-1,-6.228074044E-1,6.592523495E-1
1.185443046E1,-2.551505640E-2,1.654715617E-1,-6.820426226E-1,7.022919584E-1
1.186441746E1,-1.724174692E-1,1.464736657E-1,-6.666205913E-1,7.039640127E-1
1.187440446E1,-2.461674866E-1,1.510629260E-1,-6.509202325E-1,7.121204871E-1
1.188439146E1,-1.334327303E-1,1.367916268E-1,-7.287677228E-1,7.534046964E-1
1.189437846E1,9.568756454E-2,1.209366457E-1,-8.748305851E-1,8.883188251E-1
1.190436546E1,2.894881187E-1,5.837447148E-2,-1.146020354E0,1.183458323E0
1.191435246E1,3.480094283E-1,8.042388316E-2,-1.486572719E0,1.528880967E0
1.192433946E1,3.353673461E-1,1.498225489E-1,-1.867122377E0,1.902909358E0
1.193432646E1,2.473833786E-1,1.940766889E-1,-2.271585978E0,2.293243806E0
1.194431346E1,1.588406365E-1,1.660988583E-1,-2.596259644E0,2.606411962E0
1.195429946E1,1.544724192E-1,1.939834258E-1,-2.856456648E0,2.867200006E0
1.196428646E1,1.310215396E-1,1.795768366E-1,-2.986330324E0,2.994592341E0
1.197427346E1,1.842208415E-1,1.912056695E-1,-2.974010825E0,2.985839466E0
1.198426046E1,2.492728698E-1,1.373004076E-1,-2.886630034E0,2.900624299E0
1.199424746E1,2.652498566E-1,7.229055237E-2,-2.784164012E0,2.797704891E0
1.200423446E1,2.731187288E-1,3.167232066E-2,-2.793885008E0,2.807381416E0
1.201422146E1,2.490876409E-1,-3.484300990E-2,-2.814894639E0,2.826108723E0
1.202420846E1,2.969638570E-1,-7.367630593E-2,-2.804494196E0,2.821135131E0
1.203419546E1,1.585961498E-1,-1.147972520E-1,-2.571970895E0,2.579411838E0
1.204418246E1,-9.648718041E-2,-2.150560601E-1,-2.188954881E0,2.201609038E0
1.205416946E1,-2.426407202E-1,-1.722099296E-1,-2.065474550E0,2.086795605E0
1.206415646E1,-2.540432658E-1,-1.426140283E-1,-2.166520869E0,2.186021367E0
1.207414346E1,-1.125496371E-1,-2.021989465E-1,-2.461225215E0,2.472080378E0
1.208412946E1,-1.767067399E-2,-1.476363846E-1,-2.858223091E0,2.862088048E0
1.209411646E1,-4.080304483E-2,-7.981887907E-2,-3.229632382E0,3.230876238E0
1.210410346E1,-7.109699861E-2,-4.352046065E-2,-3.445716822E0,3.446725000E0
1.211409046E1,-1.429615996E-1,5.822511166E-2,-3.498354042E0,3.501758013E0
1.212407746E1,-1.608031813E-1,6.179271720E-2,-3.371035014E0,3.375433760E0
1.213406446E1,-3.660567133E-2,-1.218932502E-2,-2.893187687E0,2.893444927E0
1.214405146E1,1.962261984E-1,-1.359905948E-1,-2.218302056E0,2.231112318E0
1.215403846E1,3.864737285E-1,-2.345340856E-1,-1.722067575E0,1.780417061E0
1.216402546E1,3.955513481E-1,-2.462024237E-1,-1.517686923E0,1.587592548E0
1.217401246E1,1.036156215E-1,-3.550397184E-1,-1.515273192E0,1.559757111E0
1.218399946E1,-8.504594268E-2,-2.343021704E-1,-1.636840898E0,1.655710858E0
1.219398546E1,1.256323984E-1,9.410406545E-2,-2.024186191E0,2.030263237E0
1.220397246E1,2.767598631E-1,3.488103873E-1,-2.516659158E0,2.555746080E0
1.221395946E1,4.766399135E-1,4.796215184E-1,-2.731426805E0,2.813878959E0
1.222394646E1,8.535107598E-1,4.310757414E-1,-2.454045419E0,2.633751285E0
1.223393346E1,1.029979874E0,1.372451149E-1,-1.800455933E0,2.078782415E0
1.224392046E1,9.716119444E-1,-3.067901029E-1,-1.114606773E0,1.510131847E0
1.225390746E1,1.002149613E0,-3.183437625E-1,-2.843892735E-1,1.089276759E0
1.226389446E1,6.552953386E-1,-1.734080972E-1,4.711265373E-1,8.254953441E-1
1.227388146E1,1.684390054E-1,-2.931603894E-2,1.031212614E0,1.045289713E0
1.228386846E1,-9.821575440E-2,1.583781217E-1,1.212810760E0,1.227045192E0
1.229385546E1,-3.017556136E-2,7.396508530E-2,1.105675735E0,1.108557725E0
1.230384146E1,2.292491163E-1,-5.232395545E-2,9.148711485E-1,9.446068875E-1
1.231382846E1,3.877267503E-1,-1.121702076E-1,5.988209563E-1,7.221500718E-1
1.232381546E1,1.507971883E-1,-1.158451827E-1,3.128780776E-1,3.661319295E-1
1.233380246E1,-1.241125974E-1,-1.348075569E-1,3.776324826E-1,4.197419519E-1
1.234378946E1,-2.024958023E-1,-2.096251662E-1,6.269320303E-1,6.913689543E-1
1.235377646E1,-1.494622873E-1,-3.133976027E-1,7.767061204E-1,8.507816583E-1
1.236376346E1,-1.977780312E-1,-5.072064891E-1,9.076960301E-1,1.058435948E0
1.237375046E1,-4.055341167E-1,-6.370290023E-1,8.610767645E-1,1.145302171E0
1.238373746E1,-5.579236663E-1,-6.849239843E-1,6.308578509E-1,1.085532731E0
1.239372446E1,-4.847865833E-1,-6.116779603E-1,4.283447993E-1,8.903073770E-1
1.240371046E1,-2.679335093E-1,-5.383483212E-1,2.517074311E-1,6.518925611E-1
1.241369746E1,-1.380200811E-1,-5.401188581E-1,4.104710305E-1,6.922892390E-1
1.242368446E1,-1.188969268E-1,-5.277018571E-1,9.796676534E-1,1.119086431E0
1.243367146E1,-3.473333806E-1,-4.135890582E-1,1.410923197E0,1.510761614E0
1.244365846E1,-6.728632249E-1,-2.759910639E-1,1.569987343E0,1.730253231E0
1.245364546E1,-9.698343178E-1,-2.371253523E-1,1.531232582E0,1.827971624E0
1.246363246E1,-1.082793315E0,-2.414999467E-1,1.533326470E0,1.892578572E0
1.247361946E1,-6.660956575E-1,-3.759034610E-1,1.584481421E0,1.759422692E0
1.248360646E1,-1.622307242E-2,-5.424956051E-1,1.668678403E0,1.754722850E0
1.249359346E1,6.532738099E-1,-5.372231707E-1,1.760282637E0,1.952938906E0
1.250357946E1,1.198487055E0,-3.637587941E-1,1.964476179E0,2.329776457E0
1.251356646E1,1.213185785E0,-1.031311432E-1,1.837660012E0,2.204416045E0
1.252355346E1,7.481526314E-1,4.521944225E-2,1.347934651E0,1.542305087E0
1.253354046E1,3.533932522E-1,3.957424790E-2,8.929809272E-1,9.611804452E-1
1.254352746E1,3.603927713E-1,1.130263862E-1,7.130691183E-1,8.069234666E-1
1.255351446E1,6.218754313E-1,4.150061309E-1,1.184913694E0,1.401063740E0
1.256350146E1,1.054843259E0,1.002907997E0,2.050122685E0,2.514263665E0
1.257348846E1,1.494168252E0,1.700750088E0,3.493049448E0,4.162509348E0
1.258347546E1,1.631082707E0,1.670015953E0,5.490826689E0,5.966453034E0
1.259346146E1,1.355232999E0,1.013700203E0,7.365752175E0,7.557681502E0
1.260344846E1,1.172543909E0,5.495865235E-1,8.947616968E0,9.040838123E0
1.261343546E1,1.346059595E0,6.769061360E-1,9.807159423E0,9.922220230E0
1.262342246E1,1.346818417E0,1.331263070E0,9.493213643E0,9.680252398E0
1.263340946E1,1.523906313E0,2.402706281E0,8.323277593E0,8.796149033E0
1.264339646E1,2.171333419E0,3.711486222E0,6.650607880E0,7.919621454E0
1.265338346E1,2.631005261E0,4.904745061E0,5.006115316E0,7.485980454E0
1.266337046E1,2.203170339E0,5.854412990E0,3.960420318E0,7.403582923E0
1.267335746E1,1.078078632E0,6.039993675E0,4.251370752E0,7.464444413E0
1.268334375E1,-9.756745899E-1,5.126903003E0,5.288633480E0,7.430122435E0
1.269333075E1,-2.685215382E0,3.770574675E0,7.370941579E0,8.703929848E0
1.270331775E1,-3.301710425E0,2.917383173E0,9.769265957E0,1.071685465E1
1.271330475E1,-3.396319836E0,2.352210019E0,1.105153930E1,1.179849148E1
1.272329175E1,-3.504903508E0,2.504654825E0,1.100964283E1,1.182243121E1
1.273327875E1,-3.619137052E0,2.568320186E0,1.099295254E1,1.185493260E1
1.274326575E1,-3.515489307E-1,9.047759306E-1,8.485110396E0,8.540451075E0
1.275325275E1,-2.038190912E-3,7.881178388E-1,6.089068771E0,6.139860941E0
1.276323975E1,-7.965527580E-2,7.982124719E-1,3.810101268E0,3.893630669E0
1.277322575E1,-5.501354308E-1,6.333578280E-1,1.908329460E0,2.084589278E0
1.278321275E1,-9.832636911E-1,2.295976469E-1,5.062759048E-1,1.129529928E0
1.279319975E1,-9.058614662E-1,7.725926042E-3,-5.026822060E-1,1.036018381E0
1.280318675E1,-7.300299174E-1,-2.493600664E-1,-1.070425796E0,1.319445151E0
1.281317375E1,-5.429160929E-1,-5.957336265E-1,-1.260380198E0,1.496066402E0
1.282316075E1,-9.297814022E-1,-7.304122522E-1,-1.254483281E0,1.723868851E0
1.283314775E1,-1.535036927E0,-7.223226294E-1,-9.816194540E-1,1.960016607E0
1.284313475E1,-1.485710400E0,-7.389613201E-1,-3.074577087E-1,1.687580952E0
1.285312075E1,-1.047682539E0,-6.002731124E-1,4.490532982E-1,1.288260601E0
1.286310775E1,-4.428921967E-1,-2.764559175E-1,8.931195062E-1,1.034525894E0
1.287309475E1,-2.092288163E-1,-2.801548661E-1,9.009740710E-1,9.664459236E-1
1.288308175E1,-2.483660945E-1,-4.323837635E-1,6.188617033E-1,7.947523159E-1
1.289306875E1,-3.294115184E-1,-5.382850251E-1,1.930434859E-1,6.599458342E-1
1.290305575E1,-3.843843722E-1,-6.564307947E-1,-4.195856702E-1,8.687375142E-1
1.291304275E1,-5.052299110E-1,-5.808191335E-1,-1.079977807E0,1.326257966E0
1.292302975E1,-5.453453187E-1,-3.059219375E-1,-1.503477604E0,1.628322650E0
1.293301575E1,-2.892985958E-1,-5.451329917E-2,-1.660918563E0,1.686806406E0
1.294300275E1,1.318533242E-1,1.276885718E-2,-1.407361658E0,1.413582392E0
1.295298975E1,5.167058757E-1,3.018230394E-2,-6.793324381E-1,8.540424433E-1
1.296297675E1,6.818824089E-1,-2.546740159E-2,1.562001801E-1,7.000076459E-1
1.297296375E1,5.805538527E-1,-1.744355991E-1,7.803308094E-1,9.881228295E-1
1.298295075E1,3.996586882E-1,-3.782742146E-1,1.126829792E0,1.254019071E0
1.299293775E1,2.860448395E-1,-6.137955295E-1,1.165034330E0,1.347542798E0
1.300292475E1,1.179547850E-2,-6.886062683E-1,9.930624551E-1,1.208507661E0
1.301291075E1,-6.479383718E-1,-5.690222298E-1,5.662256527E-1,1.031611323E0
1.302289775E1,-1.050905817E0,-4.135608454E-1,7.013852119E-2,1.131527737E0
1.303288475E1,-7.771269006E-1,-2.294744168E-1,-1.921874535E-1,8.327789292E-1
1.304287175E1,-3.248639926E-1,-2.551359460E-2,-2.620540792E-1,4.181625254E-1
1.305285875E1,-2.373230248E-1,-4.413551465E-2,-2.080643982E-1,3.186862964E-1
1.306284575E1,-4.163466782E-1,-1.257855955E-1,-1.556078571E-1,4.619311395E-1
1.307283275E1,-4.599288635E-1,-2.468711990E-1,-2.471746695E-1,5.775597507E-1
1.308281875E1,-1.817478347E-1,-3.757891479E-1,-2.912620908E-1,5.090023228E-1
1.309280575E1,8.709427714E-2,-3.953368284E-1,-5.786942554E-1,7.062320172E-1
1.310279275E1,-2.411331801E-1,-3.710983653E-1,-1.075646775E0,1.163131631E0
1.311277975E1,-3.386226372E-1,-2.618293999E-1,-1.302506463E0,1.371037203E0
1.312276675E1,7.624769211E-3,-1.680212036E-1,-1.714060398E0,1.722292748E0
1.313275375E1,4.513986895E-1,-1.689203592E-1,-2.014873331E0,2.071716535E0
1.314274075E1,9.661600737E-1,-2.096836384E-1,-1.916055386E0,2.156084590E0
1.315272775E1,1.216207188E0,-3.234625612E-1,-1.725841368E0,2.135957954E0
1.316271375E1,1.045632651E0,-5.439826982E-1,-1.479475368E0,1.891589856E0
1.317270075E1,7.478125428E-1,-6.210035384E-1,-1.323198005E0,1.641865389E0
1.318268775E1,2.724058436E-1,-5.071411465E-1,-1.419453700E0,1.531746027E0
1.319267475E1,-7.008777467E-1,-4.569911858E-1,-1.788031769E0,1.974114527E0
1.320266175E1,-1.455050964E0,-3.262206928E-1,-2.358065713E0,2.789994114E0
1.321264875E1,-1.583126329E0,-1.377248789E-1,-3.032580045E0,3.423711268E0
1.322263575E1,-1.284000025E0,-8.992827639E-2,-3.719085263E0,3.935522628E0
1.323262175E1,-5.323788987E-1,-1.427612320E-1,-4.020451342E0,4.058058287E0
1.324260875E1,4.614684720E-1,-1.152721556E-1,-3.903268463E0,3.932142611E0
1.325259575E1,1.027096320E0,-2.185714062E-1,-3.609852258E0,3.759485820E0
1.326258275E1,9.564791311E-1,-4.678855719E-1,-3.084570563E0,3.263180166E0
1.327256975E1,6.067511695E-1,-6.567474215E-1,-2.457469549E0,2.615075666E0
1.328255675E1,1.175131010E-1,-6.927307481E-1,-2.001104892E0,2.120873878E0
1.329254375E1,-4.985193539E-1,-6.198523678E-1,-1.847484503E0,2.011451589E0
1.330252975E1,-1.072674562E0,-4.710467228E-1,-1.870253561E0,2.206890145E0
1.331251675E1,-1.298549360E0,-3.854183426E-1,-2.130192118E0,2.524380359E0
1.332250375E1,-1.137272993E0,-3.169417463E-1,-2.612390943E0,2.866780139E0
1.333249075E1,-6.159076899E-1,-2.196627890E-1,-3.214136091E0,3.279979396E0
1.334247775E1,-1.101345726E-1,-1.306585188E-1,-3.738966381E0,3.742869337E0
1.335246475E1,2.155658642E-1,-1.094744951E-1,-3.852055040E0,3.859634871E0
1.336245175E1,1.627177059E-1,-2.189944522E-1,-3.654576441E0,3.664746183E0
1.337243775E1,2.057942167E-2,-3.797401115E-1,-3.298384529E0,3.320235920E0
1.338242475E1,-1.678456044E-1,-4.565424120E-1,-2.869499447E0,2.910434709E0
1.339241175E1,-3.816285429E-1,-4.638964552E-1,-2.539967330E0,2.610033391E0
1.340239875E1,-6.489289632E-1,-3.776818916E-1,-2.380802026E0,2.496391536E0
1.341238575E1,-7.051819552E-1,-2.839742674E-1,-2.336926274E0,2.457467678E0
1.342237275E1,-4.109070135E-1,-1.404824258E-1,-2.317441598E0,2.357777649E0
1.343235975E1,-3.605458952E-2,-1.646590546E-2,-2.423331165E0,2.423655296E0
1.344234575E1,2.835366764E-1,4.491158634E-2,-2.498773111E0,2.515209167E0
1.345233275E1,5.997750027E-1,9.053521737E-2,-2.505910222E0,2.578277084E0
1.346231975E1,7.669297220E-1,2.762575507E-2,-2.473012617E0,2.589350456E0
1.347230675E1,7.640655365E-1,-4.372694045E-2,-2.372524708E0,2.492906272E0
1.348229375E1,7.254983984E-1,1.005691856E-2,-2.252838051E0,2.366797066E0
1.349228075E1,6.009271965E-1,5.467833683E-2,-2.032785691E0,2.120452990E0
1.350226775E1,4.368237736E-1,6.552141353E-2,-1.723818816E0,1.779510993E0
1.351225375E1,3.366655742E-1,1.149635687E-1,-1.375681443E0,1.420936228E0
1.352224075E1,4.119098110E-1,1.942589758E-1,-1.082416681E0,1.174321980E0
1.353222775E1,4.899625386E-1,2.298077081E-1,-7.409878188E-1,9.175716972E-1
1.354221475E1,4.370502070E-1,1.790274176E-1,-3.979848862E-1,6.176209755E-1
1.355220175E1,2.479114187E-1,1.731427798E-1,-4.708996654E-2,3.060326104E-1
1.356218875E1,1.750665868E-1,2.275610617E-1,2.730064988E-1,3.961879541E-1
1.357217475E1,1.477285147E-1,2.353134464E-1,5.411808586E-1,6.083361356E-1
1.358216175E1,5.879225504E-2,2.286452816E-1,8.154117644E-1,8.489001941E-1
1.359214875E1,2.865190487E-2,2.159616476E-1,1.110681537E0,1.131845326E0
1.360213575E1,-1.014875639E-1,2.163057563E-1,1.353248600E0,1.374179639E0
1.361212275E1,-2.283730207E-1,2.663959292E-1,1.442364845E0,1.484431667E0
1.362210975E1,-3.819803260E-1,3.619783169E-1,1.305440011E0,1.407519412E0
1.363209675E1,-4.027282937E-1,4.406527497E-1,1.105707895E0,1.256564711E0
1.364208275E1,-2.618168284E-1,5.283304328E-1,8.596196383E-1,1.042414035E0
1.365206975E1,-1.028798591E-1,5.535904044E-1,7.196098137E-1,9.137203539E-1
1.366205675E1,1.798964600E-1,4.790819666E-1,7.429910749E-1,9.021740433E-1
1.367204375E1,4.207529572E-1,4.410927527E-1,7.202535921E-1,9.435894788E-1
1.368203058E1,4.696130221E-1,4.038012578E-1,7.402651030E-1,9.651861318E-1
1.369201758E1,3.615147423E-1,3.499308600E-1,8.149030566E-1,9.577115993E-1
1.370200358E1,2.722844408E-1,3.673956160E-1,8.221840096E-1,9.408001387E-1
1.371199058E1,1.179940344E-1,3.673352435E-1,6.374564338E-1,7.451231296E-1
1.372197758E1,-2.349480685E-2,3.557714975E-1,4.098635048E-1,5.432434601E-1
1.373196458E1,-1.098560259E-1,3.889236023E-1,1.207292157E-1,4.217884047E-1
1.374195158E1,-1.174393164E-1,3.975576009E-1,-1.899391991E-1,4.559834848E-1
1.375193858E1,-5.440247616E-2,3.533413947E-1,-4.462296778E-1,5.717785375E-1
1.376192458E1,4.336455926E-2,2.442661183E-1,-6.676327443E-1,7.122358477E-1
1.377191158E1,1.850393603E-1,1.220101945E-1,-8.705621177E-1,8.983342658E-1
1.378189858E1,2.287351460E-1,2.924850360E-2,-1.075412301E0,1.099857654E0
1.379188558E1,1.031992998E-1,-5.397170082E-2,-1.366004301E0,1.370959807E0
1.380187258E1,-6.966566417E-2,-8.752916381E-2,-1.730599247E0,1.734211179E0
1.381185958E1,-2.666249207E-1,-7.629271567E-2,-2.203728456E0,2.221109753E0
1.382184658E1,-4.664914495E-1,-7.546723500E-2,-2.700285119E0,2.741322546E0
1.383183258E1,-5.180086353E-1,-9.177555799E-2,-3.244394848E0,3.286769482E0
1.384181958E1,-4.616553636E-1,-1.042000142E-1,-3.730306655E0,3.760208911E0
1.385180658E1,-3.920368060E-1,-1.982394679E-1,-4.158245657E0,4.181387173E0
1.386179358E1,-3.305445626E-1,-2.923761316E-1,-4.463895407E0,4.485655550E0
1.387178058E1,-2.932695496E-1,-3.577152582E-1,-4.598073803E0,4.621282282E0
1.388176758E1,-3.320294996E-1,-5.168429929E-1,-4.404214631E0,4.446850209E0
1.389175358E1,-3.220867479E-1,-6.528920598E-1,-3.935954983E0,4.002717770E0
1.390174058E1,-2.669598931E-1,-7.235164846E-1,-3.485509463E0,3.569806704E0
1.391172758E1,-3.247625800E-1,-8.910262030E-1,-3.177874584E0,3.316366279E0
1.392171458E1,-3.723438223E-1,-9.741861811E-1,-3.088273020E0,3.259617905E0
1.393170158E1,-2.936950076E-1,-9.626091327E-1,-3.084148394E0,3.244201661E0
1.394168858E1,-2.636744888E-1,-9.683206929E-1,-3.237782232E0,3.389749693E0
1.395167458E1,-3.433986430E-1,-9.955868442E-1,-3.568315392E0,3.720482567E0
1.396166158E1,-3.402293790E-1,-9.594880351E-1,-3.925310127E0,4.055173599E0
1.397164858E1,-1.562401238E-1,-8.923394877E-1,-4.205530336E0,4.301995600E0
1.398163558E1,5.469674642E-2,-9.242302018E-1,-4.348240405E0,4.445715670E0
1.399162258E1,7.635563719E-2,-1.034460742E0,-4.380098959E0,4.501244950E0
1.400160958E1,-3.979052179E-2,-1.048593170E0,-4.449204862E0,4.571274967E0
1.401159558E1,-2.206876780E-1,-1.147050926E0,-4.123513196E0,4.285765971E0
1.402158258E1,-3.265217879E-1,-1.205045365E0,-3.591731737E0,3.802537005E0
1.403156958E1,-5.718184414E-1,-1.176091707E0,-3.149786314E0,3.410472380E0
1.404155658E1,-7.672280762E-1,-1.037580085E0,-2.774475760E0,3.059890047E0
1.405154358E1,-5.353867795E-1,-7.775855416E-1,-2.620705683E0,2.785565752E0
1.406152958E1,-1.327488436E-1,-7.861749552E-1,-2.638050279E0,2.755903226E0
1.407151658E1,4.085409011E-1,-8.117610553E-1,-2.508193560E0,2.667751227E0
1.408150358E1,8.720821014E-1,-8.028588156E-1,-2.469378573E0,2.739149504E0
1.409149058E1,8.303671879E-1,-8.390788083E-1,-2.315172293E0,2.598766180E0
1.410147758E1,5.905173254E-1,-7.939412270E-1,-2.096392288E0,2.318170401E0
1.411146458E1,2.773846929E-1,-6.806582943E-1,-1.821816981E0,1.964498687E0
1.412145058E1,5.608884970E-2,-4.767055120E-1,-1.523218389E0,1.597056155E0
1.413143758E1,-2.754729457E-1,-2.205961508E-1,-1.532198542E0,1.572316882E0
1.414142458E1,-6.844888052E-1,6.252646968E-2,-1.924612786E0,2.043665545E0
1.415141158E1,-9.387868452E-1,5.039656699E-2,-2.181120197E0,2.375109654E0
1.416139858E1,-5.940774757E-1,1.264629954E-1,-1.961169578E0,2.053072588E0
1.417138558E1,2.649075570E-2,1.602696960E-1,-1.522918426E0,1.531557596E0
1.418137158E1,5.391039276E-1,-1.034618032E-1,-7.595088744E-1,9.371185196E-1
1.419135858E1,1.058827186E0,-1.132086731E-1,1.201287067E-1,1.071616592E0
1.420134558E1,1.002889140E0,2.669283181E-2,6.794470435E-1,1.211671333E0
1.421133258E1,3.623026912E-1,2.393357460E-1,1.022092127E0,1.110503109E0
1.422131958E1,-4.061124063E-1,5.989102726E-1,1.221519018E0,1.419763893E0
1.423130658E1,-9.692446992E-1,9.010038918E-1,1.203535321E0,1.788781868E0
1.424129258E1,-1.206643701E0,9.376887381E-1,1.067724382E0,1.864211508E0
1.425127958E1,-7.377484614E-1,7.501660471E-1,1.062651923E0,1.495409977E0
1.426126658E1,3.730999403E-1,4.579015973E-1,1.354760690E0,1.477922179E0
1.427125358E1,1.532602877E0,2.145575850E-1,1.684512663E0,2.287463540E0
1.428124058E1,2.095043774E0,-1.371990681E-2,1.894446416E0,2.824592691E0
1.429122758E1,2.137413721E0,-4.765393049E-2,2.290745550E0,3.133420413E0
1.430121358E1,1.531673170E0,-3.576405600E-2,2.599342296E0,3.017264016E0
1.431120058E1,4.775525542E-1,-2.180238144E-1,2.989443381E0,3.035187401E0
1.432118758E1,2.567900502E-1,-9.209920138E-2,4.187737259E0,4.196613723E0
1.433117458E1,6.216298483E-1,3.897942527E-1,5.306792593E0,5.357276440E0
1.434116158E1,8.078520454E-1,8.909462424E-1,6.431716778E0,6.543194238E0
1.435114758E1,9.454642924E-1,1.183140526E0,7.489004465E0,7.640609407E0
1.436113458E1,7.879337977E-1,1.036029404E0,8.103791243E0,8.207656737E0
1.437112158E1,6.647911437E-1,7.503686531E-1,8.903253558E0,8.959515851E0
1.438110858E1,3.384089946E-1,8.813649948E-1,9.432299690E0,9.479430486E0
1.439109558E1,4.581469246E-1,7.723889749E-1,9.454119160E0,9.496675861E0
1.440108258E1,-5.590160358E-1,1.555068611E0,8.620008000E0,8.776974150E0
1.441106858E1,-6.834939015E-1,2.529551684E0,7.518412451E0,7.961929504E0
1.442105558E1,-6.787464009E-1,3.435650255E0,7.327655227E0,8.121509741E0
1.443104258E1,2.020125848E-1,4.124787889E0,7.776458849E0,8.804998378E0
1.444102958E1,1.366960175E0,4.189857459E0,9.015801934E0,1.003534604E1
1.445101658E1,2.066665628E0,3.762015813E0,1.101948252E1,1.182594034E1
1.446100258E1,2.152965122E0,3.930577884E0,1.098304735E1,1.186221019E1
1.447098958E1,2.230501687E0,4.096382993E0,1.095088065E1,1.190282649E1
1.448097658E1,2.275640584E0,4.232243341E0,1.092686263E1,1.193678142E1
1.449096358E1,2.276411978E0,4.318695593E0,1.091220483E1,1.195447186E1
1.450095058E1,2.228607920E0,4.348724554E0,1.090661021E1,1.195124449E1
1.451093758E1,2.145034544E0,4.330916567E0,1.090888361E1,1.193154446E1
1.452092358E1,-1.679879329E0,2.471641445E-1,7.555375040E0,7.743821839E0
1.453091058E1,-1.576166827E0,3.270008576E-1,5.333355909E0,5.570988842E0
1.454089758E1,-1.062024590E0,4.880529110E-1,2.956104897E0,3.178780904E0
1.455088458E1,-2.112858485E-1,5.065081854E-1,1.250375612E0,1.365515076E0
1.456087158E1,7.242647090E-1,5.459685588E-1,1.485128456E-1,9.190740455E-1
1.457085758E1,1.264433926E0,6.350698927E-1,-7.054577976E-1,1.581068508E0
1.458084458E1,1.207326071E0,3.643411767E-1,-1.038740904E0,1.633818656E0
1.459083158E1,5.084569893E-1,-2.039070278E-3,-8.473545188E-1,9.882015727E-1
1.460081858E1,-1.605805486E-1,-1.464413233E-1,-3.727062035E-1,4.314407119E-1
1.461080558E1,-5.352446191E-1,-1.087789688E-1,2.462654275E-1,5.991379867E-1
1.462079258E1,-5.025173876E-1,-9.556879297E-2,6.750253791E-1,8.469453238E-1
1.463077858E1,-1.208629708E-1,-1.208808048E-1,9.036661291E-1,9.196915241E-1
1.464076558E1,2.178211353E-1,-2.319163603E-1,1.021181130E0,1.069599059E0
1.465075258E1,5.274955966E-1,-4.861084194E-1,9.996236157E-1,1.230365951E0
1.466073958E1,7.613706279E-1,-7.440008891E-1,9.333354861E-1,1.415746335E0
1.467072658E1,7.684628619E-1,-8.387691982E-1,9.394774014E-1,1.475359863E0
1.468071296E1,6.098724863E-1,-8.237943327E-1,6.873542333E-1,1.234114012E0
1.469069996E1,1.352030479E-1,-7.774124640E-1,4.238026822E-1,8.956889621E-1
1.470068696E1,-2.499614525E-1,-7.015990739E-1,1.992409497E-1,7.709856965E-1
1.471067396E1,-2.861883887E-1,-6.467950219E-1,-1.149340403E-1,7.165594377E-1
1.472066096E1,-3.198885237E-1,-6.278599834E-1,-4.186507004E-1,8.196372584E-1
1.473064696E1,-4.287553469E-1,-7.613073318E-1,-4.220040786E-1,9.703130646E-1
1.474063396E1,-5.351690438E-1,-9.225286621E-1,-2.445340669E-1,1.094194657E0
1.475062096E1,-5.535293010E-1,-9.351168403E-1,-2.598426622E-1,1.117298707E0
1.476060796E1,-5.853635895E-1,-7.049502593E-1,-4.184121341E-1,1.007310336E0
1.477059496E1,-8.090021928E-1,-4.631778324E-1,-8.003978688E-1,1.228680186E0
1.478058196E1,-1.028169723E0,-1.554800954E-1,-1.484419774E0,1.812404233E0
1.479056796E1,-9.962575199E-1,1.027725627E-1,-2.187627563E0,2.405993682E0
1.480055496E1,-8.528322635E-1,1.648938203E-1,-2.650225936E0,2.788944308E0
1.481054196E1,-5.604307696E-1,1.250472383E-1,-2.774043651E0,2.832849738E0
1.482052896E1,-1.966540685E-1,-5.494058445E-2,-2.413227176E0,2.421849850E0
1.483051596E1,1.114077307E-2,-2.788616082E-1,-1.888534296E0,1.909044185E0
1.484050196E1,-7.650584668E-2,-2.534320673E-1,-1.600148451E0,1.621898894E0
1.485048896E1,-8.509306759E-1,-8.412608430E-2,-1.589903544E0,1.805257182E0
1.486047596E1,-1.831631240E0,1.277161999E-1,-1.824485065E0,2.588422334E0
1.487046296E1,-2.025641124E0,3.305564032E-1,-2.626674521E0,3.333452945E0
1.488044996E1,-1.329700547E0,3.627847941E-1,-3.584781736E0,3.840621883E0
1.489043596E1,-8.985255495E-2,3.310203798E-1,-4.191217521E0,4.205229160E0
1.490042296E1,1.037547341E0,1.429597449E-1,-4.100335418E0,4.231984465E0
1.491040996E1,1.235124612E0,-1.731819561E-1,-3.320357780E0,3.546871944E0
1.492039696E1,6.557218198E-1,-3.871796702E-1,-2.027726095E0,2.165999150E0
1.493038396E1,-3.543508434E-1,-3.574823197E-1,-8.597979784E-1,9.962984958E-1
1.494037096E1,-1.263023139E0,-2.646643493E-1,-1.816267973E-1,1.303174187E0
1.495035696E1,-2.113219112E0,-6.444399096E-2,-1.818869984E-1,2.122011057E0
1.496034396E1,-2.799195742E0,2.313106618E-1,-7.402516544E-1,2.904646955E0
1.497033096E1,-2.290326743E0,4.202176812E-1,-1.672389046E0,2.866891105E0
1.498031796E1,-1.092077743E0,4.224692246E-1,-2.730875412E0,2.971328753E0
1.499030496E1,2.027177042E-1,3.883187809E-1,-3.760250831E0,3.785679893E0
1.500029096E1,1.171780993E0,2.954619996E-1,-4.467286207E0,4.627852045E0
1.501027796E1,1.484257952E0,1.920442698E-1,-4.581426196E0,4.819685535E0
1.502026496E1,1.182451797E0,8.040308900E-2,-4.302866011E0,4.463105737E0
1.503025196E1,4.972089198E-1,6.024020836E-3,-3.842224116E0,3.874266274E0
1.504023896E1,-4.606206988E-1,4.905126885E-2,-3.339324394E0,3.371300174E0
1.505022496E1,-1.497562707E0,2.740289576E-1,-2.971585400E0,3.338877913E0
1.506021196E1,-1.794607255E0,3.750065712E-1,-2.674690102E0,3.242716804E0
1.507019896E1,-1.334306545E0,2.980078042E-1,-2.608689655E0,2.945240962E0
1.508018596E1,-6.722980915E-1,2.140226378E-1,-2.729021845E0,2.818749837E0
1.509017296E1,1.919904023E-2,1.668359730E-1,-3.052502679E0,3.057118815E0
1.510015896E1,5.712389092E-1,1.434959346E-1,-3.341867348E0,3.393373299E0
1.511014596E1,8.346015953E-1,1.243417718E-1,-3.452053449E0,3.553687341E0
1.512013296E1,7.179543208E-1,4.836370938E-2,-3.313367434E0,3.390604844E0
1.513011996E1,1.259480019E-1,1.512842797E-2,-2.896466805E0,2.899243302E0
1.514010696E1,-6.369126427E-1,3.790983796E-2,-2.369665419E0,2.454059712E0
1.515009296E1,-1.219392678E0,1.554235236E-1,-2.017685257E0,2.362652909E0
1.516007996E1,-1.487396299E0,2.704195444E-1,-1.841420356E0,2.382499404E0
1.517006696E1,-1.417946141E0,3.096682486E-1,-1.960684260E0,2.439415596E0
1.518005396E1,-1.038803323E0,3.741483461E-1,-2.230146761E0,2.488504351E0
1.519004096E1,-4.159972340E-1,4.142767639E-1,-2.401868375E0,2.472579751E0
1.520002796E1,1.064871526E-1,3.804542758E-1,-2.408986191E0,2.441167638E0
1.521001396E1,3.143932374E-1,1.932559591E-1,-2.223581507E0,2.253997714E0
1.522000096E1,2.723983884E-1,6.451963931E-3,-1.897650105E0,1.917112003E0
1.522998796E1,8.947424009E-2,-8.369580232E-2,-1.549693996E0,1.554529546E0
1.523997496E1,-2.287699735E-1,-9.974063516E-2,-1.241547486E0,1.266382270E0
1.524996196E1,-3.149377593E-1,-1.243468881E-2,-9.843764162E-1,1.033604055E0
1.525994796E1,-2.006941290E-1,1.276030563E-1,-7.469227427E-1,7.838713268E-1
1.526993496E1,3.695147932E-3,1.725775733E-1,-5.030745542E-1,5.318652837E-1
1.527992196E1,1.768120538E-1,1.322734467E-1,-2.000443572E-1,2.979538755E-1
1.528990896E1,2.705698179E-1,7.050090238E-2,8.252233922E-2,2.915275974E-1
1.529989596E1,2.110062785E-1,3.792708725E-2,3.558890265E-1,4.154745633E-1
1.530988196E1,1.066894662E-1,9.196003765E-2,6.232266498E-1,6.389450271E-1
1.531986896E1,3.004935287E-2,1.443237542E-1,8.614252585E-1,8.739483884E-1
1.532985596E1,3.278679997E-3,1.117412413E-1,1.010028151E0,1.016195710E0
1.533984296E1,1.167305973E-1,5.743705317E-2,1.112080775E0,1.119664547E0
1.534982996E1,3.567006931E-1,-3.520235784E-2,1.170350034E0,1.224007268E0
1.535981596E1,5.310042183E-1,-1.321722899E-1,1.238339118E0,1.353853303E0
1.536980296E1,6.050444403E-1,-1.894757342E-1,1.511036299E0,1.638661200E0
1.537978996E1,6.452279681E-1,-2.055305804E-1,1.853048129E0,1.972903778E0
1.538977696E1,6.516979853E-1,-2.548557913E-1,2.161472383E0,2.271920905E0
1.539976396E1,6.260689813E-1,-3.452821042E-1,2.386432895E0,2.491233442E0
1.540974996E1,5.152547430E-1,-3.699448559E-1,2.520163980E0,2.598763770E0
1.541973696E1,4.361926398E-1,-3.566602743E-1,2.562494897E0,2.623709334E0
1.542972396E1,4.201415212E-1,-3.319069639E-1,2.506805431E0,2.563348318E0
1.543971096E1,4.154468648E-1,-2.760732172E-1,2.327713986E0,2.380559791E0
1.544969796E1,3.534418937E-1,-1.805044243E-1,2.074526625E0,2.112146713E0
1.545968396E1,2.853452933E-1,-7.949289680E-4,1.794951364E0,1.817490844E0
1.546967096E1,1.929787280E-1,1.686660784E-1,1.478300078E0,1.500353344E0
1.547965796E1,5.090578638E-2,2.724494053E-1,1.135097755E0,1.168446401E0
1.548964496E1,-1.280701757E-1,4.013932282E-1,7.985934180E-1,9.029229983E-1
1.549963196E1,-2.729288039E-1,5.221350885E-1,4.809030819E-1,7.605149288E-1
1.550961796E1,-3.604670309E-1,6.158087989E-1,1.272336584E-1,7.248071199E-1
1.551960496E1,-4.294255109E-1,6.437120043E-1,-2.415946716E-1,8.106413506E-1
1.552959196E1,-4.131899858E-1,6.714683716E-1,-5.895712459E-1,9.844744752E-1
1.553957896E1,-3.523536538E-1,6.250941043E-1,-8.405799347E-1,1.105201503E0
1.554956596E1,-2.931590737E-1,5.408884247E-1,-9.676960641E-1,1.146707549E0
1.555955196E1,-1.835851760E-1,4.085518281E-1,-1.010687132E0,1.105489300E0
1.556953896E1,-1.308021411E-1,2.838543995E-1,-1.050901358E0,1.096392350E0
1.557952596E1,-1.921757591E-1,1.523272037E-1,-1.132392833E0,1.158640854E0
1.558951296E1,-2.846450527E-1,2.208888039E-2,-1.237035189E0,1.269553774E0
1.559949996E1,-3.675049955E-1,-4.137847938E-2,-1.456916810E0,1.503122980E0
1.560948596E1,-4.218190873E-1,-8.377393574E-2,-1.903905457E0,1.951872281E0
1.561947296E1,-4.620774960E-1,-1.414517480E-1,-2.357706109E0,2.406720239E0
1.562945996E1,-5.420639344E-1,-1.580615681E-1,-2.974551693E0,3.027668169E0
1.563944696E1,-6.261948426E-1,-1.076037515E-1,-3.456816006E0,3.514722670E0
1.564943396E1,-5.424120995E-1,-5.098172709E-2,-3.825841388E0,3.864436873E0
1.565941996E1,-4.370721706E-1,-3.458255298E-2,-4.173979345E0,4.196943127E0
1.566940696E1,-2.636744523E-1,-3.308296144E-2,-4.379980261E0,4.388034387E0
1.567939346E1,-8.270882886E-2,-1.062543603E-1,-4.421720025E0,4.423769741E0
1.568938046E1,8.773564361E-3,-2.221684670E-1,-4.269097756E0,4.274883794E0
1.569936746E1,8.226937406E-2,-3.175258832E-1,-4.048778763E0,4.062043871E0
1.570935346E1,8.403950896E-2,-4.204348321E-1,-3.862822688E0,3.886544378E0
1.571934046E1,4.013609223E-2,-4.984915066E-1,-3.753846375E0,3.787012978E0
1.572932746E1,1.661632508E-2,-4.740613279E-1,-3.718260221E0,3.748395565E0
1.573931446E1,6.679248858E-2,-3.989196367E-1,-3.851862667E0,3.873040681E0
1.574930146E1,1.106327919E-1,-4.294487536E-1,-4.066588798E0,4.090698021E0
1.575928746E1,2.163182547E-1,-4.307713207E-1,-4.341594459E0,4.368271966E0
1.576927446E1,3.928016584E-1,-4.543101644E-1,-4.586762365E0,4.625913948E0
1.577926146E1,4.977073584E-1,-5.985579047E-1,-4.577364720E0,4.643086469E0
1.578924846E1,5.382499052E-1,-7.602415305E-1,-4.335950142E0,4.434878102E0
1.579923546E1,5.024366230E-1,-7.239855044E-1,-4.142773340E0,4.235465561E0
1.580922146E1,3.746378312E-1,-6.346118364E-1,-4.116099511E0,4.181550057E0
1.581920846E1,2.750527685E-1,-5.979652163E-1,-4.188365250E0,4.239766490E0
1.582919546E1,3.492892377E-1,-4.235674779E-1,-4.407260445E0,4.441323791E0
1.583918246E1,4.274149458E-1,-2.263837248E-1,-4.652858706E0,4.677929805E0
1.584916946E1,4.411267396E-1,-9.408140749E-2,-4.753600969E0,4.774951966E0
1.585915546E1,6.709720161E-1,-7.136614412E-2,-4.508834767E0,4.559044585E0
1.586914246E1,8.969847351E-1,-1.686581115E-1,-4.135065540E0,4.234594927E0
1.587912946E1,1.027145583E0,-4.062407161E-1,-3.555292473E0,3.722924138E0
1.588911646E1,1.006310638E0,-7.162270533E-1,-2.857075283E0,3.112638987E0
1.589910346E1,8.127319124E-1,-9.554138415E-1,-2.127550346E0,2.469781214E0
1.590908946E1,4.265831428E-1,-1.074186579E0,-1.531891564E0,1.918994983E0
1.591907646E1,-1.263903803E-1,-1.025038246E0,-1.126678934E0,1.528425122E0
1.592906346E1,-5.275454441E-1,-7.550585586E-1,-1.008641776E0,1.365934060E0
1.593905046E1,-5.849315534E-1,-4.863673049E-1,-9.711979616E-1,1.233662660E0
1.594903746E1,-4.038503378E-1,-2.857380800E-1,-9.535791314E-1,1.074269289E0
1.595902346E1,2.788380001E-2,-1.758636354E-1,-7.103454852E-1,7.323224924E-1
1.596901046E1,3.693565529E-1,-2.039254466E-1,-1.188604456E-1,4.383350961E-1
1.597899746E1,5.260622978E-1,-4.836470340E-1,1.003806129E0,1.232186163E0
1.598898446E1,5.194292895E-1,-6.656537542E-1,2.020122961E0,2.189474477E0
1.599897146E1,1.046304423E-1,-6.155609500E-1,2.472351297E0,2.549977206E0
1.600895746E1,-4.337002641E-1,-3.480907412E-1,2.249057826E0,2.316791788E0
1.601894446E1,-5.826732491E-1,-1.033027589E-2,1.616224785E0,1.718079564E0
1.602893146E1,-1.479588220E-1,3.240985921E-1,8.841212261E-1,9.532061964E-1
1.603891846E1,5.307560040E-1,5.822743593E-1,4.224151379E-1,8.939686315E-1
1.604890546E1,1.235183084E0,7.120036094E-1,6.518440926E-1,1.567650188E0
1.605889146E1,1.634157611E0,5.623432477E-1,1.812983592E0,2.504717655E0
1.606887846E1,1.470166016E0,2.735817187E-1,3.383406553E0,3.699145168E0
1.607886546E1,1.028233019E0,5.079856306E-2,4.904931588E0,5.011805814E0
1.608885246E1,3.709539391E-1,-8.246942192E-2,5.952665509E0,5.964782871E0
1.609883946E1,-1.279666069E-1,3.093352497E-2,6.391306086E0,6.392661872E0
1.610882546E1,-6.056803981E-1,3.180394149E-1,6.284289175E0,6.321415051E0
1.611881246E1,-7.884632631E-1,7.069560005E-1,5.677081558E0,5.775007889E0
1.612879946E1,-5.584844508E-1,1.118787532E0,5.010103117E0,5.163789661E0
1.613878646E1,-3.602916875E-1,1.403775853E0,4.540466450E0,4.766154879E0
1.614877346E1,-2.041377370E-1,1.618038007E0,4.444735835E0,4.734490031E0
1.615875946E1,9.513734154E-2,1.515975443E0,4.495871490E0,4.745534018E0
1.616874646E1,4.689359145E-1,1.204453042E0,4.454592487E0,4.638318903E0
1.617873346E1,1.076226819E0,8.155819184E-1,4.422538050E0,4.624097840E0
1.618872046E1,1.750493229E0,7.547182506E-1,4.825296603E0,5.188189809E0
1.619870746E1,2.709565527E0,1.182281570E0,5.819755958E0,6.527564206E0
1.620869346E1,3.079195510E0,1.640801802E0,6.962902406E0,7.788176003E0
1.621868046E1,2.749121064E0,2.143268538E0,7.988747860E0,8.716155060E0
1.622866746E1,1.874532554E0,2.649655833E0,8.616058205E0,9.207117210E0
1.623865446E1,6.376088268E-1,3.245348236E0,8.767546114E0,9.370629384E0
1.624864146E1,-3.627826014E-1,3.618364927E0,8.960942187E0,9.670711496E0
1.625862746E1,-1.286521199E0,3.497474036E0,8.892254945E0,9.641558973E0
1.626861446E1,-1.800131266E0,2.828076309E0,8.716476533E0,9.338921315E0
1.627860146E1,-1.381245946E0,1.883439471E0,8.834570993E0,9.138097682E0
1.628858846E1,-6.060624040E-1,9.790536958E-1,9.125630770E0,9.197988624E0
1.629857546E1,5.866467610E-2,2.646435186E-1,9.239545056E0,9.243520465E0
1.630856146E1,2.379211949E-1,-2.223210794E-1,8.952939688E0,8.958859426E0
1.631854846E1,-1.008257322E-2,-3.311805935E-1,8.403268088E0,8.409797667E0
1.632853546E1,2.066995119E-1,-1.480351281E-1,7.651668157E0,7.655890848E0
1.633852246E1,3.247057524E-1,8.193089336E-2,6.430361393E0,6.439075566E0
1.634850946E1,2.600489958E-1,5.604680456E-1,5.072488815E0,5.109979715E0
1.635849546E1,-8.011131294E-2,1.030589008E0,3.419635901E0,3.572455909E0
1.636848246E1,-6.758421620E-1,1.074913095E0,2.313328081E0,2.638879990E0
1.637846946E1,-1.078421059E0,9.002707972E-1,1.877001833E0,2.344486163E0
1.638845646E1,-1.197466642E0,6.064544964E-1,1.736618956E0,2.194893805E0
1.639844346E1,-7.543906604E-1,2.264350341E-1,1.992576143E0,2.142600705E0
1.640843046E1,-3.456680205E-2,1.021184054E-1,2.459711956E0,2.462073504E0
1.641841646E1,4.041902072E-1,5.788158774E-2,2.652270123E0,2.683515755E0
1.642840346E1,4.367076333E-1,1.046553661E-1,2.723644161E0,2.760417326E0
1.643839046E1,3.423605429E-1,2.090802057E-1,2.622570945E0,2.653074374E0
1.644837746E1,4.156108792E-1,2.407313302E-1,2.298603623E0,2.348246706E0
1.645836446E1,4.610104157E-1,7.124554530E-2,1.893958173E0,1.950559944E0
1.646835046E1,4.953743925E-1,-1.410522370E-1,1.449435883E0,1.538231420E0
1.647833746E1,4.694790843E-1,-3.931767207E-1,1.284194738E0,1.422727897E0
1.648832446E1,3.758605570E-1,-5.383350188E-1,1.154439760E0,1.328083924E0
1.649831146E1,7.237361938E-2,-5.453546011E-1,8.457558900E-1,1.008936374E0
1.650829846E1,-3.567582882E-1,-4.867789489E-1,5.661455458E-1,8.274968280E-1
1.651828446E1,-6.197922876E-1,-3.583325779E-1,1.985141408E-1,7.429351118E-1
1.652827146E1,-4.634800603E-1,-2.427806331E-1,-3.090838194E-2,5.241293068E-1
1.653825846E1,8.668606840E-2,-1.978115979E-1,-1.083120686E-1,2.416100307E-1
1.654824546E1,5.466088289E-1,-2.134391588E-1,-2.993429428E-1,6.587440199E-1
1.655823246E1,4.244767930E-1,-3.350931117E-1,-7.270474720E-1,9.061269049E-1
1.656821846E1,8.336594626E-2,-3.781021602E-1,-9.214586216E-1,9.994984322E-1
1.657820546E1,-3.553189230E-1,-3.501692802E-1,-9.095338100E-1,1.037362913E0
1.658819246E1,-7.366578826E-1,-4.021115586E-1,-9.572283787E-1,1.273045447E0
1.659817946E1,-8.547616985E-1,-4.410410048E-1,-9.243360364E-1,1.333990944E0
1.660816646E1,-9.501011344E-1,-4.486226508E-1,-8.821238172E-1,1.371895359E0
1.661815346E1,-8.066682035E-1,-3.327280591E-1,-9.005799687E-1,1.253979997E0
1.662813946E1,-5.506796604E-1,-2.023325188E-1,-1.020970046E0,1.177525529E0
1.663812646E1,-1.816018005E-1,-2.096875852E-1,-1.119361144E0,1.153220476E0
1.664811346E1,3.359482670E-1,-2.029536393E-1,-1.046875550E0,1.118033915E0
1.665810046E1,6.186395822E-1,-1.904701263E-1,-1.207144223E0,1.369741208E0
1.666808746E1,5.240757063E-1,-3.131806710E-1,-1.428297613E0,1.553309870E0
1.667807346E1,3.317489429E-1,-3.151330563E-1,-1.560657526E0,1.626351166E0
1.668806096E1,2.382943569E-1,-2.832962827E-1,-1.558531478E0,1.601893053E0
1.669804796E1,1.831207609E-1,-2.948265535E-1,-1.484807444E0,1.524830829E0
1.670803496E1,-3.974600986E-2,-2.530186692E-1,-1.432412299E0,1.455129955E0
1.671802196E1,-3.372828940E-1,-2.074793842E-1,-1.392082298E0,1.447308043E0
1.672800796E1,-3.051638460E-1,-5.303293034E-2,-1.503431996E0,1.535006589E0
1.673799496E1,-2.537634583E-1,1.785505772E-2,-1.866604314E0,1.883859432E0
1.674798196E1,-7.347333446E-2,1.062994570E-2,-2.373433950E0,2.374594711E0
1.675796896E1,2.008282495E-1,-4.606582671E-3,-3.131305604E0,3.137742499E0
1.676795596E1,4.591982174E-1,-5.892853171E-2,-3.973809857E0,4.000687486E0
1.677794296E1,5.937506895E-1,-1.233090073E-1,-4.801210168E0,4.839355749E0
1.678792896E1,3.176086944E-1,-2.452521050E-1,-5.461667794E0,5.476389227E0
1.679791596E1,-1.968470266E-1,-1.733152726E-1,-5.636176191E0,5.642275161E0
1.680790296E1,-6.150118234E-1,1.707474679E-2,-5.468690300E0,5.503190410E0
1.681788996E1,-8.195000645E-1,-3.424392611E-2,-5.125378050E0,5.190592756E0
1.682787696E1,-7.677313752E-1,-1.298884405E-1,-4.653451613E0,4.718145228E0
1.683786296E1,-6.157332236E-1,-2.426652968E-1,-4.108116893E0,4.161086187E0
1.684784996E1,-6.821716999E-1,-3.634075226E-1,-3.505161955E0,3.589370918E0
1.685783696E1,-6.083564495E-1,-2.960343689E-1,-2.996622008E0,3.072047750E0
1.686782396E1,-3.463468822E-1,-2.482781122E-1,-2.731684667E0,2.764724092E0
1.687781096E1,-9.556718498E-2,-3.165667205E-1,-2.707530404E0,2.727648889E0
1.688779796E1,1.240310653E-1,-3.104979685E-1,-2.774166443E0,2.794242678E0
1.689778396E1,2.731747524E-1,-2.608148349E-1,-3.062290918E0,3.085494205E0
1.690777096E1,2.980262960E-1,-1.736346037E-1,-3.598736701E0,3.615228138E0
1.691775796E1,1.366036022E-1,-1.226204976E-1,-4.010933245E0,4.015131607E0
1.692774496E1,-1.610323191E-3,1.385882934E-1,-4.171977843E0,4.174279391E0
1.693773196E1,-8.581753761E-2,3.834819641E-1,-4.118284031E0,4.136990020E0
1.694771796E1,-2.112900878E-1,5.143173612E-1,-3.883546974E0,3.923149621E0
1.695770496E1,-2.097498581E-1,6.013058768E-1,-3.601350406E0,3.657224154E0
1.696769196E1,-1.378264012E-1,6.253135210E-1,-3.355182043E0,3.415737059E0
1.697767896E1,-1.254199252E-1,4.945931679E-1,-3.106092995E0,3.147723980E0
1.698766596E1,-9.360931791E-2,3.904237054E-1,-2.798009634E0,2.826667877E0
1.699765196E1,-2.095943952E-1,3.672495818E-1,-2.377237564E0,2.414551822E0
1.700763896E1,-3.909438153E-1,3.259968907E-1,-1.923742720E0,1.989949018E0
1.701762596E1,-4.650158315E-1,3.936713952E-1,-1.555827141E0,1.670872521E0
1.702761296E1,-4.000313386E-1,5.430021201E-1,-1.368565966E0,1.525729065E0
1.703759996E1,-3.186484755E-1,6.847120227E-1,-1.421478006E0,1.609648137E0
1.704758696E1,-2.394209692E-1,8.617948025E-1,-1.492574301E0,1.740054805E0
1.705757296E1,-9.080177732E-2,9.684711125E-1,-1.275048523E0,1.603723790E0
1.706755996E1,1.301656716E-1,1.002410983E0,-8.329306072E-1,1.309787875E0
1.707754696E1,1.469614331E-1,7.995587933E-1,-2.278139538E-1,8.442695804E-1
1.708753396E1,1.285246506E-1,4.259629360E-1,4.492176050E-1,6.322653440E-1
1.709752096E1,2.123827862E-1,2.167054135E-1,1.009156916E0,1.053786205E0
1.710750696E1,1.792258575E-1,4.874896780E-2,1.349498781E0,1.362220735E0
1.711749396E1,5.963231720E-2,-5.582994595E-2,1.466481686E0,1.468755095E0
1.712748096E1,-1.260986408E-1,-5.977974012E-2,1.454511850E0,1.461191024E0
1.713746796E1,-2.492000719E-1,8.659580201E-3,1.360755256E0,1.383412639E0
1.714745496E1,-1.966404737E-1,4.076196358E-2,1.259481481E0,1.275391161E0
1.715744096E1,-6.701881237E-2,4.374813661E-2,1.176788988E0,1.179507415E0
1.716742796E1,4.650853403E-2,-7.820943296E-3,1.282790821E0,1.283657471E0
1.717741496E1,1.424745722E-1,-8.462572888E-2,1.593693709E0,1.602285916E0
1.718740196E1,1.596356020E-1,-1.976652713E-1,1.875389171E0,1.892522028E0
1.719738896E1,9.484633293E-2,-2.242319494E-1,2.059919111E0,2.074257105E0
1.720737596E1,-5.928824510E-2,-2.230863337E-1,2.054837880E0,2.067762395E0
1.721736196E1,-2.174022919E-1,-1.175208485E-1,1.880463384E0,1.896633187E0
1.722734896E1,-3.599963301E-1,4.350313827E-2,1.600086470E0,1.640660414E0
1.723733596E1,-4.418137144E-1,2.038121568E-1,1.185770311E0,1.281713690E0
1.724732296E1,-3.569705056E-1,3.267061579E-1,7.353288835E-1,8.802689489E-1
1.725730996E1,-2.371118124E-1,3.829723062E-1,3.460160029E-1,5.679937263E-1
1.726729596E1,-7.544647738E-2,3.640859458E-1,1.320272058E-1,3.945654951E-1
1.727728296E1,1.022185572E-1,2.654350854E-1,1.000429362E-1,3.015178388E-1
1.728726996E1,1.389762744E-1,1.364284050E-1,2.343300909E-1,3.046928060E-1
1.729725696E1,8.670057680E-2,-7.259172052E-3,5.771084905E-1,5.836299301E-1
1.730724396E1,-6.659848893E-2,-1.721784277E-1,8.731039023E-1,8.924075269E-1
1.731722996E1,-1.796995185E-1,-2.876425181E-1,1.168146218E0,1.216386337E0
1.732721696E1,-2.590911854E-1,-3.647341096E-1,1.314858121E0,1.388888438E0
1.733720396E1,-3.643695723E-1,-3.794085744E-1,1.148373858E0,1.263122548E0
1.734719096E1,-3.340330115E-1,-2.924028826E-1,7.962650567E-1,9.116553839E-1
1.735717796E1,-1.865541363E-1,-2.134071453E-1,3.170389563E-1,4.252749172E-1
1.736716496E1,-6.262294874E-3,-1.053855371E-1,-2.022861797E-1,2.281776200E-1
1.737715096E1,8.977266736E-2,5.729978979E-3,-7.226258075E-1,7.282032835E-1
1.738713796E1,1.461036101E-1,9.844065294E-2,-1.130779586E0,1.144420945E0
1.739712496E1,2.210152865E-1,1.453690901E-1,-1.405053762E0,1.429739837E0
1.740711196E1,2.168493098E-1,1.505013375E-1,-1.558201695E0,1.580400835E0
1.741709896E1,1.736255953E-1,1.663785745E-1,-1.532737071E0,1.551486579E0
1.742708496E1,1.204350094E-1,1.665671472E-1,-1.421004381E0,1.435793390E0
1.743707196E1,5.390157077E-2,1.688807443E-1,-1.316122289E0,1.328007517E0
1.744705896E1,-1.854773350E-3,1.740764339E-1,-1.291874471E0,1.303551185E0
1.745704596E1,-2.653693043E-2,1.712940364E-1,-1.318006847E0,1.329356199E0
1.746703296E1,-1.197805781E-2,1.902328755E-1,-1.394639871E0,1.407605197E0
1.747701896E1,1.778006718E-2,1.831336248E-1,-1.541962808E0,1.552901592E0
1.748700596E1,2.942870747E-2,1.701403807E-1,-1.726276985E0,1.734890783E0
1.749699296E1,2.526991189E-2,1.340094119E-1,-1.943457193E0,1.948235856E0
1.750697996E1,3.925710954E-3,1.119608773E-1,-2.232923019E0,2.235731616E0
1.751696696E1,-9.231858160E-2,5.692673743E-2,-2.603309047E0,2.605567380E0
1.752695396E1,-1.815335708E-1,-3.979907334E-3,-2.972242042E0,2.977783242E0
1.753693996E1,-2.846521607E-1,3.135569394E-3,-3.326958702E0,3.339115286E0
1.754692696E1,-4.470220486E-1,-5.604015335E-2,-3.723708072E0,3.750862703E0
1.755691396E1,-5.430983068E-1,-3.641090423E-2,-4.045561041E0,4.082014902E0
1.756690096E1,-5.992044606E-1,-1.683384150E-2,-4.339630964E0,4.380836252E0
1.757688796E1,-7.228993841E-1,-1.150325659E-1,-4.596831855E0,4.654748018E0
1.758687396E1,-8.392817798E-1,-1.111500147E-1,-4.738194725E0,4.813235656E0
1.759686096E1,-8.966983677E-1,-1.450393072E-1,-4.814656425E0,4.899593948E0
1.760684796E1,-7.780827742E-1,-2.066530265E-1,-4.794220406E0,4.861344216E0
1.761683496E1,-5.311340996E-1,-3.355103105E-1,-4.602622937E0,4.645299614E0
1.762682196E1,-2.812991480E-1,-5.075525712E-1,-4.144655558E0,4.185081662E0
1.763680896E1,9.349880554E-3,-6.084378719E-1,-3.858754195E0,3.906439300E0
1.764679496E1,1.550124278E-1,-7.654080572E-1,-3.730843429E0,3.811701856E0
1.765678196E1,1.467032968E-1,-8.199748584E-1,-3.711152930E0,3.803490068E0
1.766676896E1,5.512324599E-2,-7.770964220E-1,-3.790657521E0,3.869883960E0
1.767675596E1,-5.935284770E-2,-6.907089271E-1,-4.017659882E0,4.077032316E0
1.768674287E1,-8.611930875E-2,-5.580622087E-1,-4.231834036E0,4.269340613E0
1.769672887E1,5.099197799E-2,-4.318765175E-1,-4.332714293E0,4.354483971E0
1.770671587E1,3.036153937E-1,-3.613802929E-1,-4.256114599E0,4.282206149E0
1.771670287E1,6.144154074E-1,-3.998269053E-1,-3.964190018E0,4.031398064E0
1.772668987E1,8.236293682E-1,-4.540098368E-1,-3.508891894E0,3.632741745E0
1.773667687E1,9.243791597E-1,-4.708059637E-1,-3.039941105E0,3.212067404E0
1.774666287E1,8.906443068E-1,-4.258889687E-1,-2.760947058E0,2.932142109E0
1.775664987E1,6.710652061E-1,-4.412687539E-1,-2.384658850E0,2.516275910E0
1.776663687E1,3.886818564E-1,-3.696277906E-1,-2.278700286E0,2.340976993E0
1.777662387E1,2.259645160E-1,-1.188892432E-1,-2.434882339E0,2.448233367E0
1.778661087E1,2.387098381E-1,1.710740349E-1,-2.585993103E0,2.602615807E0
1.779659787E1,4.659815357E-1,3.984756137E-1,-2.643144373E0,2.713325226E0
1.780658387E1,8.351141768E-1,4.802107716E-1,-2.366106219E0,2.554696991E0
1.781657087E1,1.171135753E0,3.841721548E-1,-1.841595188E0,2.215991885E0
1.782655787E1,1.197292468E0,2.241353242E-1,-1.041425360E0,1.602595607E0
1.783654487E1,9.884939524E-1,1.455667260E-1,-1.149094820E-2,9.992207001E-1
1.784653187E1,6.431231897E-1,4.996284977E-2,9.227239591E-1,1.125843341E0
1.785651787E1,3.221608979E-1,-1.457158300E-1,1.701665470E0,1.738012117E0
1.786650488E1,1.082345473E-1,-2.957431045E-1,2.178063272E0,2.200713139E0
1.787649187E1,-5.008766955E-2,-4.569062550E-1,2.513709238E0,2.555387688E0
1.788647887E1,-2.316366441E-1,-6.874748321E-1,2.650963855E0,2.748433470E0
1.789646587E1,-4.124669410E-1,-6.267808798E-1,2.265123636E0,2.386161841E0
1.790645187E1,-5.088688526E-1,-2.731409848E-1,1.517293405E0,1.623494005E0
1.791643887E1,-4.640952970E-1,1.076855394E-1,6.051634312E-1,7.701969869E-1
1.792642587E1,1.169550939E-1,5.156995699E-1,-8.175284564E-2,5.350776281E-1
1.793641287E1,7.624187413E-1,7.036673802E-1,-2.563384259E-1,1.068709272E0
1.794639987E1,1.054961226E0,4.739636064E-1,7.960136265E-1,1.404002273E0
1.795638587E1,9.254125088E-1,1.889697307E-1,2.657420350E0,2.820280268E0
1.796637287E1,3.853171493E-1,2.805114001E-2,4.467304918E0,4.483979193E0
1.797635987E1,-4.224945869E-1,-5.823592901E-2,5.344872585E0,5.361861249E0
1.798634687E1,-1.005301701E0,2.206543306E-1,5.195871497E0,5.296829283E0
1.799633387E1,-8.176807764E-1,6.707987192E-1,4.182533237E0,4.314180925E0
1.800632087E1,-2.730013094E-1,1.065282293E0,2.523537823E0,2.752743944E0
1.801630687E1,6.640819495E-1,1.537577396E0,1.232984823E0,2.079759760E0
1.802629387E1,1.965193486E0,1.722984711E0,7.985671055E-1,2.732832079E0
1.803628087E1,2.679442134E0,1.205142721E0,1.581107578E0,3.336417285E0
1.804626788E1,3.084095477E0,1.933414015E-1,3.794792672E0,4.893820311E0
1.805625487E1,3.349512582E0,-7.807559019E-1,6.587853223E0,7.431596357E0
1.806624087E1,3.242022340E0,-1.161467528E0,8.989623950E0,9.626684498E0
1.807622787E1,2.497916493E0,-6.346684813E-1,1.085076463E1,1.115264470E1
1.808621487E1,1.524152774E0,4.542032334E-1,1.150804312E1,1.161741790E1
1.809620187E1,1.523075132E0,3.393852603E-1,1.156249707E1,1.166731669E1
1.810618887E1,7.874565918E-1,3.402617580E0,9.993890254E0,1.058658286E1
1.811617487E1,5.772138865E-1,5.154296039E0,7.866824058E0,9.422678191E0
1.812616187E1,6.248558302E-1,6.265544171E0,5.276005248E0,8.214847531E0
1.813614887E1,1.109692188E0,6.750111119E0,3.184721088E0,7.545718341E0
1.814613588E1,1.597785737E0,6.789783892E0,1.739700438E0,7.188924967E0
1.815612287E1,1.648742760E0,6.409239496E0,1.328501430E0,6.749934789E0
1.816610887E1,1.311525208E0,5.541173555E0,2.554145658E0,6.240862342E0
1.817609587E1,6.407263429E-1,4.388283599E0,5.475060841E0,7.045839511E0
1.818608287E1,1.320528057E-1,3.308589674E0,9.062729348E0,9.648692492E0
1.819606987E1,-3.010627003E-1,2.132189819E0,1.208578545E1,1.227611836E1
1.820605687E1,-3.614422734E-1,2.349176776E0,1.201220876E1,1.224509826E1
1.821604287E1,-4.293733976E-1,2.471437962E0,1.197463573E1,1.223455221E1
1.822602987E1,-4.887749691E-1,2.495546325E0,1.196943287E1,1.223658350E1
1.823601687E1,-8.988813525E-1,3.474517867E-1,9.154718329E0,9.205301631E0
1.824600387E1,-1.019670795E0,6.071041220E-1,5.775052240E0,5.895721527E0
1.825599087E1,-6.057459235E-1,9.238773224E-1,2.609495986E0,2.833716064E0
1.826597787E1,-8.965060674E-2,9.340541089E-1,2.127602971E-1,9.621648786E-1
1.827596387E1,2.104233111E-1,5.883959556E-1,-1.030215663E0,1.204919949E0
1.828595087E1,6.887585152E-2,-3.084318548E-2,-8.987234777E-1,9.018863977E-1
1.829593787E1,-1.875269668E-1,-5.759793931E-1,4.532644629E-2,6.074315693E-1
1.830592487E1,-2.817065710E-1,-9.359196630E-1,1.328018450E0,1.648920013E0
1.831591187E1,-3.598089999E-1,-9.286512816E-1,2.475538614E0,2.668360386E0
1.832589787E1,-5.568584132E-1,-6.747859356E-1,3.106922715E0,3.227754034E0
1.833588487E1,-8.153229598E-1,-4.883848867E-1,2.985877749E0,3.133486438E0
1.834587187E1,-7.729592977E-1,-1.185803640E-1,1.965245088E0,2.115115986E0
1.835585887E1,-5.466245433E-1,2.615754846E-1,4.797897720E-1,7.729284254E-1
1.836584587E1,-1.562934431E-1,4.938172424E-1,-7.455240887E-1,9.077936308E-1
1.837583188E1,8.879749797E-2,4.856191537E-1,-1.338493736E0,1.426631151E0
1.838581887E1,-1.005372452E-1,3.481970143E-1,-1.581048521E0,1.622055278E0
1.839580587E1,-4.274435241E-1,1.367099485E-1,-1.441405901E0,1.509651797E0
1.840579287E1,-8.076758250E-1,-1.250158095E-1,-1.046103718E0,1.327517299E0
1.841577987E1,-1.067573670E0,-3.315874135E-1,-6.860210681E-1,1.311597751E0
1.842576587E1,-1.137889801E0,-3.568318900E-1,-4.494824839E-1,1.274424066E0
1.843575287E1,-9.806390952E-1,-2.903163037E-1,-3.296227491E-1,1.074517449E0
1.844573987E1,-5.668603680E-1,-5.564736664E-2,-1.703738308E-1,5.945204356E-1
1.845572687E1,-3.324523629E-1,1.395034558E-1,-8.450103700E-2,3.703055671E-1
1.846571387E1,-5.361295952E-1,2.097159442E-1,-2.783707345E-1,6.394575716E-1
1.847570087E1,-1.018047023E0,6.386650532E-2,-1.018428846E0,1.441421516E0
1.848568687E1,-1.237742995E0,-2.532774085E-1,-2.177935218E0,2.517848085E0
1.849567387E1,-5.749786422E-1,-6.309101835E-1,-3.129361405E0,3.243694021E0
1.850566087E1,4.224453241E-1,-8.201222813E-1,-3.087868978E0,3.222731052E0
1.851564787E1,4.826494990E-1,-8.642804539E-1,-1.820056969E0,2.071844254E0
1.852563487E1,-1.409051064E-1,-8.500328359E-1,-1.694189805E-1,8.781303218E-1
1.853562087E1,-6.965387473E-1,-5.848519582E-1,1.214547383E0,1.517347483E0
1.854560787E1,-7.846624267E-1,-3.326764575E-1,2.159527014E0,2.321621346E0
1.855559488E1,-4.578663678E-1,-2.277465646E-1,2.481127383E0,2.533279140E0
1.856558187E1,-2.339060216E-1,-9.213545412E-2,2.016960787E0,2.032567781E0
1.857556887E1,-1.134606881E-1,3.547798097E-2,9.323706955E-1,9.399186819E-1
1.858555487E1,-1.506798238E-1,9.379898697E-2,-2.958603412E-1,3.450159427E-1
1.859554187E1,-6.590667196E-1,5.714308441E-2,-1.304291618E0,1.462467400E0
1.860552887E1,-1.030461758E0,3.021694869E-2,-2.084316033E0,2.325325316E0
1.861551587E1,-1.198899064E0,4.114071697E-2,-2.719707230E0,2.972517274E0
1.862550287E1,-1.208021013E0,-3.592003047E-2,-3.150718360E0,3.374556445E0
1.863548887E1,-9.750461604E-1,1.337316692E-2,-3.437748236E0,3.573374706E0
1.864547587E1,-7.154696926E-1,2.227730691E-2,-3.595528334E0,3.666090173E0
1.865546287E1,-4.591947822E-1,-3.290199012E-2,-3.281212426E0,3.313351381E0
1.866544987E1,-3.406311193E-1,-3.710379928E-2,-2.684442673E0,2.706222222E0
1.867543687E1,-2.204416015E-1,-6.621518567E-2,-2.089596069E0,2.102234688E0
1.868542258E1,-2.133542645E-1,-1.482429966E-1,-1.609509843E0,1.630342897E0
1.869540958E1,-1.108616739E-1,-2.838209242E-1,-1.253152454E0,1.289664957E0
1.870539658E1,6.520584662E-2,-5.018840611E-1,-1.241018897E0,1.340248976E0
1.871538358E1,1.964212396E-1,-7.092809996E-1,-1.422270888E0,1.601410416E0
1.872537058E1,2.766259801E-1,-8.999231802E-1,-1.644907132E0,1.895284448E0
1.873535658E1,2.842480633E-1,-1.027358275E0,-1.927194332E0,2.202348742E0
1.874534358E1,2.427649370E-1,-1.104718254E0,-2.293765637E0,2.557478843E0
1.875533058E1,1.615565037E-1,-1.109253354E0,-2.798606635E0,3.014754153E0
1.876531758E1,-1.222391861E-1,-1.004632048E0,-3.199017531E0,3.355285552E0
1.877530458E1,-3.843335014E-1,-8.410807487E-1,-3.496932583E0,3.617135131E0
1.878529158E1,-4.215585939E-1,-7.725105970E-1,-3.741310530E0,3.843421490E0
1.879527758E1,-1.823431543E-1,-8.179737219E-1,-3.808120231E0,3.899244764E0
1.880526458E1,2.675744537E-1,-9.583101135E-1,-3.590284551E0,3.725600290E0
1.881525158E1,5.769395790E-1,-1.093670817E0,-3.148663648E0,3.382758919E0
1.882523858E1,5.407507959E-1,-1.161490186E0,-2.613994834E0,2.911089120E0
1.883522558E1,2.202967002E-1,-1.162392265E0,-2.109568403E0,2.418670144E0
1.884521158E1,-1.861957568E-1,-1.070548295E0,-1.802079120E0,2.104336396E0
1.885519858E1,-4.686145735E-1,-8.729964598E-1,-1.826377809E0,2.077830200E0
1.886518558E1,-5.610020791E-1,-6.515116784E-1,-2.178829257E0,2.342325283E0
1.887517258E1,-3.698110277E-1,-4.545416410E-1,-2.685823785E0,2.749003038E0
1.888515958E1,3.376301089E-2,-2.924192548E-1,-3.053829412E0,3.067983546E0
1.889514558E1,3.473448192E-1,-1.019292480E-1,-3.259655496E0,3.279693880E0
1.890513258E1,4.936598061E-1,7.596951082E-2,-3.113637657E0,3.153444281E0
1.891511958E1,5.340780996E-1,2.013305984E-1,-2.707890592E0,2.767389544E0
1.892510658E1,5.222331390E-1,3.341021548E-1,-2.100540302E0,2.190119007E0
1.893509358E1,2.946377249E-1,4.223937955E-1,-1.543407655E0,1.627063335E0
1.894507958E1,-1.390516487E-1,4.171400723E-1,-1.030682856E0,1.120557161E0
1.895506658E1,-4.382522849E-1,3.795345819E-1,-5.015595406E-1,7.665986805E-1
1.896505358E1,-2.936541867E-1,3.402534257E-1,-2.928507793E-1,5.364389565E-1
1.897504058E1,-3.914250411E-2,1.620854026E-1,-2.406287116E-1,2.927558543E-1
1.898502758E1,3.077294946E-1,5.912543669E-2,-1.953116208E-1,3.692423166E-1
1.899501358E1,5.585187301E-1,-5.401190042E-2,-1.078442913E-1,5.713937770E-1
1.900500058E1,6.193993548E-1,-1.707473217E-1,4.234319687E-2,6.438968511E-1
1.901498758E1,6.659007990E-1,-1.725028020E-1,3.616912186E-1,7.771754168E-1
1.902497458E1,5.900670533E-1,-1.488173394E-1,6.014826089E-1,8.556325477E-1
1.903496158E1,3.992612968E-1,-1.177629232E-1,8.067432672E-1,9.078063606E-1
1.904494758E1,3.500612529E-1,-5.358680785E-2,9.885653615E-1,1.050083759E0
1.905493458E1,3.937608576E-1,-7.856026590E-2,9.616348404E-1,1.042094475E0
1.906492158E1,4.723933731E-1,-1.335452892E-1,8.159122860E-1,9.522093792E-1
1.907490858E1,5.768396647E-1,-1.023682277E-1,6.322120661E-1,8.619253734E-1
1.908489558E1,6.191253396E-1,-1.392818463E-1,4.225426072E-1,7.624026979E-1
1.909488158E1,6.074468054E-1,-1.935514627E-1,3.088066614E-1,7.083892604E-1
1.910486858E1,5.320542686E-1,-2.286699861E-1,3.131008565E-1,6.583341505E-1
1.911485558E1,4.222227279E-1,-2.206446826E-1,3.764665478E-1,6.071928603E-1
1.912484258E1,3.187342834E-1,-2.034012437E-1,4.009342217E-1,5.511005893E-1
1.913482958E1,3.249297738E-1,-1.542208976E-1,3.176640236E-1,4.798686019E-1
1.914481558E1,3.718731580E-1,-1.125431138E-1,1.770127594E-1,4.269532938E-1
1.915480258E1,3.734454012E-1,-8.039746106E-2,-3.241930246E-2,3.833747912E-1
1.916478958E1,3.580638984E-1,-2.850196034E-2,-2.365502787E-1,4.300908641E-1
1.917477658E1,3.850430976E-1,-1.887159616E-2,-4.448368710E-1,5.886375506E-1
1.918476358E1,4.317909289E-1,-4.337172210E-2,-6.331037664E-1,7.675577448E-1
1.919475058E1,4.304636841E-1,-9.098559916E-2,-7.669763535E-1,8.842115637E-1
1.920473658E1,3.895050348E-1,-1.254745236E-1,-8.175962842E-1,9.142875434E-1
1.921472358E1,3.645641384E-1,-1.346219078E-1,-7.730539495E-1,8.652412830E-1
1.922471058E1,2.693360919E-1,-1.271862960E-1,-6.761141306E-1,7.388156752E-1
1.923469758E1,1.468254762E-1,-1.329232916E-1,-4.944890875E-1,5.326779323E-1
1.924468458E1,1.658107368E-1,-1.041786718E-1,-2.882905358E-1,3.485080044E-1
1.925467058E1,1.886375723E-1,-9.495381206E-2,-1.841615653E-1,2.802067848E-1
1.926465758E1,5.593615514E-2,-1.073040086E-1,-1.089318734E-1,1.628163283E-1
1.927464458E1,-1.667846317E-2,-8.687296003E-2,-1.067953008E-1,1.386734243E-1
1.928463158E1,-1.056385845E-1,-5.743018270E-2,-1.638097465E-1,2.032027792E-1
1.929461858E1,-1.873633910E-1,-4.600969344E-2,-3.246157783E-1,3.776206240E-1
1.930460458E1,-2.683970656E-1,-2.731819153E-3,-5.108145136E-1,5.770406528E-1
1.931459158E1,-3.455606144E-1,2.017347872E-2,-6.624059182E-1,7.473959513E-1
1.932457858E1,-3.185245145E-1,2.797454149E-2,-7.608905715E-1,8.253453235E-1
1.933456558E1,-2.788306545E-1,6.719035506E-3,-6.942060006E-1,7.481401276E-1
1.934455258E1,-2.291157450E-1,-5.700567484E-2,-5.179867083E-1,5.692573245E-1
1.935453858E1,-1.268196299E-1,-7.678475887E-2,-2.053729248E-1,2.532926291E-1
1.936452558E1,-3.808659746E-2,-1.604323947E-1,3.183750451E-2,1.679368003E-1
1.937451258E1,6.407983733E-2,-1.873955141E-1,3.327515942E-1,3.872298125E-1
1.938449958E1,1.145645785E-1,-1.183751267E-1,4.827601576E-1,5.100932101E-1
1.939448658E1,1.048276214E-1,-3.209507436E-2,4.413367277E-1,4.547494159E-1
1.940447258E1,1.524925520E-1,5.852785125E-2,4.297902310E-1,4.597816117E-1
1.941445958E1,2.382822239E-1,1.418234847E-1,2.676095188E-1,3.853662850E-1
1.942444658E1,2.983855344E-1,1.482678473E-1,7.941045105E-2,3.425248916E-1
1.943443358E1,3.186766518E-1,1.327307720E-1,5.522168934E-2,3.496022042E-1
1.944442058E1,3.197999019E-1,1.343197529E-1,2.526757300E-2,3.477818620E-1
1.945440658E1,2.511497894E-1,1.193429871E-1,9.573061466E-3,2.782276205E-1
1.946439358E1,1.804177028E-1,1.170444466E-1,5.682733476E-2,2.224394208E-1
1.947438058E1,1.121744926E-1,1.274191613E-1,1.841978180E-1,2.504947018E-1
1.948436758E1,1.267330728E-1,9.159751028E-2,3.242532510E-1,3.599882587E-1
1.949435458E1,1.896245823E-1,4.219131544E-2,4.517547119E-1,4.917518775E-1
1.950434058E1,2.796130485E-1,-2.213960499E-2,4.920753568E-1,5.664024857E-1
1.951432758E1,3.529270829E-1,-8.873310551E-2,4.495655143E-1,5.783945379E-1
1.952431458E1,3.946212023E-1,-1.059810761E-1,4.399965459E-1,6.004621905E-1
1.953430158E1,3.533429296E-1,-1.170039546E-1,4.231214815E-1,5.635361030E-1
1.954428858E1,2.922724531E-1,-1.424546917E-1,4.153961402E-1,5.275134874E-1
1.955427458E1,2.978980958E-1,-1.348812318E-1,4.939710242E-1,5.924049248E-1
1.956426158E1,3.047952522E-1,-1.575937177E-1,5.480975300E-1,6.466427360E-1
1.957424858E1,2.529628283E-1,-2.288727383E-1,5.195438218E-1,6.215293280E-1
1.958423558E1,2.682677873E-1,-2.429032785E-1,4.566868383E-1,5.826941536E-1
1.959422258E1,2.802863006E-1,-2.289600080E-1,3.874493730E-1,5.301887515E-1
1.960420858E1,2.157146941E-1,-2.168543713E-1,3.204098761E-1,4.429685500E-1
1.961419558E1,8.312261987E-2,-2.132714899E-1,2.806499791E-1,3.621581272E-1
1.962418258E1,-5.494200971E-2,-1.760874376E-1,2.281355506E-1,2.933790033E-1
1.963416958E1,-1.418043717E-1,-1.543083134E-1,1.266664785E-1,2.448753401E-1
1.964415658E1,-1.833419684E-1,-1.406759687E-1,-6.086834550E-2,2.389748125E-1
1.965414258E1,-2.260672808E-1,-1.387690455E-1,-2.500842440E-1,3.645619187E-1
1.966412958E1,-3.109002569E-1,-1.255774346E-1,-4.866497254E-1,5.909793711E-1
1.967411658E1,-4.365204858E-1,-1.028042838E-1,-6.950018066E-1,8.271314083E-1
1.968410375E1,-5.413976807E-1,-7.834041059E-2,-8.570720065E-1,1.016769931E0
1.969409075E1,-6.376166475E-1,-4.348545045E-2,-9.392593002E-1,1.136069543E0
1.970407675E1,-5.498434721E-1,-4.663329899E-2,-9.263796383E-1,1.078277210E0
1.971406375E1,-3.161859937E-1,-9.161680609E-2,-8.181546932E-1,8.818981369E-1
1.972405075E1,-1.002784876E-1,-1.809333175E-1,-7.589978278E-1,7.866831275E-1
1.973403775E1,8.106972640E-3,-2.268506250E-1,-7.291922307E-1,7.637069061E-1
1.974402475E1,4.296407981E-2,-2.102696756E-1,-7.155512613E-1,7.470427405E-1
1.975401075E1,-3.040339721E-2,-1.580785981E-1,-7.197314358E-1,7.375137622E-1
1.976399775E1,-5.762255152E-2,-1.365775090E-1,-7.267065793E-1,7.416712391E-1
1.977398475E1,2.056055755E-3,-1.014810589E-1,-6.534082228E-1,6.612449911E-1
1.978397175E1,4.846104724E-2,-8.054598033E-2,-5.427824110E-1,5.508619371E-1
1.979395875E1,1.719486596E-2,-1.763958782E-2,-4.522224891E-1,4.528929213E-1
1.980394475E1,-3.988231850E-2,6.082273722E-2,-4.513120776E-1,4.571352055E-1
1.981393175E1,-1.514142797E-1,1.526012188E-1,-5.476274139E-1,5.883104627E-1
1.982391875E1,-1.770444623E-1,2.298990709E-1,-6.567756343E-1,7.180198871E-1
1.983390575E1,-1.100631818E-1,3.267634606E-1,-7.348926812E-1,8.117607505E-1
1.984389275E1,-8.216004940E-2,3.644806328E-1,-7.333612955E-1,8.230523647E-1
1.985387875E1,-3.757042080E-2,3.717180240E-1,-5.861886317E-1,6.951280010E-1
1.986386575E1,-3.916175881E-2,3.938048579E-1,-3.346034074E-1,5.182425587E-1
1.987385275E1,-1.140057217E-1,3.811927061E-1,-6.124432147E-2,4.025618594E-1
1.988383975E1,-1.947659660E-1,3.745726347E-1,1.753924960E-1,4.571662365E-1
1.989382675E1,-1.743436151E-1,4.085869114E-1,2.987231380E-1,5.353265111E-1
1.990381275E1,-1.658350393E-1,4.352265336E-1,3.073138672E-1,5.580010831E-1
1.991379975E1,-2.451594266E-1,4.311022000E-1,3.014871168E-1,5.803849868E-1
1.992378675E1,-2.861269564E-1,4.685590249E-1,2.827035213E-1,6.175252836E-1
1.993377375E1,-3.581842779E-1,4.766090329E-1,2.971297717E-1,6.661368091E-1
1.994376075E1,-3.736288210E-1,4.722721530E-1,2.546357167E-1,6.538186527E-1
1.995374675E1,-4.310438375E-1,5.136056820E-1,2.089748096E-1,7.023247521E-1
1.996373375E1,-4.937328963E-1,5.519805197E-1,1.380404824E-1,7.533324909E-1
1.997372075E1,-4.756821030E-1,6.250148745E-1,8.135991275E-2,7.896432688E-1
1.998370775E1,-4.327816300E-1,6.683424501E-1,-1.621432900E-3,7.962312471E-1
1.999369475E1,-3.628206814E-1,6.755554292E-1,-2.028457582E-2,7.670889445E-1
2.000368075E1,-3.132336614E-1,6.648070773E-1,5.233550370E-2,7.367650790E-1
2.001366775E1,-2.747292713E-1,6.040720484E-1,2.220176089E-1,6.997649825E-1
2.002365475E1,-2.048996292E-1,5.752949765E-1,3.969089985E-1,7.283439580E-1
2.003364175E1,-1.727785713E-1,5.884428795E-1,4.818766433E-1,7.799503551E-1
2.004362875E1,-1.686302094E-1,5.657955900E-1,4.825391328E-1,7.624990570E-1
2.005361475E1,-1.045730939E-1,6.557823385E-1,3.984111482E-1,7.744142629E-1
2.006360175E1,-1.518959076E-1,7.281976193E-1,2.720879012E-1,7.920706821E-1
2.007358875E1,-2.160437462E-1,8.063414173E-1,1.311752665E-1,8.450256399E-1
2.008357575E1,-2.771446830E-1,8.456307596E-1,1.905724525E-2,8.900919815E-1
2.009356275E1,-3.076504110E-1,8.255169225E-1,-3.071893215E-2,8.815160903E-1
2.010354875E1,-3.125721221E-1,8.091824332E-1,-2.512080789E-2,8.678182970E-1
2.011353575E1,-2.630753502E-1,7.372458932E-1,-1.755743444E-2,7.829740803E-1
2.012352275E1,-1.842563998E-1,6.654663509E-1,2.568214059E-2,6.909815174E-1
2.013350975E1,-1.249855411E-1,6.012276703E-1,1.010913420E-1,6.223468136E-1
2.014349675E1,-1.190724894E-1,5.271000324E-1,2.198798668E-1,5.834036834E-1
2.015348275E1,-7.456536594E-2,4.801704258E-1,3.418276423E-1,5.941125892E-1
2.016346975E1,-6.605060482E-2,3.510194653E-1,4.639806551E-1,5.855385519E-1
2.017345675E1,-7.746552095E-2,2.931014787E-1,5.558129311E-1,6.331172072E-1
2.018344375E1,-6.313213158E-2,2.656254123E-1,5.956201905E-1,6.552144207E-1
2.019343075E1,-7.536001168E-2,2.113367924E-1,5.224557352E-1,5.685968400E-1
2.020341675E1,-8.887760483E-2,2.105982891E-1,3.887509632E-1,4.509746993E-1
2.021340375E1,-1.009725704E-1,2.140379137E-1,1.879026139E-1,3.021838526E-1
2.022339075E1,-5.652433936E-2,2.278681867E-1,-4.826701105E-2,2.396844087E-1
2.023337775E1,1.164800076E-2,2.053270242E-1,-2.442715269E-1,3.193171490E-1
2.024336475E1,1.014561351E-2,1.956892048E-1,-4.176215905E-1,4.613079136E-1
2.025335075E1,-6.938004596E-2,2.183800560E-1,-5.438173681E-1,5.901192842E-1
2.026333775E1,-1.038475550E-1,2.047928810E-1,-5.719442296E-1,6.163153743E-1
2.027332475E1,-1.337205047E-1,1.816167109E-1,-5.643562979E-1,6.077531028E-1
2.028331175E1,-1.657631733E-1,1.630738744E-1,-4.673404652E-1,5.219938970E-1
2.029329775E1,-1.746684097E-1,1.316507913E-1,-3.168097454E-1,3.849797384E-1
2.030328475E1,-1.658878835E-1,8.736178726E-2,-1.326493496E-1,2.296665446E-1
2.031327175E1,-1.531281626E-1,5.197619230E-2,-3.956226110E-2,1.664780203E-1
2.032325875E1,-1.114965353E-1,3.756529078E-2,-1.837779880E-3,1.176690524E-1
2.033324575E1,-1.574842652E-1,5.327982903E-3,-5.765646994E-2,1.677913874E-1
2.034323175E1,-2.445657150E-1,2.556768134E-2,-2.020037591E-1,3.182320128E-1
2.035321875E1,-2.804422202E-1,4.401520818E-2,-4.027439350E-1,4.927350755E-1
2.036320575E1,-2.853884713E-1,4.662233546E-2,-6.339697391E-1,6.968054619E-1
2.037319275E1,-2.607564358E-1,5.097865731E-2,-8.524293172E-1,8.928765218E-1
2.038317975E1,-1.716457464E-1,1.633492783E-2,-1.027696683E0,1.042060250E0
2.039316575E1,-7.660801764E-2,-2.651522264E-2,-1.125476747E0,1.128392552E0
2.040315275E1,-5.032360470E-2,-6.534862831E-2,-1.262220901E0,1.264912848E0
2.041313975E1,-9.452707496E-2,-6.605029419E-2,-1.382782887E0,1.387582978E0
2.042312675E1,-1.914380597E-1,-7.423917353E-2,-1.520882426E0,1.534680207E0
2.043311375E1,-2.707983709E-1,-8.191992983E-2,-1.795090528E0,1.817248644E0
2.044309975E1,-2.708051318E-1,-4.540260628E-2,-2.130437116E0,2.148059385E0
2.045308675E1,-2.501305467E-1,-6.233701989E-2,-2.523549517E0,2.536681565E0
2.046307375E1,-1.572676806E-1,-4.683122724E-2,-2.935043811E0,2.939627265E0
2.047306075E1,-3.940085511E-2,-6.192157522E-2,-3.519612179E0,3.520377337E0
2.048304775E1,5.904038255E-2,-1.726488362E-1,-3.967497788E0,3.971691338E0
2.049303375E1,1.146593674E-1,-2.795243901E-1,-4.268315983E0,4.278995442E0
2.050302075E1,1.070115199E-1,-3.660058790E-1,-4.596195093E0,4.611986676E0
2.051300775E1,1.083520581E-1,-5.265259820E-1,-4.720840774E0,4.751347955E0
2.052299475E1,1.867335727E-1,-6.876116569E-1,-4.813423247E0,4.865873259E0
2.053298175E1,3.306849689E-1,-7.674466158E-1,-4.889753385E0,4.960646634E0
2.054296775E1,4.284326537E-1,-8.095768279E-1,-4.889121301E0,4.974180965E0
2.055295475E1,4.740101648E-1,-8.017210937E-1,-4.948877506E0,5.035755248E0
2.056294175E1,4.092255370E-1,-6.954497033E-1,-5.077677049E0,5.141392812E0
2.057292875E1,3.182838285E-1,-5.567113557E-1,-5.197693489E0,5.237103182E0
2.058291575E1,4.366296095E-1,-4.267198581E-1,-5.317456160E0,5.352389678E0
2.059290175E1,7.929169410E-1,-3.382830602E-1,-5.042873837E0,5.116026704E0
2.060288875E1,1.053434080E0,-3.203674838E-1,-4.731599650E0,4.858023666E0
2.061287575E1,1.008883340E0,-4.802211504E-1,-4.438323779E0,4.576808485E0
2.062286275E1,8.897442741E-1,-5.011964285E-1,-4.036796064E0,4.163960278E0
2.063284975E1,7.283692351E-1,-4.758564962E-1,-3.723854837E0,3.824141210E0
2.064283575E1,6.234956948E-1,-3.236515725E-1,-3.562173477E0,3.630781886E0
2.065282275E1,4.127163247E-1,-5.389086306E-2,-3.627787423E0,3.651586035E0
2.066280975E1,1.003611618E-1,2.104820757E-1,-3.946042600E0,3.952926418E0
2.067279675E1,-1.729101337E-1,4.215165670E-1,-4.212451685E0,4.237018212E0
2.068278375E1,-4.517749579E-1,5.825297365E-1,-4.157367405E0,4.222220417E0
2.069276887E1,-6.577072419E-1,5.368933877E-1,-3.405931782E0,3.510157351E0
2.070275587E1,-5.031355845E-1,2.451807690E-1,-2.019681496E0,2.095798743E0
2.071274287E1,-1.091939018E-1,-3.242355631E-1,-5.113284838E-1,6.152307103E-1
2.072272987E1,2.622770043E-1,-8.817516419E-1,8.648207366E-1,1.262612407E0
2.073271687E1,6.012040256E-1,-1.336845845E0,1.678782392E0,2.228657311E0
2.074270287E1,6.327136841E-1,-1.665370779E0,1.688963563E0,2.454869519E0
2.075268987E1,2.970020100E-1,-1.816904443E0,1.087063463E0,2.138003489E0
2.076267687E1,-1.062681378E-1,-1.733845914E0,1.653218365E-1,1.744948675E0
2.077266388E1,-6.112639043E-2,-1.412984340E0,-6.911204249E-1,1.574137422E0
2.078265087E1,3.538633318E-1,-9.595845142E-1,-1.400399378E0,1.734110756E0
2.079263687E1,7.582831518E-1,-6.375692850E-1,-1.772198678E0,2.030314283E0
2.080262387E1,9.894793544E-1,-4.030889207E-1,-1.769618302E0,2.067147553E0
2.081261087E1,7.881214933E-1,-3.021063370E-1,-1.443871087E0,1.672473451E0
2.082259787E1,2.696356155E-1,-2.650171557E-1,-8.535496438E-1,9.335333161E-1
2.083258387E1,-3.285723699E-1,-2.445442995E-1,-7.242478251E-2,4.159411807E-1
2.084257087E1,-8.586724625E-1,-3.864769810E-1,9.624552047E-1,1.346477952E0
2.085255787E1,-9.617264955E-1,-6.293957546E-1,2.077537356E0,2.374282699E0
2.086254487E1,-9.095985679E-1,-7.113017973E-1,2.882256317E0,3.104951091E0
2.087253187E1,-8.115941904E-1,-6.371985716E-1,3.300181963E0,3.457731646E0
2.088251787E1,-4.695874771E-1,-4.126809856E-1,3.219010330E0,3.279153168E0
2.089250487E1,1.188804723E-2,-3.231586522E-1,2.726327448E0,2.745438798E0
2.090249187E1,4.091131608E-1,-3.788750160E-1,2.034638089E0,2.109661586E0
2.091247887E1,4.697695448E-1,-5.351485786E-1,1.537283866E0,1.694198663E0
2.092246587E1,3.845707887E-1,-8.011676547E-1,1.579726465E0,1.812539657E0
2.093245187E1,1.888611918E-1,-8.803942108E-1,2.333224402E0,2.500939549E0
2.094243887E1,-1.917630187E-1,-5.877656257E-1,3.353067105E0,3.409589491E0
2.095242587E1,-2.673580154E-1,2.403810820E-1,4.050083277E0,4.066010074E0
2.096241287E1,-2.117161305E-1,1.113659231E0,4.128721311E0,4.281518454E0
2.097239987E1,2.365007966E-1,1.821062690E0,4.232486000E0,4.613690463E0
2.098238587E1,1.176738117E0,2.232518392E0,4.456860037E0,5.121762622E0
2.099237287E1,2.138930489E0,1.954173385E0,5.134734179E0,5.895702871E0
2.100235988E1,2.265513060E0,1.233014936E0,6.523806331E0,7.015192393E0
2.101234687E1,1.604236678E0,4.806841037E-1,8.175233694E0,8.345003204E0
2.102233387E1,1.483650573E0,3.192506656E-1,9.892697171E0,1.000842632E1
2.103231987E1,1.266266590E0,6.711551070E-1,1.084197041E1,1.093627920E1
2.104230687E1,1.237763752E0,5.272232625E-1,1.091407594E1,1.099668482E1
2.105229387E1,2.695993993E-1,2.152202207E0,9.339685056E0,9.588241503E0
2.106228087E1,3.668687819E-1,3.329572992E0,7.593893573E0,8.299871602E0
2.107226787E1,8.405693366E-1,4.531912558E0,5.911301721E0,7.495883956E0
2.108225387E1,8.858302941E-1,5.606007482E0,4.689434209E0,7.362255659E0
2.109224087E1,1.603712913E-1,6.086174984E0,4.275770599E0,7.439721708E0
2.110222787E1,-2.415469437E-1,5.907827890E0,4.403928117E0,7.372608640E0
2.111221487E1,3.529129399E-1,5.549311125E0,5.196187246E0,7.610503492E0
2.112220087E1,1.214163586E0,4.827789271E0,6.161422802E0,7.921166165E0
2.113218787E1,1.801564565E0,4.133567776E0,7.075561879E0,8.390208182E0
2.114217487E1,2.135113427E0,3.604673964E0,8.105175279E0,9.123938297E0
2.115216187E1,2.103454555E0,3.129800823E0,8.880313761E0,9.647805282E0
2.116214887E1,1.808127187E0,2.565630174E0,9.058823993E0,9.587182811E0
2.117213487E1,1.009518713E0,2.014847310E0,8.654111885E0,8.942728344E0
2.118212187E1,-1.750912182E-2,1.415503028E0,7.675404344E0,7.804856644E0
2.119210887E1,-3.302929131E-1,8.963214415E-1,5.920708721E0,5.997272488E0
2.120209587E1,-2.870252714E-1,6.462830982E-1,3.990972020E0,4.053137428E0
2.121208287E1,-2.621964589E-2,5.558392435E-1,2.254322659E0,2.321985225E0
2.122206887E1,3.388443929E-1,4.583907169E-1,1.012844755E0,1.162235806E0
2.123205588E1,6.397849412E-1,1.455997628E-1,4.583831155E-1,8.003993644E-1
2.124204287E1,7.059822929E-1,-3.434093142E-1,5.227831793E-1,9.432089946E-1
2.125202987E1,6.656852560E-1,-6.618238279E-1,7.213265562E-1,1.183832606E0
2.126201687E1,7.651035634E-1,-4.705801150E-1,9.662313366E-1,1.319254374E0
2.127200287E1,4.887340020E-1,1.328779757E-2,1.260814061E0,1.352290497E0
2.128198987E1,9.446136687E-2,4.531197444E-1,1.256858420E0,1.339378042E0
2.129197687E1,-5.919881925E-2,8.679773560E-1,1.047004774E0,1.361289164E0
2.130196387E1,-1.261604751E-1,1.017734782E0,8.936656362E-1,1.360271598E0
2.131195087E1,-1.025698470E-1,8.745797396E-1,6.957297850E-1,1.122252301E0
2.132193687E1,-1.614338766E-1,5.497441059E-1,5.661677653E-1,8.054970000E-1
2.133192388E1,-2.882889644E-1,7.063991994E-2,4.422331059E-1,5.326074025E-1
2.134191087E1,-9.875573015E-1,-2.613167453E-1,2.393084103E-1,1.049201782E0
2.135189787E1,-2.314999800E0,-2.314383504E-1,2.584966332E-1,2.340856317E0
2.136188487E1,-3.239786072E0,-2.002761993E-1,6.601097167E-2,3.246641619E0
2.137187087E1,-3.106508439E0,-3.021639320E-1,-2.517910463E-1,3.131309064E0
2.138185787E1,-1.919035566E0,-4.195915174E-1,-9.092537284E-1,2.164600861E0
2.139184487E1,-2.291773234E-1,-5.905994788E-1,-1.882827998E0,1.986547573E0
2.140183187E1,1.229438341E0,-8.166370484E-1,-2.633236266E0,3.018666583E0
2.141181887E1,2.220022599E0,-1.128436899E0,-2.971788298E0,3.877292337E0
2.142180487E1,2.840247289E0,-1.249778611E0,-3.036880673E0,4.341842403E0
2.143179187E1,2.536353166E0,-1.488504639E0,-2.821875629E0,4.075747233E0
2.144177887E1,1.371544246E0,-1.409453499E0,-2.362662209E0,3.074063353E0
2.145176587E1,-1.322140975E-1,-9.858019674E-1,-1.887820351E0,2.133811558E0
2.146175188E1,-1.071992923E0,-5.378748429E-1,-1.185787852E0,1.686585605E0
2.147173887E1,-1.121781087E0,-3.062870961E-1,-8.679437345E-1,1.451044768E0
2.148172587E1,-6.234037473E-1,-3.968034562E-1,-6.851644510E-1,1.007737833E0
2.149171287E1,-1.769322871E-1,-6.591151053E-1,-5.191543972E-1,8.574724744E-1
2.150169987E1,-5.458595082E-3,-7.872334474E-1,-3.693580878E-1,8.695928323E-1
2.151168587E1,9.411612533E-2,-8.577356654E-1,-3.011947560E-1,9.139401501E-1
2.152167287E1,1.504904471E-1,-9.839948854E-1,-4.733110571E-1,1.102232582E0
2.153165987E1,2.621707311E-1,-1.009733452E0,-9.726211739E-1,1.426284363E0
2.154164687E1,-3.459870592E-2,-1.014760011E0,-1.753141433E0,2.025941715E0
2.155163387E1,-8.303074001E-1,-8.412889096E-1,-2.607640080E0,2.863034089E0
2.156161988E1,-2.008722060E0,-3.281787792E-1,-3.093777004E0,3.703258265E0
2.157160687E1,-2.375096021E0,-8.504775167E-3,-2.878245127E0,3.731681719E0
2.158159387E1,-1.909556791E0,1.320204815E-1,-2.165197644E0,2.889968405E0
2.159158087E1,-1.235560229E0,1.148524716E-1,-1.315843377E0,1.808658056E0
2.160156787E1,-7.363343854E-1,-2.612980342E-1,-5.478577942E-1,9.542605265E-1
2.161155387E1,-3.352579666E-1,-4.061505228E-1,1.844784844E-1,5.580219194E-1
2.162154087E1,-2.688382746E-1,-4.244061148E-1,5.665191829E-1,7.571912260E-1
2.163152787E1,-4.620463230E-1,-6.358540043E-1,3.610018319E-1,8.649389817E-1
2.164151487E1,-6.260305358E-1,-7.175749826E-1,-2.869199485E-1,9.945607796E-1
2.165150187E1,-6.690563951E-1,-5.768123290E-1,-1.107643908E0,1.416765312E0
2.166148787E1,-8.605248604E-1,-3.939611247E-1,-2.065414909E0,2.271925868E0
2.167147487E1,-1.221406532E0,-1.772618508E-1,-2.838344897E0,3.095069859E0
2.168146187E1,-1.033133351E0,7.362609297E-2,-3.184027024E0,3.348255279E0
2.169144971E1,-7.091939492E-1,2.067783031E-1,-3.371100503E0,3.451091410E0
2.170143571E1,-4.442466677E-1,1.461581719E-1,-3.512722989E0,3.543718402E0
2.171142271E1,-3.878559007E-1,-4.952094644E-2,-3.319181321E0,3.342132428E0
2.172140971E1,-4.569611458E-1,-5.004614335E-1,-2.893389416E0,2.971696056E0
2.173139671E1,-2.912582901E-1,-8.719525856E-1,-2.350281900E0,2.523679399E0
2.174138371E1,-1.089076806E-1,-1.010436872E0,-1.972660527E0,2.219061312E0
2.175136971E1,3.430590659E-2,-1.025818850E0,-2.015590784E0,2.261876967E0
2.176135671E1,6.218755044E-2,-9.891834122E-1,-2.266396574E0,2.473641960E0
2.177134371E1,1.106312205E-1,-9.363751611E-1,-2.612410238E0,2.777359351E0
2.178133071E1,1.477993391E-1,-8.490054801E-1,-2.880009817E0,3.006178886E0
2.179131771E1,1.319107731E-1,-7.693260571E-1,-3.027899934E0,3.126889996E0
2.180130371E1,1.259884939E-1,-7.788885936E-1,-3.005609763E0,3.107447601E0
2.181129071E1,1.550461590E-1,-8.260481420E-1,-2.836565589E0,2.958462301E0
2.182127771E1,1.485276464E-1,-8.945143595E-1,-2.690592774E0,2.839279112E0
2.183126471E1,1.129968212E-1,-9.787253746E-1,-2.596485347E0,2.777122215E0
2.184125171E1,1.341562501E-1,-9.848608580E-1,-2.429377186E0,2.624847104E0
2.185123771E1,1.387405951E-1,-9.500316256E-1,-2.048264440E0,2.262122070E0
2.186122471E1,-1.684436649E-2,-9.584522009E-1,-1.755240583E0,1.999945964E0
2.187121171E1,-2.903200130E-1,-9.858683333E-1,-1.585269041E0,1.889259118E0
2.188119871E1,-4.824848999E-1,-9.640672821E-1,-1.527873942E0,1.869924112E0
2.189118471E1,-4.703220335E-1,-8.444449443E-1,-1.670903268E0,1.930338782E0
2.190117171E1,-2.268116131E-1,-6.850176859E-1,-1.893697388E0,2.026519808E0
2.191115871E1,1.516898024E-1,-5.507656145E-1,-2.071170908E0,2.148511458E0
2.192114571E1,4.878112748E-1,-4.866400775E-1,-2.094013056E0,2.204465713E0
2.193113271E1,7.344395220E-1,-4.877212277E-1,-1.802718805E0,2.006755714E0
2.194111971E1,9.494957283E-1,-4.844865480E-1,-1.236831706E0,1.632795769E0
2.195110571E1,1.110370319E0,-4.547259745E-1,-5.415626818E-1,1.316430057E0
2.196109271E1,1.083035024E0,-4.395974734E-1,7.330771208E-2,1.171146798E0
2.197107971E1,9.171873768E-1,-3.660128957E-1,5.522806281E-1,1.131464545E0
2.198106671E1,7.882603647E-1,-1.774056923E-1,7.218931514E-1,1.083492918E0
2.199105271E1,6.270591342E-1,3.458218753E-2,6.602933192E-1,9.112553719E-1
2.200103971E1,5.526104841E-1,1.606317848E-1,3.889310575E-1,6.945849731E-1
2.201102671E1,5.482191521E-1,2.196240512E-1,7.134655595E-2,5.948691399E-1
2.202101371E1,5.858125095E-1,2.537945947E-1,-1.278096092E-1,6.510939170E-1
2.203100071E1,6.797516104E-1,2.616184616E-1,-1.717619598E-1,7.483372516E-1
2.204098671E1,7.054968278E-1,3.110347429E-1,-2.259486920E-1,8.034433376E-1
2.205097371E1,6.398906296E-1,3.182776889E-1,-8.814911485E-2,7.200909468E-1
2.206096071E1,6.093374661E-1,2.726319847E-1,2.369601685E-1,7.083575849E-1
2.207094771E1,5.108854111E-1,1.812440971E-1,6.873700207E-1,8.754032621E-1
2.208093471E1,4.304974517E-1,9.454479933E-2,1.175038331E0,1.254982811E0
2.209092071E1,4.381922413E-1,3.300197750E-2,1.412420084E0,1.479199805E0
2.210090771E1,5.656849314E-1,6.118701875E-2,1.354710989E0,1.469348548E0
2.211089471E1,6.661386345E-1,1.129111961E-1,9.943125898E-1,1.202142731E0
2.212088171E1,8.772960636E-1,3.352761295E-1,4.321127450E-1,1.033818113E0
2.213086871E1,1.107677822E0,5.033634067E-1,-1.995777494E-1,1.232946128E0
2.214085471E1,1.217004090E0,4.920268250E-1,-6.251895601E-1,1.453977764E0
2.215084171E1,1.265965166E0,4.343215308E-1,-9.131620073E-1,1.620236972E0
2.216082871E1,1.241129117E0,2.698276600E-1,-1.094329798E0,1.676533972E0
2.217081571E1,1.182537970E0,4.824099094E-2,-1.106230052E0,1.620021040E0
2.218080271E1,1.123025155E0,-2.281510457E-1,-1.039359539E0,1.547096200E0
2.219078871E1,1.092534849E0,-3.925349888E-1,-1.062225661E0,1.573543602E0
2.220077571E1,1.187162825E0,-5.218727678E-1,-1.104203991E0,1.703224358E0
2.221076271E1,1.283296459E0,-5.987335405E-1,-1.235857560E0,1.879541317E0
2.222074971E1,1.293251490E0,-7.134474331E-1,-1.463425931E0,2.079211897E0
2.223073671E1,1.506772217E0,-8.362757993E-1,-1.569227205E0,2.330706706E0
2.224072271E1,1.758233919E0,-8.394604853E-1,-1.674895747E0,2.569310449E0
2.225070971E1,1.989033754E0,-7.421218863E-1,-1.661007441E0,2.695541854E0
2.226069671E1,1.986128711E0,-7.102150923E-1,-1.720327443E0,2.721881564E0
2.227068371E1,1.842109012E0,-8.315538803E-1,-1.786406828E0,2.697424108E0
2.228067071E1,1.708735338E0,-9.044227588E-1,-1.849934487E0,2.675820358E0
2.229065671E1,1.603745365E0,-9.874049816E-1,-1.781241397E0,2.592255526E0
2.230064371E1,1.467033809E0,-1.152782951E0,-1.598846861E0,2.457113757E0
2.231063071E1,1.367882135E0,-1.373044934E0,-1.405109895E0,2.393885490E0
2.232061771E1,1.398082711E0,-1.533281154E0,-1.293670151E0,2.445233900E0
2.233060471E1,1.612021222E0,-1.593503675E0,-1.310470955E0,2.618243783E0
2.234059071E1,1.947173391E0,-1.546165786E0,-1.318466438E0,2.814332354E0
2.235057771E1,2.015208084E0,-1.556415663E0,-1.361176255E0,2.887264126E0
2.236056471E1,1.982595238E0,-1.527918380E0,-1.101540000E0,2.734704523E0
2.237055171E1,1.956129863E0,-1.317691682E0,-6.933347654E-1,2.458346702E0
2.238053871E1,1.687376629E0,-1.137465293E0,-4.392334843E-1,2.081824497E0
2.239052471E1,1.409558749E0,-9.403860587E-1,-4.443731868E-1,1.751756072E0
2.240051171E1,1.208028687E0,-7.614305618E-1,-7.020126182E-1,1.591204426E0
2.241049871E1,9.383111011E-1,-7.326993906E-1,-1.129030100E0,1.640726999E0
2.242048571E1,6.302315410E-1,-7.126826173E-1,-1.485133134E0,1.763725810E0
2.243047171E1,4.292696095E-1,-6.204977542E-1,-1.867805332E0,2.014444494E0
2.244045871E1,4.975634804E-1,-4.822400478E-1,-2.116907828E0,2.227425338E0
2.245044571E1,7.356058223E-1,-1.879482222E-1,-1.836855435E0,1.987581029E0
2.246043271E1,9.626966947E-1,3.382161096E-1,-1.069013109E0,1.477824106E0
2.247041971E1,1.061264890E0,1.131035694E0,-2.991833138E-1,1.579568158E0
2.248040571E1,7.686913419E-1,1.690502551E0,2.481523240E-1,1.873570076E0
2.249039271E1,2.251398941E-1,1.910245008E0,5.043656194E-1,1.988494063E0
2.250037971E1,-2.399162649E-1,1.875216678E0,5.424280697E-1,1.966780520E0
2.251036671E1,-4.425756431E-1,1.587239845E0,5.261657935E-1,1.729755465E0
2.252035371E1,-2.572145581E-1,1.176728469E0,7.551766723E-1,1.421668395E0
2.253033971E1,1.105193468E-1,7.749624807E-1,1.468042892E0,1.663710103E0
2.254032671E1,1.984453630E-1,3.178365165E-1,2.100374241E0,2.133535228E0
2.255031371E1,-1.698125346E-1,-1.118282917E-1,2.553655661E0,2.561737516E0
2.256030071E1,-5.999949311E-1,-4.285161227E-1,2.805427997E0,2.900697542E0
2.257028771E1,-1.058395077E0,-5.583342505E-1,2.636009016E0,2.894906010E0
2.258027371E1,-1.748466146E0,-4.784390652E-1,1.862777311E0,2.599226253E0
2.259026071E1,-2.555821178E0,-2.687921181E-1,6.566697997E-1,2.652486818E0
2.260024771E1,-2.946852555E0,-2.288825324E-1,-6.610060948E-1,3.028738393E0
2.261023471E1,-2.611039651E0,-3.698881379E-1,-1.408514144E0,2.989691855E0
2.262022171E1,-1.477651037E0,-5.353272110E-1,-1.454582602E0,2.141457064E0
2.263020771E1,-5.129747674E-1,-6.819677782E-1,-1.024981236E0,1.333720247E0
2.264019471E1,4.336871810E-1,-5.528916621E-1,-1.074431723E-1,7.108570857E-1
2.265018171E1,1.318535289E0,-2.676220903E-1,7.834076142E-1,1.556882906E0
2.266016871E1,1.787309345E0,1.832046685E-1,1.681168640E0,2.460562262E0
2.267015571E1,1.534737696E0,7.978060904E-1,2.597562404E0,3.120776313E0
2.268014171E1,8.118339993E-1,1.116792170E0,3.414845277E0,3.683404330E0
2.269012846E1,-1.359221824E-1,1.269207447E0,3.773899986E0,3.983928148E0
2.270011546E1,-5.668380024E-1,1.560789673E0,3.655731851E0,4.015189297E0
2.271010246E1,-8.767407243E-1,1.436938044E0,3.142643940E0,3.565063277E0
2.272008946E1,-8.566031329E-1,1.143378874E0,2.472191083E0,2.855313106E0
2.273007546E1,-7.920563771E-1,9.531832749E-1,1.925824329E0,2.290133404E0
2.274006246E1,-9.159408235E-1,8.784573206E-1,1.932617624E0,2.312065254E0
2.275004946E1,-1.285964251E0,1.073202639E0,2.228665076E0,2.787905304E0
2.276003646E1,-1.705271448E0,1.370551096E0,2.881886773E0,3.618236088E0
2.277002346E1,-2.207194685E0,1.727294401E0,3.477985851E0,4.466725859E0
2.278000946E1,-2.717032714E0,2.125812553E0,3.637483276E0,5.013245492E0
2.278999646E1,-3.172686934E0,2.492038580E0,3.166069640E0,5.128371635E0
2.279998346E1,-3.779336143E0,2.597274428E0,2.304326878E0,5.132167037E0
2.280997046E1,-3.957969750E0,2.495357167E0,1.251655567E0,4.843446458E0
2.281995746E1,-3.394894577E0,2.269150905E0,2.465612966E-1,4.090861461E0
2.282994346E1,-2.150959820E0,1.824105289E0,1.634238303E-2,2.820328939E0
2.283993046E1,-9.485877288E-1,1.195295133E0,5.947875470E-1,1.637779399E0
2.284991746E1,-7.203104563E-2,5.823113430E-1,1.681079763E0,1.780534790E0
2.285990446E1,-4.581951275E-3,-5.609117031E-2,3.116042032E0,3.116550202E0
2.286989146E1,-3.090965371E-1,-4.870967451E-1,4.198016664E0,4.237469506E0
2.287987746E1,-2.560777862E-1,-4.806937516E-1,4.902817819E0,4.932977284E0
2.288986446E1,-4.579879168E-1,-3.644189447E-1,5.019001994E0,5.053012479E0
2.289985146E1,-6.691112128E-1,-2.227409095E-2,4.704346948E0,4.751745590E0
2.290983846E1,-7.491264121E-1,4.566546786E-1,4.288285979E0,4.377113263E0
2.291982546E1,-6.300970551E-1,6.931742594E-1,4.078446366E0,4.184643069E0
2.292981146E1,-4.256838045E-1,5.789915863E-1,3.859450598E0,3.925786148E0
2.293979846E1,-2.647026486E-1,4.012455860E-1,3.658400520E0,3.689845509E0
2.294978546E1,-3.016775899E-1,1.098899397E-1,3.195794545E0,3.211882305E0
2.295977246E1,-4.138416579E-1,-2.094960889E-1,2.729752162E0,2.768880712E0
2.296975946E1,-4.766971797E-1,-3.992356056E-1,2.453730839E0,2.531289059E0
2.297974546E1,-5.187105936E-1,-6.462886530E-1,2.397729716E0,2.536899188E0
2.298973246E1,-2.973389558E-1,-7.242659515E-1,2.198847200E0,2.334073828E0
2.299971946E1,-1.724072731E-1,-5.168590727E-1,1.972002715E0,2.045889116E0
2.300970646E1,-2.377923004E-1,-2.291117433E-1,1.723140539E0,1.754494425E0
2.301969346E1,-3.115805805E-2,2.795495331E-1,1.500445238E0,1.526582680E0
2.302967946E1,1.442295409E-1,7.250886548E-1,1.268746394E0,1.468425391E0
2.303966646E1,3.052090888E-1,8.929967147E-1,1.320822866E0,1.623320290E0
2.304965346E1,4.618670328E-1,7.949976727E-1,1.866563383E0,2.080721346E0
2.305964046E1,5.151527090E-1,4.885632268E-1,2.795328101E0,2.884083135E0
2.306962746E1,6.234153686E-1,1.298146194E-1,3.607139735E0,3.662916273E0
2.307961346E1,6.028537810E-1,-3.301109916E-1,4.419415637E0,4.472542959E0
2.308960046E1,6.333006714E-1,-5.837202296E-1,4.845917979E0,4.921861447E0
2.309958746E1,5.645534221E-1,-6.962493101E-1,4.684446534E0,4.769436340E0
2.310957446E1,2.950711863E-1,-6.189040956E-1,3.939765614E0,3.998982668E0
2.311956146E1,1.164832601E-1,-2.909115502E-1,2.934011192E0,2.950698147E0
2.312954846E1,2.534966791E-1,7.045207813E-2,1.930113847E0,1.947963943E0
2.313953446E1,5.229006352E-1,2.387353832E-1,1.157294371E0,1.292188035E0
2.314952146E1,8.384766182E-1,1.492459403E-1,6.322296077E-1,1.060675100E0
2.315950846E1,1.115527709E0,-1.208935225E-1,5.175148380E-1,1.235653237E0
2.316949546E1,1.091124501E0,-4.220257133E-1,7.402341127E-1,1.384415010E0
2.317948246E1,1.034480184E0,-5.433199163E-1,1.032580862E0,1.559348909E0
2.318946846E1,9.805092870E-1,-4.662929365E-1,1.112238650E0,1.554317336E0
2.319945546E1,8.210328390E-1,-3.944674936E-1,9.668879789E-1,1.328371894E0
2.320944246E1,6.849304893E-1,-2.597455984E-1,5.876972133E-1,9.391408657E-1
2.321942946E1,4.883028064E-1,-1.548737392E-2,2.209002060E-1,5.361682483E-1
2.322941646E1,4.957288434E-1,1.446067594E-1,3.197491407E-2,5.173785811E-1
2.323940246E1,5.742269095E-1,1.715903440E-1,5.739392996E-2,6.020580146E-1
2.324938946E1,5.712013043E-1,6.297334313E-2,2.030907565E-1,6.094935827E-1
2.325937646E1,5.762876145E-1,-1.701460817E-1,4.146178758E-1,7.300445786E-1
2.326936346E1,4.957002651E-1,-3.720690031E-1,6.224214882E-1,8.783863642E-1
2.327935046E1,3.949233937E-1,-4.695650384E-1,6.085764509E-1,8.641881212E-1
2.328933646E1,3.434449456E-1,-4.969202136E-1,3.155058163E-1,6.814895813E-1
2.329932346E1,3.594312332E-1,-4.040915720E-1,-2.392902839E-1,5.913887469E-1
2.330931046E1,4.131798262E-1,-3.055145328E-1,-9.254054922E-1,1.058504617E0
2.331929746E1,4.849854982E-1,-1.933513418E-1,-1.637857144E0,1.719061285E0
2.332928446E1,6.312844784E-1,-1.475853311E-1,-2.267618642E0,2.358473199E0
2.333927046E1,7.454970454E-1,-1.339445078E-1,-2.788287469E0,2.889334523E0
2.334925746E1,7.004960697E-1,-1.563117157E-1,-3.129880053E0,3.211117756E0
2.335924446E1,6.202865236E-1,-2.346259600E-1,-3.327031208E0,3.392483068E0
2.336923146E1,5.512395313E-1,-3.742372969E-1,-3.455024419E0,3.518680479E0
2.337921846E1,5.683324776E-1,-4.575285450E-1,-3.604155316E0,3.677263890E0
2.338920546E1,5.283609845E-1,-5.330824649E-1,-3.768892431E0,3.842901560E0
2.339919146E1,4.472809341E-1,-5.860539995E-1,-3.966981479E0,4.034905399E0
2.340917846E1,3.558351590E-1,-5.714045316E-1,-4.160771654E0,4.214871594E0
2.341916546E1,2.858953701E-1,-5.419234550E-1,-4.326358370E0,4.369530173E0
2.342915246E1,1.832959581E-1,-5.401455360E-1,-4.453872694E0,4.490249056E0
2.343913946E1,1.341629744E-1,-4.974238781E-1,-4.548407553E0,4.577492926E0
2.344912546E1,1.866581071E-1,-4.866205624E-1,-4.519453896E0,4.549407031E0
2.345911246E1,2.876903191E-1,-5.582189141E-1,-4.245942782E0,4.292132825E0
2.346909946E1,3.990221822E-1,-6.763751357E-1,-3.782402422E0,3.863064860E0
2.347908646E1,4.093433949E-1,-7.707535087E-1,-3.208769517E0,3.325330780E0
2.348907346E1,3.734376901E-1,-7.392400861E-1,-2.642227530E0,2.768988612E0
2.349905946E1,2.977236295E-1,-6.131358904E-1,-2.204649977E0,2.307608394E0
2.350904646E1,2.606823224E-1,-4.981237167E-1,-1.990012139E0,2.067904936E0
2.351903346E1,2.790810981E-1,-3.172819081E-1,-2.015231180E0,2.059055798E0
2.352902046E1,3.914709418E-1,-8.518720776E-2,-2.169212927E0,2.205899154E0
2.353900746E1,6.016147194E-1,3.073384255E-2,-2.154068638E0,2.236715569E0
2.354899446E1,8.376813237E-1,1.416159086E-1,-1.995782756E0,2.169081344E0
2.355898046E1,1.002517914E0,1.365688844E-1,-1.621148726E0,1.910972637E0
2.356896746E1,1.014767831E0,7.093622759E-3,-9.811282879E-1,1.411529946E0
2.357895446E1,9.824556059E-1,-6.254561931E-2,-3.724267066E-1,1.052536281E0
2.358894146E1,7.847774707E-1,-1.018546960E-1,3.051194072E-2,7.919476221E-1
2.359892846E1,4.025444718E-1,-1.004811850E-1,2.281852520E-1,4.735050470E-1
2.360891446E1,1.159340421E-1,-8.062871844E-3,2.342827284E-1,2.615226737E-1
2.361890146E1,2.760186371E-2,1.065871400E-1,1.242942631E-2,1.108024004E-1
2.362888846E1,9.892098343E-2,9.248614088E-2,-2.764879310E-1,3.078711146E-1
2.363887546E1,3.216873100E-1,1.030291092E-1,-3.976475018E-1,5.217482712E-1
2.364886246E1,4.178243427E-1,4.806805953E-2,-3.467995298E-1,5.451216686E-1
2.365884846E1,4.432411293E-1,-3.778660789E-2,1.187920332E-1,4.604368291E-1
2.366883546E1,5.463863423E-1,-1.563475299E-1,9.254376519E-1,1.086009868E0
2.367882246E1,5.787347108E-1,-3.206459574E-1,1.600902742E0,1.732234766E0
2.368880933E1,5.613037955E-1,-4.746486077E-1,2.040333277E0,2.168712321E0
2.369879633E1,4.829459163E-1,-5.734481335E-1,2.283352330E0,2.403284707E0
2.370878233E1,3.983389716E-1,-5.090362291E-1,2.270572071E0,2.360781512E0
2.371876933E1,2.756808325E-1,-4.027724402E-1,2.075699576E0,2.132311959E0
2.372875633E1,1.030672166E-1,-3.619938120E-1,1.735294561E0,1.775643429E0
2.373874333E1,-2.330851364E-2,-3.327337602E-1,1.314570438E0,1.356226559E0
2.374873033E1,-8.073360287E-2,-2.535627526E-1,8.810122615E-1,9.203230895E-1
2.375871733E1,-8.155848054E-2,-1.383899997E-1,3.718817461E-1,4.050921016E-1
2.376870333E1,-1.113566498E-1,-4.832504466E-2,-1.687804645E-1,2.079001169E-1
2.377869033E1,-9.719942610E-2,-1.065523490E-2,-5.898402178E-1,5.978902450E-1
2.378867733E1,1.601586514E-2,2.812349930E-2,-7.875626457E-1,7.882273530E-1
2.379866433E1,2.290695154E-1,2.459602028E-2,-8.276833159E-1,8.591492760E-1
2.380865133E1,3.374409515E-1,-7.222188413E-3,-8.202374715E-1,8.869656506E-1
2.381863733E1,3.298675282E-1,-4.993156716E-2,-7.172709274E-1,7.910646818E-1
2.382862433E1,3.436809539E-1,-5.609555572E-2,-5.251232350E-1,6.300934227E-1
2.383861133E1,3.164578161E-1,-8.815452352E-2,-4.432610464E-1,5.517219632E-1
2.384859833E1,2.172074517E-1,-1.250726737E-1,-3.935000718E-1,4.665453432E-1
2.385858533E1,1.070896077E-1,-1.349233317E-1,-3.832504874E-1,4.201826099E-1
2.386857133E1,1.804598301E-2,-1.502537079E-1,-4.886617523E-1,5.115585425E-1
2.387855833E1,-8.128165143E-2,-1.445086724E-1,-5.658023143E-1,5.895945404E-1
2.388854533E1,-3.442518979E-2,-2.014219612E-1,-4.839956743E-1,5.253643620E-1
2.389853233E1,1.472535198E-1,-2.689321589E-1,-4.033532149E-1,5.066575976E-1
2.390851933E1,2.485697055E-1,-3.026777561E-1,-3.881136167E-1,5.513917863E-1
2.391850633E1,1.919548805E-1,-2.859373239E-1,-3.738510883E-1,5.083025335E-1
2.392849233E1,7.703383198E-2,-1.626945363E-1,-4.611576194E-1,4.950455265E-1
2.393847933E1,-1.057537381E-1,-3.241725594E-2,-6.188622880E-1,6.286694387E-1
2.394846633E1,-2.268925422E-1,2.505955830E-2,-4.864012188E-1,5.373028502E-1
2.395845333E1,-2.477891753E-1,8.788569778E-2,-3.801473701E-1,4.622070902E-1
2.396844033E1,-2.840705637E-1,9.017108202E-2,-2.409239960E-1,3.832378909E-1
2.397842633E1,-3.510452662E-1,1.085757780E-1,-1.158894753E-1,3.852944964E-1
2.398841333E1,-4.178378644E-1,8.974832833E-2,-7.086766899E-2,4.332037279E-1
2.399840033E1,-4.388953690E-1,8.169656619E-2,-1.034764212E-1,4.582694007E-1
2.400838733E1,-3.279827878E-1,3.462297186E-2,-1.470399320E-1,3.610986027E-1
2.401837433E1,-1.404273341E-1,-3.179525837E-2,-1.953309166E-1,2.426621965E-1
2.402836033E1,-6.826690969E-2,-5.054698661E-2,-2.057839841E-1,2.226261820E-1
2.403834733E1,-7.420928878E-2,-5.627813503E-2,-1.554207462E-1,1.811901084E-1
2.404833433E1,-9.279851010E-2,-2.809894100E-2,-1.495489722E-1,1.782302137E-1
2.405832133E1,-1.194487395E-1,-2.930624485E-3,-1.512569439E-1,1.927569791E-1
2.406830833E1,-8.608586999E-2,4.438796818E-2,-7.565770805E-2,1.229030411E-1
2.407829433E1,-8.248462468E-2,8.463157609E-2,-4.765714645E-2,1.274261378E-1
2.408828133E1,-4.212994709E-2,8.333597928E-2,-4.776298106E-2,1.048862252E-1
2.409826833E1,8.312806509E-2,3.610027090E-2,2.507052183E-2,9.403209999E-2
2.410825533E1,2.416931972E-1,1.255221784E-2,-6.212783575E-2,2.498660195E-1
2.411824233E1,3.008984712E-2,-1.459361239E-1,-9.804669678E-2,1.783701374E-1
2.412822933E1,-2.217574809E-1,-5.823256686E-2,-7.635294199E-3,2.294029422E-1
2.413821533E1,2.249478679E-3,1.936233835E-1,-5.691621244E-2,2.018279714E-1
2.414820233E1,1.682858997E-1,-1.570258069E-1,7.132024348E-2,2.409643650E-1
2.415818933E1,5.669017005E-1,-2.399495575E-1,1.447829068E-2,6.157620880E-1
2.416817633E1,8.912080514E-1,-1.840359963E-1,-1.428369534E-1,9.211533174E-1
2.417816333E1,1.013277084E0,-1.817421336E-1,-1.647920787E-1,1.042553155E0
2.418814933E1,8.951040512E-1,-2.232842620E-1,-1.969394857E-1,9.433198213E-1
2.419813633E1,7.229859960E-1,-7.165236533E-2,-7.389243364E-2,7.302759092E-1
2.420812333E1,4.272335725E-1,5.725959018E-2,1.043844938E-1,4.435124673E-1
2.421811033E1,2.334788459E-1,7.802860782E-2,2.203517371E-1,3.303872322E-1
2.422809733E1,1.597628155E-1,2.218685049E-1,2.097402102E-1,3.445877920E-1
2.423808333E1,1.286912962E-1,3.436750701E-1,9.912843168E-2,3.801321474E-1
2.424807033E1,5.463718705E-2,3.807522646E-1,-1.651721478E-2,3.850069188E-1
2.425805733E1,9.649221450E-2,4.537918818E-1,-1.725741380E-1,4.949945985E-1
2.426804433E1,2.525011541E-1,4.971060088E-1,-2.511881983E-1,6.115281905E-1
2.427803133E1,3.538810196E-1,4.997622527E-1,-2.048864365E-1,6.457341071E-1
2.428801833E1,3.566892545E-1,4.747265218E-1,-2.720300138E-2,5.944177808E-1
2.429800433E1,2.348552439E-1,5.184578477E-1,1.994818550E-1,6.031156903E-1
2.430799133E1,1.898475623E-1,5.792238669E-1,2.892828083E-1,6.747050675E-1
2.431797833E1,1.848772280E-1,6.174222650E-1,3.354418981E-1,7.265749168E-1
2.432796533E1,8.700671509E-2,6.177621344E-1,4.041303098E-1,7.433179202E-1
2.433795233E1,-5.560845525E-2,5.593665764E-1,3.749439329E-1,6.756968402E-1
2.434793833E1,-1.087052299E-1,5.338522509E-1,3.277668428E-1,6.358035514E-1
2.435792533E1,-4.038185801E-2,4.448893498E-1,1.973710102E-1,4.883774602E-1
2.436791233E1,2.480365125E-2,3.431475051E-1,-3.638488412E-2,3.459614012E-1
2.437789933E1,-9.452583242E-2,3.060888755E-1,-1.612925202E-1,3.586653172E-1
2.438788633E1,-1.961170565E-1,2.582994358E-1,-7.806325257E-2,3.335781315E-1
2.439787233E1,-1.392887350E-1,1.951645634E-1,1.198866320E-1,2.680734284E-1
2.440785933E1,-2.514050113E-2,1.891052400E-1,2.320514309E-1,3.004009041E-1
2.441784633E1,2.902451412E-2,1.705863771E-1,2.556262350E-1,3.086857731E-1
2.442783333E1,9.301147666E-2,1.833749686E-1,3.012701851E-1,3.647481848E-1
2.443782033E1,8.158461029E-2,1.899703355E-1,2.829502738E-1,3.504363486E-1
2.444780733E1,2.367495134E-2,1.795273545E-1,1.869109261E-1,2.602427110E-1
2.445779333E1,6.298395948E-2,1.597503170E-1,1.499997926E-1,2.280067559E-1
2.446778033E1,9.956785907E-2,9.401182562E-2,1.880756915E-2,1.382233937E-1
2.447776733E1,1.326742368E-1,-1.371435195E-2,6.180156112E-2,1.470032976E-1
2.448775433E1,1.635559043E-1,-6.511664003E-2,1.777787447E-1,2.501919117E-1
2.449774133E1,1.395605575E-1,-9.639632016E-2,3.228247762E-3,1.696461651E-1
2.450772733E1,1.397856022E-1,-1.804143772E-1,-2.064301014E-1,3.077381173E-1
2.451771433E1,1.688457706E-1,-2.625531390E-1,-4.260790032E-1,5.281915960E-1
2.452770133E1,9.322550302E-2,-2.968368262E-1,-5.913908994E-1,6.682411928E-1
2.453768833E1,1.774385098E-2,-2.684617504E-1,-5.775154567E-1,6.371111821E-1
2.454767533E1,-4.455823179E-2,-2.567930469E-1,-4.860030234E-1,5.514771470E-1
2.455766133E1,-1.246823538E-1,-2.761964473E-1,-2.939407003E-1,4.221744925E-1
2.456764833E1,-2.157533406E-1,-3.099088615E-1,-1.028788358E-1,3.913784119E-1
2.457763533E1,-2.539062583E-1,-2.961632270E-1,-8.050154150E-2,3.983234153E-1
2.458762233E1,-2.175389158E-1,-2.777146769E-1,-2.078059512E-1,4.094287911E-1
2.459760933E1,-1.848133106E-2,-3.380278292E-1,-2.923619521E-1,4.473028996E-1
2.460759633E1,9.143298425E-2,-3.918967652E-1,-3.671080792E-1,5.447122240E-1
2.461758233E1,1.236014412E-1,-3.787153870E-1,-3.979521418E-1,5.630884191E-1
2.462756933E1,8.163785649E-2,-2.168469161E-1,-1.767454247E0,1.782577303E0
2.463755633E1,-5.973637937E-2,-1.135587752E-2,-1.790512158E0,1.791544356E0
2.464754333E1,-3.070427757E-1,-1.365900806E-1,-3.264792860E-2,3.376359037E-1
2.465753033E1,-4.706147963E-1,-2.496544737E-1,1.454959747E0,1.549423605E0
2.466751633E1,-6.515466155E-1,-2.957317024E-1,2.353470386E0,2.459835989E0
2.467750333E1,-6.245618615E-1,-3.425839797E-1,1.909219991E0,2.037783668E0
2.468749000E1,-1.640005302E-1,-2.587170732E-1,6.279816055E-1,6.987070880E-1