"Time (s)","Linear Acceleration x (m/s^2)","Linear Acceleration y (m/s^2)","Linear Acceleration z (m/s^2)","Absolute acceleration (m/s^2)"
-2.109874971E-3,-6.335658244E-2,1.231847540E-2,2.239612234E-1,2.330760197E-1
7.878125180E-3,1.577993570E-2,3.218512148E-2,1.339450926E-1,1.386584878E-1
1.786512509E-2,5.833661989E-2,4.584816411E-2,1.106117785E-2,7.501709824E-2
2.785312524E-2,2.579218701E-2,5.075441658E-2,-2.833385289E-2,6.359288430E-2
3.784012515E-2,-5.545069920E-2,9.168668032E-2,-3.447225988E-2,1.125591582E-1
4.782812530E-2,-7.185276037E-2,1.271472658E-1,-6.101394117E-2,1.582780699E-1
5.781512521E-2,-2.214838495E-2,1.407730325E-1,-6.900416136E-2,1.583324727E-1
6.780312536E-2,-2.132358036E-2,1.280550461E-1,-3.924358785E-2,1.356202385E-1
7.779012527E-2,-3.649170544E-2,1.124070199E-1,1.286328971E-2,1.188799685E-1
8.777812542E-2,-5.032831902E-2,1.067869686E-1,1.862221241E-2,1.195122719E-1
9.776512533E-2,-7.661391053E-2,1.055377109E-1,4.212334156E-3,1.304823493E-1
1.077531250E-1,-7.469368491E-2,1.101760148E-1,-3.166267276E-3,1.331462581E-1
1.177401254E-1,-1.165245378E-1,1.167418532E-1,-2.475886524E-2,1.667921749E-1
1.277281251E-1,-9.242494611E-2,1.156051545E-1,-1.783634663E-2,1.490807086E-1
1.377151250E-1,-6.142199459E-2,1.093933649E-1,-3.850917757E-2,1.312346237E-1
1.477031251E-1,-2.782101096E-2,9.576759830E-2,-8.944310367E-2,1.339608537E-1
1.576901251E-1,-3.002184812E-2,1.514491712E-1,-1.468159837E-1,2.130565556E-1
1.676781252E-1,-6.638787496E-2,2.172104667E-1,-2.169246840E-1,3.140765119E-1
1.776651251E-1,-8.710274647E-2,2.812846944E-1,-2.760692704E-1,4.036362345E-1
1.876531253E-1,-1.107770263E-1,3.434215933E-1,-2.902113461E-1,4.630686404E-1
1.976401252E-1,-1.036926586E-1,3.507889389E-1,-2.421700376E-1,4.386928016E-1
2.076281253E-1,-4.246158928E-2,3.419934109E-1,-1.835803521E-1,3.904666763E-1
2.176151252E-1,-4.663027489E-2,3.327014543E-1,-1.622111177E-1,3.730644542E-1
2.276031254E-1,-1.137598463E-1,2.742490321E-1,-1.765642780E-1,3.454399782E-1
2.375901253E-1,-1.643129725E-1,2.614393906E-1,-1.387070650E-1,3.385099080E-1
2.475781250E-1,-5.418104027E-2,2.693220221E-1,-2.012050295E-1,3.405193101E-1
2.575648334E-1,1.185236734E-1,2.957925135E-1,-2.152851248E-1,3.845630730E-1
2.675528335E-1,1.413310761E-1,3.161756149E-1,-1.074946278E-1,3.626245821E-1
2.775398334E-1,1.131988060E-1,3.084637222E-1,2.661126316E-2,3.296543597E-1
2.875278336E-1,-1.021205798E-1,3.215186544E-1,3.521970946E-1,4.876942191E-1
2.975148335E-1,-4.111732811E-1,3.474307367E-1,1.022080432E0,1.155170980E0
3.075028337E-1,-7.639049208E-2,4.258731812E-1,8.143814850E-1,9.221825616E-1
3.174898336E-1,-5.644372087E-3,3.090051743E-1,5.057788914E-1,5.927295705E-1
3.274778337E-1,1.582680479E-2,1.821325815E-1,3.620075530E-1,4.055517641E-1
3.374648336E-1,1.371126755E-1,1.019315869E-1,3.879346919E-1,4.238906219E-1
3.474528333E-1,1.877328984E-1,1.307666923E-1,5.473110795E-1,5.932056867E-1
3.574398337E-1,3.752138550E-1,2.727173540E-1,4.272057617E-1,6.306068149E-1
3.674278334E-1,4.047758059E-1,3.693019545E-1,2.881765151E-1,6.190905350E-1
3.774148338E-1,2.477271217E-1,3.306071278E-1,1.213168609E-1,4.305665809E-1
3.874028334E-1,8.738259969E-2,3.385083242E-1,-7.979753673E-2,3.585962230E-1
3.973898333E-1,-3.511420878E-2,3.724740690E-1,-2.384517932E-1,4.436543671E-1
4.073778335E-1,-8.251484748E-2,3.922054982E-1,-3.012298393E-1,5.013713883E-1
4.173648334E-1,-7.529007350E-2,4.043201981E-1,-2.701799548E-1,4.920778655E-1
4.273528336E-1,1.003909369E-2,3.802285002E-1,-1.824839991E-1,4.218707216E-1
4.373398335E-1,1.481608981E-1,3.582871158E-1,-6.385510325E-2,3.929361059E-1
4.473278336E-1,2.559988306E-1,3.412753728E-1,6.803235412E-3,4.266738395E-1
4.573148335E-1,2.966476322E-1,3.381327868E-1,-5.130697846E-2,4.527317144E-1
4.673028337E-1,3.171873659E-1,3.037290855E-1,-1.221553516E-1,4.558301355E-1
4.772898336E-1,3.461783728E-1,2.687049946E-1,-1.274394804E-1,4.563799525E-1
4.872778337E-1,4.104322196E-1,2.398082010E-1,-1.652183408E-1,5.032491235E-1
4.972648337E-1,4.710924042E-1,2.826864181E-1,-2.385126042E-1,5.989390008E-1
5.072528333E-1,4.543360383E-1,3.142122661E-1,-3.415656871E-1,6.494749436E-1
5.172398337E-1,4.439236821E-1,2.998444878E-1,-4.698535985E-1,7.125569145E-1
5.272278334E-1,4.184287621E-1,3.228211217E-1,-5.843502671E-1,7.878840905E-1
5.372148338E-1,4.020239966E-1,3.561799255E-1,-6.897515917E-1,8.742108964E-1
5.472028335E-1,3.946075344E-1,3.596293442E-1,-7.472887784E-1,9.184165121E-1
5.571898334E-1,3.944933675E-1,3.416058867E-1,-7.535751200E-1,9.166215469E-1
5.671778335E-1,4.347507164E-1,3.281714702E-1,-6.968109351E-1,8.844490819E-1
5.771648334E-1,4.175206164E-1,2.610641456E-1,-6.195277011E-1,7.913864579E-1
5.871528336E-1,4.292162171E-1,2.320213178E-1,-5.587932569E-1,7.418290618E-1
5.971398335E-1,4.283494771E-1,2.719965385E-1,-5.177580822E-1,7.249405652E-1
6.071278336E-1,3.657975354E-1,3.112174684E-1,-4.188354725E-1,6.372497960E-1
6.171148336E-1,2.855630472E-1,3.574761070E-1,-2.907469511E-1,5.420970491E-1
6.271028337E-1,2.488385861E-1,4.235196769E-1,-1.476404411E-1,5.129203237E-1
6.370898336E-1,2.149781460E-1,4.161435606E-1,-1.850702226E-2,4.687574811E-1
6.470778338E-1,2.360580162E-1,4.130584234E-1,7.300131798E-2,4.813209330E-1
6.570648337E-1,2.527134080E-1,4.056191571E-1,1.082337159E-1,4.900056167E-1
6.670528334E-1,2.757053726E-1,3.615390448E-1,4.010312855E-2,4.564342169E-1
6.770398337E-1,2.892715341E-1,3.580728154E-1,-4.237477183E-3,4.603391335E-1
6.870278334E-1,2.748951677E-1,3.506645393E-1,-4.699641109E-2,4.480420014E-1
6.970148333E-1,2.080727122E-1,3.467878354E-1,-6.635069489E-2,4.098273673E-1
7.070028335E-1,1.973007888E-1,3.617308335E-1,-8.650955558E-3,4.121306057E-1
7.169898334E-1,2.117402503E-1,4.167044547E-1,8.772870004E-2,4.755763461E-1
7.269778335E-1,2.389296934E-1,4.568084604E-1,1.864162517E-1,5.481901009E-1
7.369648335E-1,2.361295715E-1,5.407860254E-1,2.888290644E-1,6.569847245E-1
7.469528336E-1,2.021580160E-1,6.016692813E-1,3.522374403E-1,7.259097753E-1
7.569398335E-1,1.090482330E-1,6.253018266E-1,3.399916166E-1,7.200612410E-1
7.669278337E-1,-1.252181232E-3,6.568235815E-1,2.689286506E-1,7.097474228E-1
7.769148336E-1,-4.748838119E-2,6.574926491E-1,2.289641011E-1,6.978368646E-1
7.869028337E-1,-2.474934524E-2,6.691180833E-1,1.224430346E-1,6.806789524E-1
7.968898336E-1,2.262052020E-2,7.026559581E-1,-1.644821763E-3,7.030218978E-1
8.068778333E-1,2.484847382E-2,7.410340118E-1,-1.330633324E-1,7.532958939E-1
8.168648337E-1,5.069269191E-2,7.577643576E-1,-2.633235097E-1,8.038133126E-1
8.268528334E-1,9.064174633E-2,7.730033711E-1,-3.337269098E-1,8.468316174E-1
8.368398338E-1,1.222078669E-1,7.983188912E-1,-4.015809238E-1,9.019506933E-1
8.468278334E-1,1.717308416E-1,8.448729604E-1,-4.551221234E-1,9.749040714E-1
8.568148334E-1,1.917790438E-1,8.661793372E-1,-4.886564898E-1,1.012833160E0
8.668028335E-1,2.070524644E-1,8.537896720E-1,-5.030429792E-1,1.012363455E0
8.767898334E-1,1.942616984E-1,8.963822526E-1,-5.431905466E-1,1.065971257E0
8.867778336E-1,1.580144066E-1,9.324940717E-1,-5.660952598E-1,1.102260219E0
8.967648335E-1,1.382855721E-1,9.828763130E-1,-5.686376292E-1,1.143904498E0
9.067528336E-1,7.777761608E-2,1.005414990E0,-6.103686225E-1,1.178752950E0
9.167398335E-1,8.350362992E-2,1.023600270E0,-6.760872334E-1,1.229562652E0
9.267278337E-1,1.320773640E-1,1.061478679E0,-7.126796937E-1,1.285337995E0
9.367148336E-1,2.139209876E-1,1.109497768E0,-7.410883909E-1,1.351280685E0
9.467028338E-1,2.757431419E-1,1.113673703E0,-7.810026544E-1,1.387900769E0
9.566898337E-1,3.216054124E-1,1.142529420E0,-8.220512778E-1,1.443804634E0
9.666778333E-1,3.264281959E-1,1.172511457E0,-7.817388189E-1,1.446531736E0
9.766648337E-1,3.469927803E-1,1.202267937E0,-6.858737183E-1,1.426981058E0
9.866528334E-1,3.219638468E-1,1.245356070E0,-5.845712918E-1,1.412903413E0
9.966398333E-1,2.360049710E-1,1.253399061E0,-5.135276216E-1,1.374924787E0
1.006627833E0,1.395897205E-1,1.267225241E0,-4.153481930E-1,1.340842728E0
1.016614833E0,4.164200608E-2,1.294186606E0,-3.944601846E-1,1.353606983E0
1.026602834E0,1.795716472E-2,1.238684250E0,-3.718887627E-1,1.293430471E0
1.036589833E0,1.125533465E-1,1.244907442E0,-2.578271270E-1,1.276298406E0
1.046577834E0,1.867985134E-1,1.259689349E0,-1.534461415E-1,1.282675586E0
1.056564834E0,1.795258014E-1,1.178209715E0,-3.592236936E-2,1.192349807E0
1.066552834E0,1.929482676E-1,1.108893458E0,1.117718661E-1,1.131090927E0
1.076539834E0,1.735312724E-1,1.055512180E0,2.884706300E-1,1.107896371E0
1.086527834E0,1.593541864E-1,9.980178241E-1,4.548701084E-1,1.108305080E0
1.096514834E0,1.625943296E-1,9.185047545E-1,4.976378131E-1,1.057228118E0
1.106502834E0,2.270425781E-1,8.938678037E-1,5.221505105E-1,1.059806180E0
1.116489834E0,2.489020101E-1,9.280896565E-1,4.978149837E-1,1.082184078E0
1.126477833E0,1.848600152E-1,9.327580735E-1,3.851192576E-1,1.025927722E0
1.136464834E0,6.357034385E-2,9.283105351E-1,3.500587678E-1,9.941543035E-1
1.146452833E0,2.329570916E-2,9.447438423E-1,3.819652694E-1,1.019304216E0
1.156439833E0,1.634413719E-2,9.396669973E-1,4.196435577E-1,1.029243369E0
1.166427833E0,5.008107316E-2,9.061071955E-1,5.298957324E-1,1.050870045E0
1.176414833E0,6.629573107E-2,8.826075281E-1,6.620533311E-1,1.105308005E0
1.186402834E0,6.499658938E-2,7.889174455E-1,7.185157996E-1,1.069055773E0
1.196389833E0,7.828482550E-2,7.064263889E-1,6.841844577E-1,9.865470739E-1
1.206377834E0,6.607722793E-2,6.118634632E-1,6.410717672E-1,8.886597259E-1
1.216364834E0,5.467102781E-2,5.801053347E-1,5.970510042E-1,8.342547705E-1
1.226352834E0,1.154859444E-1,5.936663434E-1,5.547078073E-1,8.206567383E-1
1.236339834E0,8.383812720E-2,5.326753525E-1,5.088095033E-1,7.413898930E-1
1.246327834E0,6.380704645E-2,4.802109177E-1,4.954468614E-1,6.929224034E-1
1.256315375E0,6.477046659E-2,4.341246258E-1,4.993639112E-1,6.648486443E-1
1.266303375E0,8.935716787E-2,3.796871942E-1,5.055479264E-1,6.385340827E-1
1.276290375E0,9.131360969E-2,3.347409631E-1,5.143608499E-1,6.204488469E-1
1.286278375E0,6.288066477E-2,3.062923586E-1,6.005745363E-1,6.770958283E-1
1.296265375E0,-2.425388508E-3,2.558153924E-1,6.614142305E-1,7.091658352E-1
1.306253375E0,-5.160909679E-2,1.777919009E-1,6.971114820E-1,7.212751745E-1
1.316240375E0,-1.036164803E-1,9.686555922E-2,7.629727650E-1,7.760455861E-1
1.326228375E0,-1.384948659E-1,1.730351910E-2,7.500141656E-1,7.628902204E-1
1.336215375E0,-1.521367489E-1,-6.508141056E-2,7.392079264E-1,7.575021708E-1
1.346202375E0,-1.221452652E-1,-1.370084488E-1,7.607701188E-1,7.825994854E-1
1.356190375E0,-1.166025067E-1,-2.162947927E-1,7.299459368E-1,7.701952042E-1
1.366178375E0,-1.446175219E-1,-3.319432166E-1,6.629339218E-1,7.553687255E-1
1.376165375E0,-2.201454401E-1,-3.878675951E-1,5.497569698E-1,7.079110198E-1
1.386153375E0,-2.502932637E-1,-3.985266307E-1,4.365671539E-1,6.419198339E-1
1.396140375E0,-2.326696278E-1,-3.486582135E-1,3.575537288E-1,5.509467983E-1
1.406127375E0,-2.594741232E-1,-3.035467985E-1,2.248722196E-1,4.582957502E-1
1.416115375E0,-2.806911289E-1,-2.623522872E-1,1.011381197E-1,3.972973089E-1
1.426102375E0,-2.727578277E-1,-2.089340253E-1,-3.085868061E-2,3.449674154E-1
1.436090375E0,-2.456534067E-1,-1.400519246E-1,-1.652738893E-1,3.275295350E-1
1.446077375E0,-2.347308810E-1,-1.072771114E-1,-2.678703046E-1,3.719697100E-1
1.456065375E0,-2.298070320E-1,-8.390155122E-2,-3.434280252E-1,4.216557254E-1
1.466052375E0,-2.404364844E-1,-9.031506971E-2,-3.739165771E-1,4.536299389E-1
1.476040375E0,-2.232257533E-1,-6.265496224E-2,-4.396492213E-1,4.970380458E-1
1.486027375E0,-1.691432660E-1,3.294628277E-2,-5.464398444E-1,5.729671941E-1
1.496015375E0,-1.380460373E-1,8.859408796E-2,-6.192914736E-1,6.406461973E-1
1.506002375E0,-2.049704902E-1,8.243945494E-2,-6.675321722E-1,7.031417826E-1
1.515990375E0,-2.296434379E-1,2.154757440E-2,-6.216888320E-1,6.630968334E-1
1.525977375E0,-2.493379566E-1,2.300586998E-3,-4.600495720E-1,5.232784326E-1
1.535965375E0,-2.983411686E-1,-4.558825538E-2,-2.475319344E-1,3.903303735E-1
1.545952375E0,-3.228746237E-1,-6.700353652E-2,-7.208096623E-2,3.375398676E-1
1.555940375E0,-3.317689696E-1,-3.992990479E-2,2.234688878E-2,3.349095847E-1
1.565927375E0,-3.392364122E-1,4.819859862E-2,-5.609994113E-2,3.472054891E-1
1.575915375E0,-3.276127687E-1,1.767401330E-1,-2.449334317E-1,4.456002545E-1
1.585902375E0,-3.044708413E-1,3.153638752E-1,-5.055315542E-1,6.691180907E-1
1.595890375E0,-2.722710653E-1,4.273541348E-1,-7.604783428E-1,9.138328071E-1
1.605877375E0,-2.168956307E-1,5.134102388E-1,-9.160049236E-1,1.072240089E0
1.615865375E0,-1.830164612E-1,5.471958894E-1,-9.558636385E-1,1.116509589E0
1.625852375E0,-1.427104160E-1,5.273136020E-1,-8.917588592E-1,1.045781890E0
1.635840375E0,-7.866703240E-2,4.909323724E-1,-7.818896770E-1,9.265821946E-1
1.645827375E0,-3.343353856E-2,4.978733097E-1,-6.269589275E-1,8.012946592E-1
1.655815375E0,-5.049807100E-2,5.181325963E-1,-5.471496964E-1,7.552378650E-1
1.665802375E0,-1.468916686E-1,5.370796216E-1,-5.445710742E-1,7.788384538E-1
1.675790375E0,-2.109309043E-1,6.126809040E-1,-6.142172599E-1,8.928228149E-1
1.685777375E0,-1.839673281E-1,7.010859807E-1,-7.091386199E-1,1.014023231E0
1.695765375E0,-1.271604038E-1,7.340376721E-1,-7.900330943E-1,1.085879074E0
1.705752375E0,-8.477790266E-2,7.089045851E-1,-8.136365497E-1,1.082468216E0
1.715740375E0,-5.297842333E-2,6.423106460E-1,-7.475027865E-1,9.869802912E-1
1.725727375E0,1.976985639E-2,5.393404475E-1,-5.461580086E-1,7.678330130E-1
1.735715375E0,4.732610269E-2,4.154661606E-1,-2.419864351E-1,4.831245444E-1
1.745702375E0,9.288981803E-2,3.307354742E-1,7.523612380E-2,3.516744895E-1
1.755690375E0,1.636152900E-1,3.177550940E-1,3.446547711E-1,4.965130151E-1
1.765677375E0,1.247902166E-1,3.370251779E-1,5.378321582E-1,6.468554700E-1
1.775665375E0,-4.326418815E-3,3.459404276E-1,6.221156788E-1,7.118436733E-1
1.785652375E0,-9.727557695E-2,3.615574636E-1,5.938017064E-1,7.019877519E-1
1.795640375E0,-1.165921462E-1,4.027066590E-1,5.534208351E-1,6.942917272E-1
1.805627375E0,-1.501979766E-1,4.133601397E-1,4.610494459E-1,6.371755087E-1
1.815615375E0,-2.249312399E-1,3.890975569E-1,3.520620239E-1,5.709103609E-1
1.825602375E0,-1.957450640E-1,3.788944580E-1,2.781608194E-1,5.091665560E-1
1.835590375E0,-7.782517039E-2,4.063038661E-1,2.644327265E-1,4.909829483E-1
1.845577375E0,2.407630331E-2,4.431452715E-1,3.111701059E-1,5.420186666E-1
1.855565375E0,7.011997456E-2,4.173125651E-1,2.637532800E-1,4.986305051E-1
1.865552375E0,2.272666178E-1,5.148208795E-1,9.696554661E-2,5.710455068E-1
1.875539375E0,4.298048856E-1,7.090362936E-1,-1.051159805E-1,8.357715446E-1
1.885527375E0,4.786947347E-1,6.728369124E-1,-3.213331515E-1,8.860661115E-1
1.895514375E0,4.365708815E-1,5.438784716E-1,-4.142161721E-1,8.111553265E-1
1.905502375E0,3.530121233E-1,5.345531859E-1,-1.727396142E-1,6.634784413E-1
1.915489375E0,2.925720681E-1,5.945979510E-1,1.328867465E-1,6.758727882E-1
1.925477375E0,1.964496717E-1,5.118741752E-1,3.327790761E-1,6.413653859E-1
1.935464375E0,1.684304356E-1,2.958236499E-1,5.660432196E-1,6.605190155E-1
1.945452375E0,2.931069787E-1,8.596532598E-2,7.153366685E-1,7.778227867E-1
1.955439375E0,3.990207204E-1,-1.889621294E-1,7.701964152E-1,8.877650250E-1
1.965427375E0,4.178989312E-1,-4.316708417E-1,7.523156297E-1,9.627866010E-1
1.975414375E0,4.713132097E-1,-5.403986473E-1,7.014898771E-1,1.003122568E0
1.985402375E0,4.952473982E-1,-5.548712370E-1,6.832500726E-1,1.009941947E0
1.995389375E0,4.645308781E-1,-5.675091165E-1,6.435831463E-1,9.757329554E-1
2.005377375E0,4.682085209E-1,-5.969222192E-1,6.744020659E-1,1.015063299E0
2.015364375E0,4.853404973E-1,-5.956311540E-1,7.289957643E-1,1.059134880E0
2.025352375E0,3.906078196E-1,-5.584463708E-1,7.887806207E-1,1.042406679E0
2.035339375E0,3.434683710E-1,-5.337795992E-1,8.017456520E-1,1.022588516E0
2.045327375E0,3.918328113E-1,-4.527830909E-1,7.060068512E-1,9.257381668E-1
2.055314375E0,5.014223503E-1,-3.782929257E-1,4.819707835E-1,7.917232769E-1
2.065302375E0,6.319000440E-1,-3.267152211E-1,2.321625280E-1,7.482913475E-1
2.075289375E0,7.490123914E-1,-2.778421462E-1,-9.632703066E-3,7.989421817E-1
2.085277375E0,7.531305123E-1,-2.424125509E-1,-1.357150447E-1,8.027378070E-1
2.095264375E0,6.406275250E-1,-2.162269650E-1,-1.689728379E-1,6.969286521E-1
2.105252375E0,5.114080790E-1,-2.547874519E-1,-1.273055792E-1,5.853730259E-1
2.115239375E0,3.678464364E-1,-3.382326280E-1,6.450648308E-3,4.997538616E-1
2.125227375E0,3.508792783E-1,-4.189449616E-1,2.054448456E-1,5.838139544E-1
2.135214375E0,4.770441754E-1,-5.103780189E-1,3.975136006E-1,8.037872418E-1
2.145202375E0,5.986866531E-1,-6.222355467E-1,5.650316513E-1,1.031922260E0
2.155189375E0,6.760139240E-1,-6.726758216E-1,6.304719347E-1,1.143233330E0
2.165177375E0,6.093293530E-1,-6.568069169E-1,5.712957734E-1,1.062570679E0
2.175164375E0,4.512932935E-1,-6.403889586E-1,3.762753439E-1,8.691068918E-1
2.185152375E0,3.181071329E-1,-5.918908364E-1,1.087032473E-1,6.806932541E-1
2.195139375E0,3.279102093E-1,-5.141561973E-1,-2.157493937E-1,6.468612691E-1
2.205126375E0,3.767157489E-1,-4.275152256E-1,-5.321358007E-1,7.796489812E-1
2.215114375E0,4.432309332E-1,-3.451599705E-1,-8.119092822E-1,9.873123862E-1
2.225101375E0,5.376886822E-1,-2.362932935E-1,-1.011974105E0,1.170057788E0
2.235089375E0,5.533041832E-1,-1.072889520E-1,-1.138709580E0,1.270557337E0
2.245076375E0,4.573289722E-1,-4.378263518E-2,-1.163169653E0,1.250611990E0
2.255063458E0,4.029148199E-1,3.296601713E-2,-1.114264126E0,1.185331874E0
2.265050459E0,3.894002234E-1,1.115428014E-1,-1.070920470E0,1.144965058E0
2.275038458E0,4.425638390E-1,1.716296665E-1,-1.042372609E0,1.145364637E0
2.285025458E0,5.082456855E-1,2.615262218E-1,-1.025660098E0,1.174175573E0
2.295013458E0,4.934753264E-1,3.145046268E-1,-1.054605569E0,1.206077927E0
2.305000458E0,4.792406454E-1,3.987144725E-1,-1.059856369E0,1.229609836E0
2.314988459E0,4.996621192E-1,4.849334215E-1,-1.098415248E0,1.300514788E0
2.324975458E0,4.729318652E-1,5.436042371E-1,-1.173737326E0,1.377254307E0
2.334963459E0,4.263658091E-1,5.810926370E-1,-1.191294760E0,1.392350409E0
2.344950459E0,4.080823332E-1,6.153567360E-1,-1.113553104E0,1.336112128E0
2.354938459E0,4.206664184E-1,6.394427329E-1,-9.789841139E-1,1.242681431E0
2.364925459E0,3.535104523E-1,6.553047672E-1,-7.365339947E-1,1.047318625E0
2.374913459E0,3.042759280E-1,6.430319001E-1,-4.766334450E-1,8.563021113E-1
2.384900459E0,2.639625921E-1,6.938013732E-1,-2.068855995E-1,7.706090103E-1
2.394888459E0,2.404790411E-1,7.090130509E-1,2.449807942E-2,7.490859974E-1
2.404875459E0,2.554960614E-1,7.429366958E-1,1.701130450E-1,8.038480077E-1
2.414863458E0,2.739806815E-1,8.137356600E-1,2.834490412E-1,9.041982621E-1
2.424850459E0,2.863669846E-1,8.955729979E-1,3.787528092E-1,1.013662042E0
2.434838458E0,2.793291114E-1,9.357382531E-1,4.284664214E-1,1.066402506E0
2.444825458E0,2.260892992E-1,9.701169576E-1,5.372462672E-1,1.131758293E0
2.454813458E0,1.204257818E-1,9.392826891E-1,7.304371029E-1,1.195948452E0
2.464800458E0,1.461300504E-2,7.913332227E-1,9.949207002E-1,1.271333555E0
2.474788459E0,-6.393040443E-2,5.738244018E-1,1.193614935E0,1.325925395E0
2.484775458E0,-1.051747816E-2,3.547824410E-1,1.361838160E0,1.407332360E0
2.494762458E0,1.005335907E-1,2.397159612E-1,1.451041528E0,1.474141194E0
2.504750459E0,1.191559493E-1,1.434906721E-1,1.430096802E0,1.442208229E0
2.514737458E0,4.236879671E-2,7.400630817E-2,1.258948799E0,1.261833637E0
2.524725459E0,2.032039002E-2,1.136546695E-1,1.073154691E0,1.079347624E0
2.534712458E0,1.348359890E-1,3.130960326E-1,8.894573951E-1,9.525462336E-1
2.544700459E0,2.682448187E-1,5.342943004E-1,7.801191401E-1,9.828588683E-1
2.554687459E0,2.755271604E-1,6.311826637E-1,6.857988739E-1,9.719191667E-1
2.564675459E0,2.029518121E-1,6.334613237E-1,6.994509530E-1,9.652431415E-1
2.574662459E0,1.555998903E-1,6.586708631E-1,7.518747497E-1,1.011619628E0
2.584650459E0,1.388005656E-1,6.331900129E-1,8.112064469E-1,1.038388698E0
2.594637459E0,1.866281401E-2,5.180622835E-1,8.159894693E-1,9.667345263E-1
2.604625458E0,-1.272350106E-1,2.723679829E-1,7.693883300E-1,8.260335758E-1
2.614612459E0,-2.853424793E-1,1.579406038E-2,7.326672310E-1,7.864293065E-1
2.624600458E0,-4.140857061E-1,-1.305064912E-1,7.569156343E-1,8.725939455E-1
2.634587458E0,-4.616829551E-1,-1.679905057E-1,8.093370920E-1,9.467832326E-1
2.644575458E0,-5.423103214E-1,-2.388654837E-1,7.823171085E-1,9.814159476E-1
2.654562458E0,-5.880076639E-1,-3.807760920E-1,7.043363017E-1,9.933947206E-1
2.664550459E0,-5.138189226E-1,-3.954890022E-1,6.470979077E-1,9.160552048E-1
2.674537458E0,-4.236137440E-1,-3.905288091E-1,6.262730491E-1,8.509872425E-1
2.684525459E0,-3.495841932E-1,-4.393018967E-1,5.621121365E-1,7.944591358E-1
2.694512459E0,-2.226734107E-1,-4.462583292E-1,5.004164100E-1,7.065030273E-1
2.704500459E0,-1.547181302E-1,-4.533898857E-1,3.988818491E-1,6.233833634E-1
2.714487459E0,-1.187843222E-1,-4.763252968E-1,2.665733922E-1,5.586205125E-1
2.724474458E0,-7.045015952E-2,-4.578977966E-1,7.809307337E-2,4.698213972E-1
2.734462459E0,6.111802161E-4,-4.193117282E-1,-1.063859957E-1,4.325975948E-1
2.744449459E0,-3.964863544E-2,-4.165891184E-1,-3.123290241E-1,5.221761457E-1
2.754437459E0,-1.239756081E-1,-4.182337940E-1,-4.984219247E-1,6.623547938E-1
2.764424459E0,-1.059742787E-1,-3.949814638E-1,-6.719760561E-1,7.866337931E-1
2.774412459E0,-1.114858641E-1,-3.960719696E-1,-7.809424281E-1,8.827078673E-1
2.784399459E0,-1.442940978E-1,-4.360550840E-1,-7.982817614E-1,9.209878357E-1
2.794387458E0,-1.558641662E-1,-4.368372953E-1,-8.133909667E-1,9.363361178E-1
2.804374459E0,-1.872082387E-1,-4.377431752E-1,-7.942892826E-1,9.260461524E-1
2.814362458E0,-2.111796485E-1,-4.279436803E-1,-7.680352843E-1,9.042183560E-1
2.824349458E0,-2.267424149E-1,-4.258778590E-1,-7.126089424E-1,8.605786299E-1
2.834337458E0,-2.422005345E-1,-4.414643432E-1,-6.386937046E-1,8.133151379E-1
2.844324458E0,-1.829371401E-1,-3.815454394E-1,-5.440337151E-1,6.892137569E-1
2.854312459E0,-1.861259374E-1,-3.133574031E-1,-4.719012934E-1,5.962604778E-1
2.864299458E0,-2.739926683E-1,-3.019230267E-1,-4.101546961E-1,5.783220306E-1
2.874287459E0,-3.279675120E-1,-3.360745668E-1,-3.019502163E-1,5.582855331E-1
2.884274459E0,-2.990232829E-1,-3.037273313E-1,-2.200108445E-1,4.796561134E-1
2.894262459E0,-2.765483583E-1,-2.696389411E-1,-2.083655298E-1,4.388625606E-1
2.904249459E0,-2.573284143E-1,-2.348923007E-1,-2.806230819E-1,4.473719033E-1
2.914236458E0,-1.851660987E-1,-1.567987888E-1,-4.177116376E-1,4.830686871E-1
2.924224459E0,-1.125439361E-1,-7.799644813E-2,-6.225086117E-1,6.373904259E-1
2.934211459E0,-4.714312138E-2,3.472939119E-2,-8.496945745E-1,8.517097360E-1
2.944199459E0,-1.341753267E-3,1.578138654E-1,-1.040337778E0,1.052240329E0
2.954186459E0,1.960614349E-2,2.754906884E-1,-1.163064988E0,1.195407749E0
2.964174459E0,4.130354365E-3,3.947868977E-1,-1.241317690E0,1.302591019E0
2.974161459E0,-1.472796679E-2,4.801211630E-1,-1.249141849E0,1.338315585E0
2.984149458E0,-2.458611656E-2,5.266683617E-1,-1.163376644E0,1.277274151E0
2.994136459E0,-1.399058721E-2,5.590079959E-1,-1.026741832E0,1.169138344E0
3.004124458E0,-9.587213555E-3,5.749651936E-1,-8.683530396E-1,1.041495987E0
3.014111458E0,-4.610646486E-2,5.725374296E-1,-7.176936811E-1,9.192437840E-1
3.024099458E0,-7.775938922E-2,5.641716720E-1,-6.066556406E-1,8.320860919E-1
3.034086458E0,-1.160218508E-1,5.871504986E-1,-5.377140445E-1,8.045763926E-1
3.044074459E0,-1.087081626E-1,6.135838602E-1,-5.266031653E-1,8.158514030E-1
3.054061458E0,-9.694447836E-2,6.788864417E-1,-5.389343584E-1,8.722013961E-1
3.064049459E0,-6.124333475E-2,7.098952496E-1,-5.120704955E-1,8.774498298E-1
3.074036459E0,2.014213216E-2,7.534618302E-1,-4.256720370E-1,8.656252758E-1
3.084024459E0,8.674633127E-2,7.862499458E-1,-2.820071179E-1,8.397868287E-1
3.094011459E0,8.281015928E-2,7.856278020E-1,-7.026949883E-2,7.930992171E-1
3.103998458E0,1.972011851E-2,8.120727119E-1,1.769548720E-1,8.313627362E-1
3.113986459E0,-1.071435665E-1,7.970363045E-1,4.054067570E-1,9.006115995E-1
3.123973459E0,-2.507456737E-1,8.015857306E-1,5.767828006E-1,1.018867742E0
3.133961459E0,-3.503675008E-1,8.153249332E-1,6.270448816E-1,1.086599013E0
3.143948459E0,-3.679874273E-1,7.686761391E-1,5.841830367E-1,1.033221938E0
3.153936459E0,-3.357228568E-1,6.857529733E-1,5.221645439E-1,9.249988042E-1
3.163923459E0,-2.406212016E-1,5.540282147E-1,4.146997368E-1,7.326811701E-1
3.173911458E0,-7.396895908E-2,4.624713425E-1,3.757011473E-1,6.004186054E-1
3.183898459E0,1.095357081E-1,3.848995484E-1,4.094384122E-1,5.725255864E-1
3.193886458E0,1.890837149E-1,3.285097316E-1,5.212664115E-1,6.445075382E-1
3.203873458E0,2.121417530E-1,2.819341739E-1,6.548530698E-1,7.438572072E-1
3.213861458E0,2.703078626E-1,3.803597702E-1,7.970836669E-1,9.236245273E-1
3.223848458E0,2.407876645E-1,4.941682215E-1,8.745972812E-1,1.033005970E0
3.233836459E0,5.701362340E-2,4.876821975E-1,8.382480651E-1,9.714650265E-1
3.243823458E0,-1.253507088E-1,4.358220725E-1,6.820192337E-1,8.190261987E-1
3.253810458E0,-1.393134212E-1,4.015304916E-1,4.770404112E-1,6.389072851E-1
3.263799125E0,-1.925309043E-2,4.132364711E-1,3.600920051E-1,5.484535666E-1
3.273786125E0,1.281498258E-1,3.986517611E-1,3.155087399E-1,5.243008387E-1
3.283774125E0,3.236798584E-1,3.660491484E-1,3.525935358E-1,6.025635496E-1
3.293761125E0,4.960936000E-1,3.329438214E-1,4.694934100E-1,7.598582172E-1
3.303749125E0,4.984791178E-1,1.545927805E-1,6.523042685E-1,8.353928521E-1
3.313736125E0,3.885219716E-1,-1.323355003E-1,8.763409209E-1,9.676959320E-1
3.323724125E0,3.253857470E-1,-4.965804903E-1,1.102327620E0,1.252036041E0
3.333711125E0,3.047847089E-1,-7.936455041E-1,1.304431366E0,1.557018977E0
3.343699125E0,2.682349881E-1,-1.094039484E0,1.419191744E0,1.811898896E0
3.353686125E0,3.191536749E-1,-1.260005830E0,1.418359101E0,1.923854542E0
3.363674125E0,3.857917239E-1,-1.294226952E0,1.330960184E0,1.896131237E0
3.373661125E0,4.257999814E-1,-1.300038207E0,1.075705832E0,1.740272393E0
3.383649125E0,5.006562920E-1,-1.265314809E0,7.308569330E-1,1.544613267E0
3.393636125E0,6.227208656E-1,-1.178326805E0,3.446962863E-1,1.376608465E0
3.403623125E0,7.895761344E-1,-1.103583309E0,-3.424071014E-2,1.357386835E0
3.413611125E0,9.290116163E-1,-1.026275517E0,-3.591663909E-1,1.430141432E0
3.423598125E0,9.471679518E-1,-9.371418773E-1,-6.098727787E-1,1.465369180E0
3.433586125E0,8.848720086E-1,-8.639059398E-1,-7.607952619E-1,1.451943998E0
3.443573125E0,8.268650711E-1,-7.977976120E-1,-7.969515198E-1,1.398327072E0
3.453561125E0,7.650143934E-1,-7.363983393E-1,-7.777024859E-1,1.316187940E0
3.463548125E0,6.768367003E-1,-6.795821142E-1,-7.089515090E-1,1.192707848E0
3.473536125E0,5.695587849E-1,-6.235024922E-1,-6.480855024E-1,1.064503352E0
3.483523125E0,4.553336098E-1,-5.687586665E-1,-6.008587110E-1,9.443761473E-1
3.493511125E0,4.526000365E-1,-4.830697677E-1,-5.904296172E-1,8.870232952E-1
3.503498125E0,4.628982624E-1,-4.407685246E-1,-5.259020841E-1,8.277225958E-1
3.513486125E0,4.232355753E-1,-4.495713615E-1,-4.440129983E-1,7.605197591E-1
3.523473125E0,3.380170484E-1,-4.537439346E-1,-3.175640363E-1,6.488343397E-1
3.533460125E0,2.597542962E-1,-4.380337818E-1,-2.093431842E-1,5.506091692E-1
3.543448125E0,2.050519858E-1,-3.778925376E-1,-4.048787534E-2,4.318429748E-1
3.553435125E0,8.876044124E-2,-2.788743259E-1,9.230297685E-2,3.068699156E-1
3.563423125E0,-6.527860790E-2,-1.855371228E-1,1.665088212E-1,2.577023635E-1
3.573410125E0,-2.062970041E-1,-1.181025003E-1,1.864010489E-1,3.020794689E-1
3.583398125E0,-2.548103109E-1,-1.943892226E-2,1.715356725E-1,3.077834518E-1
3.593385125E0,-2.708477799E-1,4.789571285E-2,8.651598752E-2,2.883358030E-1
3.603373125E0,-2.918477991E-1,4.717182755E-2,-3.738183439E-2,2.979894641E-1
3.613360125E0,-2.525357805E-1,5.535851419E-2,-1.390216452E-1,2.935402926E-1
3.623348125E0,-1.390575142E-1,6.897521764E-2,-2.209335351E-1,2.700114809E-1
3.633335125E0,-2.591043781E-2,9.072115883E-2,-3.435397071E-1,3.562600311E-1
3.643323125E0,2.577545850E-2,8.894389763E-2,-4.812410510E-1,4.900697301E-1
3.653310125E0,3.072879933E-2,1.349071057E-1,-6.337984157E-1,6.487253795E-1
3.663297125E0,5.222327370E-2,2.294691543E-1,-8.149773163E-1,8.482755384E-1
3.673285125E0,3.024371797E-2,3.606319955E-1,-9.648677659E-1,1.030504694E0
3.683272125E0,-8.199696690E-3,4.498401873E-1,-1.102219446E0,1.190508772E0
3.693260125E0,-1.344004445E-2,5.664871694E-1,-1.164244371E0,1.294817865E0
3.703247125E0,8.293909952E-5,6.640833382E-1,-1.169570015E0,1.344953794E0
3.713235125E0,4.437417241E-2,7.512042202E-1,-1.051759729E0,1.293242195E0
3.723222125E0,8.726042943E-2,7.926772052E-1,-8.184716123E-1,1.142736765E0
3.733210125E0,1.102637230E-1,8.176360452E-1,-4.819783849E-1,9.555050782E-1
3.743197125E0,1.069716766E-1,8.782257709E-1,-1.506155044E-1,8.974455273E-1
3.753185125E0,3.406342073E-2,9.104355969E-1,8.333393276E-2,9.148758588E-1
3.763172125E0,-6.942499643E-3,8.961679521E-1,2.857972831E-1,9.406621517E-1
3.773160125E0,1.171031015E-2,9.140887910E-1,4.201972890E-1,1.006111928E0
3.783147125E0,1.005937805E-1,9.199536945E-1,4.004635209E-1,1.008367463E0
3.793134125E0,1.415171089E-1,9.125246608E-1,3.236030406E-1,9.784923488E-1
3.803122125E0,2.123898029E-1,8.961181046E-1,3.012736934E-1,9.689700326E-1
3.813109125E0,3.044628379E-1,8.569764045E-1,2.725170869E-1,9.494059933E-1
3.823097125E0,3.196435254E-1,7.804366440E-1,3.041294736E-1,8.965199804E-1
3.833084125E0,3.405922718E-1,6.720171328E-1,3.603516215E-1,8.351427504E-1
3.843072125E0,3.829377345E-1,5.801029958E-1,5.330672622E-1,8.759688923E-1
3.853059125E0,3.461083158E-1,4.875576518E-1,7.971398002E-1,9.964613847E-1
3.863047125E0,2.221551281E-1,3.876613346E-1,1.019545664E0,1.113152089E0
3.873034125E0,1.163063453E-1,3.518905543E-1,1.194033011E0,1.250227563E0
3.883022125E0,7.163774729E-2,4.745277165E-1,1.275023380E0,1.362348392E0
3.893009125E0,2.034016091E-2,5.804928589E-1,1.198752299E0,1.332063345E0
3.902996125E0,-9.826075969E-2,5.333026126E-1,1.040482789E0,1.173316363E0
3.912984125E0,-2.671854312E-1,4.446952222E-1,8.554470652E-1,1.000465680E0
3.922971125E0,-2.997242909E-1,3.199061385E-1,6.982440877E-1,8.244509652E-1
3.932959125E0,-2.206040628E-1,1.831739706E-1,6.592700565E-1,7.189268832E-1
3.942946125E0,-9.211743739E-2,5.781522185E-2,7.106624043E-1,7.189362107E-1
3.952934125E0,-2.912607752E-2,-1.383305043E-1,7.840204024E-1,7.966628197E-1
3.962921125E0,1.931368221E-2,-3.669936199E-1,8.067841977E-1,8.865427666E-1
3.972909125E0,1.114412060E-1,-4.382841888E-1,8.308612776E-1,9.459612229E-1
3.982896125E0,4.828195799E-2,-3.714467132E-1,8.218016016E-1,9.031399010E-1
3.992883125E0,-1.959545222E-1,-3.813172518E-1,7.912651026E-1,8.999452672E-1
4.002871125E0,-4.671085865E-1,-4.480047463E-1,7.405358291E-1,9.835100398E-1
4.012858125E0,-6.140414049E-1,-5.024193737E-1,6.949140984E-1,1.054693168E0
4.022846125E0,-6.107900972E-1,-5.324126664E-1,6.968658990E-1,1.068714120E0
4.032833125E0,-5.743356677E-1,-5.392049383E-1,6.870069087E-1,1.045266434E0
4.042821125E0,-5.585984715E-1,-5.253082994E-1,6.442240012E-1,1.001501685E0
4.052808125E0,-5.672546530E-1,-5.452568065E-1,5.275504142E-1,9.473079045E-1
4.062796125E0,-4.881150377E-1,-5.109371589E-1,3.678027284E-1,7.966127776E-1
4.072783125E0,-3.861955472E-1,-4.594068168E-1,2.328010440E-1,6.437374854E-1
4.082771125E0,-3.333083222E-1,-4.395270145E-1,1.050990236E-1,5.615373887E-1
4.092758125E0,-3.382211528E-1,-4.526949441E-1,-6.165304184E-3,5.651232358E-1
4.102745125E0,-3.572049059E-1,-4.603179592E-1,-1.182827407E-1,5.945408103E-1
4.112733125E0,-4.104041164E-1,-4.955322307E-1,-2.702056825E-1,6.978501568E-1
4.122720125E0,-4.270143750E-1,-4.939990908E-1,-4.215129125E-1,7.772062233E-1
4.132708125E0,-3.849111332E-1,-4.592781781E-1,-5.958026236E-1,8.450288703E-1
4.142695125E0,-3.086533181E-1,-4.870204389E-1,-7.662179697E-1,9.589294842E-1
4.152683125E0,-2.404383116E-1,-5.174910106E-1,-9.780906594E-1,1.132373112E0
4.162670125E0,-1.690095292E-1,-5.707075435E-1,-1.129917122E0,1.277099849E0
4.172658125E0,-4.557217553E-2,-6.024959314E-1,-1.191695879E0,1.336120219E0
4.182645125E0,5.633375667E-2,-5.901043658E-1,-1.159498186E0,1.302241413E0
4.192633125E0,1.279030915E-1,-5.797794986E-1,-1.074566794E0,1.227679625E0
4.202620125E0,1.788441074E-1,-5.803070636E-1,-8.636951476E-1,1.055798660E0
4.212607125E0,2.047033455E-1,-5.421055958E-1,-5.872504860E-1,8.250121635E-1
4.222595125E0,1.855642392E-1,-5.231416136E-1,-3.153432637E-1,6.383984718E-1
4.232582125E0,1.410503732E-1,-5.156630248E-1,-1.081582868E-1,5.454372355E-1
4.242570125E0,8.089703254E-2,-4.898446441E-1,-5.459019005E-2,4.994719152E-1
4.252557125E0,3.669365365E-2,-3.981676117E-1,-1.442601657E-1,4.250821881E-1
4.262545125E0,5.551167469E-2,-3.125132114E-1,-3.391203815E-1,4.644875525E-1
4.272532125E0,1.018083568E-1,-2.381246415E-1,-6.243996012E-1,6.759757010E-1
4.282519125E0,1.823481610E-1,-1.652604407E-1,-9.417467058E-1,9.733697771E-1
4.292507125E0,2.922257850E-1,-4.448956355E-2,-1.194411911E0,1.230445059E0
4.302494125E0,3.739773151E-1,1.365970972E-1,-1.386456107E0,1.442490325E0
4.312482125E0,3.794129964E-1,3.090572146E-1,-1.424322091E0,1.506042497E0
4.322469125E0,3.236160506E-1,4.479601613E-1,-1.355679873E0,1.463988925E0
4.332457125E0,2.256568976E-1,5.590009792E-1,-1.215825584E0,1.357068525E0
4.342444125E0,1.379604669E-1,6.224988176E-1,-9.964859998E-1,1.183014039E0
4.352432125E0,1.119813243E-1,6.928618719E-1,-7.581043732E-1,1.033111626E0
4.362419125E0,6.501034861E-2,7.388661566E-1,-5.747900695E-1,9.383672878E-1
4.372406125E0,1.653393416E-2,7.420042111E-1,-4.160679853E-1,8.508561504E-1
4.382394125E0,2.726227753E-2,7.358169799E-1,-3.572432417E-1,8.184085736E-1
4.392381125E0,4.098525412E-2,7.457221632E-1,-3.440460759E-1,8.222828212E-1
4.402369125E0,1.222386379E-1,7.532675564E-1,-3.477982342E-1,8.386405117E-1
4.412356125E0,2.029973473E-1,7.580076018E-1,-3.462802970E-1,8.577257671E-1
4.422344125E0,2.010542079E-1,7.499768896E-1,-3.200900334E-1,8.398486524E-1
4.432331125E0,2.081733391E-1,7.504974380E-1,-2.504157811E-1,8.181018317E-1
4.442319125E0,2.309626428E-1,7.587396732E-1,-1.670198679E-1,8.105092660E-1
4.452306125E0,2.448724745E-1,7.375460015E-1,-8.038927495E-2,7.812804034E-1
4.462293125E0,2.601450729E-1,7.126354010E-1,9.255557656E-2,7.642586006E-1
4.472281125E0,2.593846790E-1,6.336985745E-1,3.096357965E-1,7.514842789E-1
4.482268125E0,1.274992408E-1,5.356207412E-1,5.817272061E-1,8.009695233E-1
4.492256125E0,2.662943521E-2,4.647562882E-1,8.678840929E-1,9.848504115E-1
4.502243125E0,-8.760318590E-2,3.650041048E-1,1.035219126E0,1.101172536E0
4.512231125E0,-1.756095373E-1,2.737021713E-1,1.073368115E0,1.121548349E0
4.522218125E0,-1.779710633E-1,2.668461648E-1,1.003581596E0,1.053592234E0
4.532206125E0,-1.064272003E-1,2.185984495E-1,8.777998012E-1,9.108482432E-1
4.542193125E0,4.533914572E-2,2.563419342E-1,7.741918176E-1,8.167862608E-1
4.552180125E0,1.810628516E-1,3.304170933E-1,7.434582675E-1,8.334802981E-1
4.562168125E0,1.961808825E-1,2.859956498E-1,7.282122374E-1,8.065813741E-1
4.572155125E0,1.796361127E-1,1.929760967E-1,7.526155919E-1,7.974579212E-1
4.582143125E0,2.063236455E-1,1.834844577E-1,8.060784388E-1,8.520554221E-1
4.592130125E0,2.625457935E-1,2.169179597E-1,9.192372644E-1,9.802963038E-1
4.602118125E0,2.753391176E-1,1.734009343E-1,1.018392009E0,1.069112621E0
4.612105125E0,2.995350056E-1,9.360456705E-2,1.094589999E0,1.138687974E0
4.622093125E0,3.778213477E-1,4.595312163E-2,1.119489198E0,1.182419859E0
4.632080125E0,4.222385154E-1,-2.040283576E-2,1.144374948E0,1.219957237E0
4.642067125E0,4.144167681E-1,-1.521432357E-1,1.168536227E0,1.249146003E0
4.652055125E0,3.921959599E-1,-3.469702685E-1,1.168157912E0,1.280155829E0
4.662042125E0,3.145779729E-1,-5.813259409E-1,1.179949992E0,1.352472231E0
4.672030125E0,2.909932651E-1,-8.103210323E-1,1.213824082E0,1.488175446E0
4.682017125E0,3.001792043E-1,-9.923708756E-1,1.210652552E0,1.593921928E0
4.692005125E0,3.485431330E-1,-1.107114151E0,1.141784046E0,1.628144608E0
4.701992125E0,4.899076844E-1,-1.111222989E0,9.708307564E-1,1.554779222E0
4.711979125E0,5.908044602E-1,-1.070624894E0,6.972728652E-1,1.407649467E0
4.721967125E0,6.339478120E-1,-1.001766913E0,4.289499861E-1,1.260723945E0
4.731954125E0,6.689023210E-1,-8.650145718E-1,1.229236758E-1,1.100359375E0
4.741942125E0,7.500316342E-1,-7.579764654E-1,-2.045408660E-1,1.085777482E0
4.751929125E0,8.764955798E-1,-6.831683578E-1,-5.039925671E-1,1.220234409E0
4.761917125E0,1.026567878E0,-6.178369787E-1,-7.131363612E-1,1.394319766E0
4.771904125E0,1.097206117E0,-5.909818867E-1,-8.141049117E-1,1.488585792E0
4.781892125E0,1.094641455E0,-6.306105137E-1,-8.342818987E-1,1.513914073E0
4.791879125E0,1.064252159E0,-6.787693512E-1,-7.497925562E-1,1.468178929E0
4.801866125E0,1.018827626E0,-7.026008481E-1,-6.093593931E-1,1.379484162E0
4.811854125E0,9.404144177E-1,-7.326194300E-1,-4.642010951E-1,1.279294010E0
4.821841125E0,8.389807943E-1,-7.411775610E-1,-3.542985839E-1,1.174206301E0
4.831829125E0,7.090200676E-1,-7.186450231E-1,-2.643508655E-1,1.043571514E0
4.841816125E0,5.757706475E-1,-6.451652567E-1,-1.863653809E-1,8.845801842E-1
4.851804125E0,4.898154445E-1,-5.050706474E-1,-1.075794125E-1,7.117505593E-1
4.861791125E0,3.852884614E-1,-4.246036045E-1,-9.160832763E-2,5.806268209E-1
4.871778125E0,2.707214252E-1,-4.209075795E-1,-1.543238086E-1,5.237070922E-1
4.881766125E0,1.913643483E-1,-4.291262797E-1,-2.254510939E-1,5.211505286E-1
4.891753125E0,1.898766339E-1,-3.736446816E-1,-3.150333613E-1,5.243181314E-1
4.901741125E0,2.550811831E-1,-2.763828273E-1,-3.593482393E-1,5.201778872E-1
4.911728125E0,2.685195100E-1,-2.143087859E-1,-4.088110059E-1,5.340013310E-1
4.921716125E0,3.113988052E-1,-1.474590312E-1,-4.710657263E-1,5.836234233E-1
4.931703125E0,3.491409742E-1,-1.656143434E-1,-4.452543622E-1,5.895582903E-1
4.941690125E0,4.248571910E-1,-1.739916493E-1,-3.851058090E-1,5.992355220E-1
4.951678125E0,5.095954422E-1,-1.917287394E-1,-3.735306609E-1,6.602821964E-1
4.961665125E0,5.843108714E-1,-1.675928950E-1,-3.620239252E-1,7.075082299E-1
4.971653125E0,6.327350995E-1,-8.341681704E-2,-4.150318587E-1,7.612906904E-1
4.981640125E0,6.170816647E-1,-1.983010098E-2,-4.990475768E-1,7.938712097E-1
4.991628125E0,5.777842459E-1,7.662103683E-2,-6.112287480E-1,8.445744493E-1
5.001615125E0,5.048236391E-1,2.160255285E-1,-7.403878945E-1,9.217853166E-1
5.011602125E0,3.880578489E-1,3.271808057E-1,-8.515095502E-1,9.913146260E-1
5.021590125E0,2.938298225E-1,4.285389268E-1,-9.409280956E-1,1.074861506E0
5.031577125E0,2.353817674E-1,5.440535957E-1,-1.003461143E0,1.165475507E0
5.041565125E0,2.313737752E-1,6.321571022E-1,-1.018788450E0,1.221100459E0
5.051552125E0,2.054156826E-1,7.186589102E-1,-9.646865022E-1,1.220363175E0
5.061540125E0,1.803589748E-1,7.691867472E-1,-8.466206932E-1,1.157991455E0
5.071527125E0,1.439814910E-1,8.427482285E-1,-6.502554041E-1,1.074144933E0
5.081514125E0,1.482435174E-1,8.582035889E-1,-4.448281002E-1,9.779374106E-1
5.091502125E0,2.050192779E-1,8.161650319E-1,-2.047478575E-1,8.660715610E-1
5.101489125E0,2.485432286E-1,8.110431634E-1,1.824214339E-2,8.484677514E-1
5.111477125E0,2.423069538E-1,7.834592159E-1,1.571614623E-1,8.349974420E-1
5.121464125E0,1.837564446E-1,7.060119675E-1,2.804307085E-1,7.815757874E-1
5.131452125E0,1.237683243E-1,6.439937671E-1,3.742972308E-1,7.550794575E-1
5.141439125E0,9.912335191E-2,5.692084636E-1,4.501028734E-1,7.324044720E-1
5.151426125E0,1.337541627E-1,4.841121800E-1,4.850066578E-1,6.982021463E-1
5.161414125E0,1.557428912E-1,4.170897862E-1,5.046872163E-1,6.729999437E-1
5.171401125E0,1.413747292E-1,3.310762207E-1,5.059560621E-1,6.209587867E-1
5.181389125E0,6.965867036E-2,2.543095882E-1,5.242122388E-1,5.867914181E-1
5.191376125E0,-8.385295537E-3,1.927904476E-1,6.120064276E-1,6.417089195E-1
5.201363125E0,-1.723735420E-2,2.189011891E-1,7.707747048E-1,8.014415154E-1
5.211351125E0,4.615556777E-2,3.029126680E-1,9.296008694E-1,9.787973219E-1
5.221338125E0,9.327117526E-2,4.238304564E-1,1.108227460E0,1.190168002E0
5.231326125E0,1.027169045E-1,5.093753676E-1,1.266017498E0,1.368508069E0
5.241313125E0,-4.191053946E-2,4.644376150E-1,1.365168734E0,1.442617227E0
5.251301125E0,-1.437530842E-1,4.302559617E-1,1.379966868E0,1.452616156E0
5.261287500E0,-1.325088519E-1,4.404543829E-1,1.334702986E0,1.411733233E0
5.271274500E0,-1.069574514E-1,3.777792478E-1,1.296432960E0,1.354583137E0
5.281262500E0,-1.241670862E-1,2.886980867E-1,1.179707333E0,1.220849475E0
5.291249500E0,-1.056317049E-1,2.021006767E-1,1.043304071E0,1.067935450E0
5.301237500E0,-4.463577135E-2,1.861409940E-1,8.752276111E-1,8.959152822E-1
5.311224500E0,-5.314008971E-2,8.964322463E-2,7.690983081E-1,7.761262683E-1
5.321212500E0,-9.665617408E-2,-5.044626832E-2,6.999035275E-1,7.083446829E-1
5.331199500E0,-9.091285614E-2,-1.724088080E-1,6.831190950E-1,7.103813359E-1
5.341186500E0,-1.377179262E-1,-3.385986637E-1,6.864631176E-1,7.777190329E-1
5.351174500E0,-1.974707418E-1,-5.569945072E-1,7.610396755E-1,9.635449977E-1
5.361161500E0,-2.471693887E-1,-7.760380760E-1,9.170796418E-1,1.226524713E0
5.371149500E0,-2.747160054E-1,-9.636264020E-1,1.077558814E0,1.471454289E0
5.381136500E0,-2.501758078E-1,-1.062598128E0,1.222106078E0,1.638672018E0
5.391123500E0,-1.752084914E-1,-1.060678049E0,1.231059335E0,1.634393779E0
5.401111500E0,-1.184880328E-1,-1.011322871E0,1.040341871E0,1.455721324E0
5.411098500E0,-1.122849044E-1,-9.529432467E-1,7.067658198E-1,1.191732627E0
5.421086500E0,-1.154064314E-1,-8.291723093E-1,3.085470450E-1,8.922144596E-1
5.431073500E0,-9.758249181E-2,-6.609232105E-1,-1.229418021E-1,6.793059102E-1
5.441061500E0,-1.456199631E-1,-5.763546382E-1,-6.171087080E-1,8.568622994E-1
5.451048500E0,-2.013119970E-1,-5.084776738E-1,-1.061516978E0,1.194108186E0
5.461035500E0,-2.902843998E-1,-4.113389035E-1,-1.356235943E0,1.446665358E0
5.471023500E0,-3.702529310E-1,-3.672352561E-1,-1.510024146E0,1.597536193E0
5.481010500E0,-4.710217625E-1,-3.358636285E-1,-1.519316542E0,1.625727108E0
5.490998500E0,-5.472118230E-1,-3.550229077E-1,-1.422874321E0,1.565264635E0
5.500985500E0,-5.804750980E-1,-3.634322271E-1,-1.211289899E0,1.391494715E0
5.510972500E0,-5.817196047E-1,-3.795060767E-1,-9.755208081E-1,1.197523865E0
5.520960500E0,-5.212384545E-1,-3.717126153E-1,-7.244507235E-1,9.667929694E-1
5.530947500E0,-4.487669674E-1,-3.715613186E-1,-4.372635573E-1,7.284566034E-1
5.540935500E0,-3.596410386E-1,-3.554341131E-1,-2.398551250E-1,5.596477164E-1
5.550922500E0,-3.308001225E-1,-3.368857218E-1,-8.740651846E-2,4.801672730E-1
5.560910500E0,-2.977708093E-1,-3.539316711E-1,1.717970431E-2,4.628501106E-1
5.570897500E0,-2.677928655E-1,-3.402567878E-1,4.333956242E-2,4.351620597E-1
5.580884500E0,-1.537298776E-1,-3.222150578E-1,2.881800234E-2,3.581702053E-1
5.590872500E0,-7.241215618E-2,-3.084514430E-1,-3.070840716E-2,3.183218801E-1
5.600859500E0,-5.001651624E-2,-2.751081343E-1,-1.289340287E-1,3.079125220E-1
5.610847500E0,-1.108555343E-2,-1.998053522E-1,-3.040493667E-1,3.639932495E-1
5.620834500E0,-2.695856949E-2,-1.256459932E-1,-4.564973885E-1,4.742399664E-1
5.630821500E0,6.699127564E-3,-5.341285318E-3,-6.294977885E-1,6.295560924E-1
5.640809500E0,5.414042040E-2,1.460071675E-1,-7.427337974E-1,7.588825811E-1
5.650796500E0,6.856766671E-2,2.846595611E-1,-8.595822161E-1,9.080826928E-1
5.660784500E0,1.039432026E-1,3.665544941E-1,-9.100852025E-1,9.866212354E-1
5.670771500E0,8.639871430E-2,4.277149080E-1,-9.125749469E-1,1.011532409E0
5.680758500E0,8.149286382E-2,4.614727843E-1,-8.589477932E-1,9.784628399E-1
5.690746500E0,1.042520635E-1,4.637800956E-1,-7.606666231E-1,8.969805914E-1
5.700733500E0,1.098461039E-1,4.404894662E-1,-6.665562719E-1,8.064703342E-1
5.710721500E0,1.067382539E-1,3.903903763E-1,-5.694802129E-1,6.986454134E-1
5.720708500E0,1.049577950E-1,3.502588888E-1,-4.788279051E-1,6.024728961E-1
5.730696500E0,1.015514722E-1,3.349438615E-1,-3.792129850E-1,5.160451336E-1
5.740683500E0,1.132768206E-1,3.477554034E-1,-2.813650936E-1,4.614453105E-1
5.750670500E0,6.969431553E-2,3.821190512E-1,-2.310451251E-1,4.519448161E-1
5.760658500E0,1.779824379E-2,4.206421159E-1,-2.050203377E-1,4.682840015E-1
5.770645500E0,-5.947660767E-2,4.804712650E-1,-1.991240054E-1,5.234887515E-1
5.780633500E0,-1.243666224E-1,5.317877452E-1,-2.160283059E-1,5.873103878E-1
5.790620500E0,-1.195958974E-1,5.719905688E-1,-2.348925930E-1,6.298022862E-1
5.800607500E0,-8.816890402E-2,6.086739533E-1,-2.575926536E-1,6.667921057E-1
5.810595500E0,-4.938363737E-2,6.500601071E-1,-3.066993248E-1,7.204730129E-1
5.820582500E0,5.258209174E-3,6.800819050E-1,-3.338105249E-1,7.576070966E-1
5.830570500E0,1.144999942E-2,7.205295807E-1,-3.460850000E-1,7.994177922E-1
5.840557500E0,-3.442411171E-4,7.251965359E-1,-3.627068800E-1,8.108430273E-1
5.850544500E0,-2.078515687E-2,7.324000132E-1,-2.811890924E-1,7.847987690E-1
5.860532500E0,-6.280820954E-2,7.552035695E-1,-1.718315417E-1,7.770478630E-1
5.870519500E0,-9.189940933E-2,7.086930621E-1,-6.568118870E-2,7.176387505E-1
5.880507500E0,-1.017368746E-1,6.876869398E-1,5.963633716E-2,6.977250258E-1
5.890494500E0,-1.157887936E-1,6.283846249E-1,1.354595214E-1,6.531642699E-1
5.900481500E0,-1.429817451E-1,4.398518273E-1,2.904925972E-1,5.461678849E-1
5.910469500E0,-3.361283795E-2,3.170607372E-1,5.856916183E-1,6.668523118E-1
5.920456500E0,1.548051806E-1,3.186526416E-1,9.384979928E-1,1.003136398E0
5.930444500E0,2.143980656E-1,3.524282058E-1,1.194742278E0,1.263954621E0
5.940431500E0,1.537053010E-1,3.051385568E-1,1.224828542E0,1.271589484E0
5.950418500E0,3.161900137E-3,3.072225045E-1,1.111678487E0,1.153353685E0
5.960406500E0,-1.123354554E-1,2.605430125E-1,9.104220021E-1,9.536090068E-1
5.970393500E0,-7.826203963E-2,2.567126477E-1,7.151396173E-1,7.638396446E-1
5.980381500E0,5.979021030E-2,3.097435315E-1,5.088042408E-1,5.986632443E-1
5.990368500E0,2.116908048E-1,2.871957909E-1,3.953343433E-1,5.325257385E-1
6.000355500E0,4.186296139E-1,2.686856988E-1,4.141600388E-1,6.472799210E-1
6.010343500E0,6.174813949E-1,2.396937418E-1,5.706204200E-1,8.742677088E-1
6.020330500E0,5.012372860E-1,6.256813109E-2,6.701178110E-1,8.391730861E-1
6.030318500E0,3.481738447E-1,-1.597073400E-1,8.562943268E-1,9.380679265E-1
6.040305500E0,1.901518550E-1,-2.232278363E-1,1.053984595E0,1.094016417E0
6.050292500E0,-8.251837408E-2,-4.275146408E-1,1.137491605E0,1.217975863E0
6.060280500E0,-2.519303927E-1,-6.265985928E-1,1.150574166E0,1.334134787E0
6.070267500E0,-3.133249511E-1,-7.643046145E-1,1.239522010E0,1.489546536E0
6.080255500E0,-2.944078380E-1,-8.393365243E-1,1.255264469E0,1.538457235E0
6.090242500E0,-1.456197895E-1,-9.123017357E-1,1.110462851E0,1.444516294E0
6.100229500E0,4.216958938E-2,-9.082800208E-1,8.556891400E-1,1.248581105E0
6.110217500E0,1.719266868E-1,-8.691764738E-1,4.809387499E-1,1.008131246E0
6.120204500E0,2.278446699E-1,-7.803425038E-1,3.258536339E-2,8.135781602E-1
6.130192500E0,3.168018882E-1,-6.780695857E-1,-3.228200984E-1,8.150795148E-1
6.140179500E0,3.598861831E-1,-5.355929670E-1,-5.977316201E-1,8.795800025E-1
6.150166500E0,3.149823444E-1,-4.796592329E-1,-7.372537869E-1,9.342537146E-1
6.160154500E0,2.283286915E-1,-4.850956817E-1,-7.697730768E-1,9.380844320E-1
6.170141500E0,1.521926812E-1,-5.637509649E-1,-7.494493246E-1,9.500800244E-1
6.180128500E0,1.513553599E-1,-6.091753520E-1,-6.271536398E-1,8.873132155E-1
6.190116500E0,1.731950393E-1,-6.670380825E-1,-4.714510578E-1,8.349864819E-1
6.200103500E0,2.154883155E-1,-7.433093096E-1,-2.815264767E-1,8.235296601E-1
6.210091500E0,2.947168268E-1,-7.691417237E-1,-6.239096045E-2,8.260324637E-1
6.220078500E0,3.038471627E-1,-7.564097039E-1,1.298111111E-1,8.254269580E-1
6.230065500E0,2.634241914E-1,-7.613320363E-1,3.271569782E-1,8.695116230E-1
6.240053500E0,2.791734475E-1,-7.294394217E-1,4.491029996E-1,9.009512684E-1
6.250040500E0,3.274091760E-1,-7.447249205E-1,4.985721982E-1,9.541416103E-1
6.260029458E0,3.487689817E-1,-6.995909938E-1,4.167141026E-1,8.858431038E-1
6.270016458E0,3.920146963E-1,-6.428966832E-1,2.128626233E-1,7.824973890E-1
6.280003459E0,4.279305971E-1,-5.755738887E-1,-3.702983201E-2,7.181790207E-1
6.289991458E0,4.008412510E-1,-5.129294515E-1,-2.991207486E-1,7.164101849E-1
6.299978458E0,3.420752354E-1,-5.035750759E-1,-5.011829799E-1,7.885351629E-1
6.309966458E0,2.860724311E-1,-5.227849334E-1,-5.695673364E-1,8.243473013E-1
6.319953458E0,2.239367016E-1,-5.356286350E-1,-5.214698946E-1,7.803694843E-1
6.329940459E0,1.886829979E-1,-5.237906545E-1,-3.698627025E-1,6.683983409E-1
6.339928458E0,1.587592140E-1,-4.338593084E-1,-2.113943875E-1,5.080609949E-1
6.349915458E0,7.041213434E-2,-3.478271779E-1,-1.274301249E-1,3.770677010E-1
6.359903459E0,1.876422666E-2,-2.342533462E-1,-1.142364675E-1,2.612980997E-1
6.369890458E0,6.117832102E-3,-6.625480056E-2,-1.484999818E-1,1.627248323E-1
6.379877458E0,-3.568248734E-2,3.940701753E-2,-2.491194534E-1,2.547285909E-1
6.389865458E0,-5.566293485E-2,1.171602215E-1,-3.503984910E-1,3.736361630E-1
6.399852458E0,2.223612059E-2,1.581537348E-1,-4.507232630E-1,4.781825057E-1
6.409839459E0,1.463829608E-1,1.730438156E-1,-4.940914768E-1,5.435977564E-1
6.419827458E0,2.583537418E-1,1.765705638E-1,-4.571049142E-1,5.539573291E-1
6.429814458E0,2.808396847E-1,1.560193549E-1,-3.700965911E-1,4.900861704E-1
6.439802459E0,2.558736088E-1,1.352602775E-1,-2.349498957E-1,3.727842538E-1
6.449789458E0,1.731498330E-1,8.882549152E-2,-6.841943979E-2,2.062814881E-1
6.459776458E0,7.325574495E-2,6.968463108E-2,6.827735245E-2,1.220006100E-1
6.469764458E0,7.442262992E-2,1.470908028E-1,2.125942361E-1,2.690181060E-1
6.479751458E0,6.973740220E-2,2.076388671E-1,2.576294911E-1,3.381570036E-1
6.489738459E0,3.832520954E-2,2.765233067E-1,2.194881034E-1,3.551182737E-1
6.499726458E0,3.380929526E-2,3.463317525E-1,1.626397187E-1,3.841099183E-1
6.509713458E0,-8.669483922E-3,4.314308135E-1,1.081717354E-1,4.448694541E-1
6.519701459E0,-2.033968583E-2,4.444312204E-1,2.060851157E-2,4.453734649E-1
6.529688458E0,-2.906011362E-2,4.421062213E-1,-2.448346138E-2,4.437362291E-1
6.539675458E0,-8.444877751E-3,4.698490669E-1,-5.453639567E-2,4.730789364E-1
6.549663458E0,2.741412241E-2,4.696046533E-1,-4.884880900E-2,4.729336852E-1
6.559650458E0,1.206938035E-1,4.785622953E-1,-2.032433689E-2,4.939655285E-1
6.569637459E0,2.182658709E-1,5.195432371E-1,-1.019286633E-2,5.636213801E-1
6.579625458E0,2.807516841E-1,5.680320038E-1,-1.618918598E-2,6.338327502E-1
6.589612458E0,2.870243395E-1,5.870500727E-1,-5.210161507E-2,6.555343909E-1
6.599600459E0,2.689913437E-1,6.171765357E-1,-6.490292430E-2,6.763694322E-1
6.609587458E0,2.624205717E-1,6.718583809E-1,-9.794027746E-2,7.279083310E-1
6.619574458E0,1.903999231E-1,6.888053660E-1,-1.459207749E-1,7.293818174E-1
6.629562458E0,1.299717999E-1,6.791831879E-1,-1.694844693E-1,7.119743372E-1
6.639549458E0,1.234387058E-1,6.957565360E-1,-1.305034214E-1,7.185717880E-1
6.649537459E0,1.147700990E-1,6.544921504E-1,-4.620235920E-2,6.660831844E-1
6.659524458E0,1.214615430E-1,5.993853588E-1,-3.226844430E-2,6.124189475E-1
6.669511458E0,1.608076946E-1,5.613357724E-1,-7.306095958E-3,5.839609089E-1
6.679499459E0,2.241326381E-1,5.372028516E-1,6.304584861E-2,5.854887892E-1
6.689486458E0,2.426237633E-1,4.820852427E-1,1.609200525E-1,5.631764688E-1
6.699473458E0,2.723429677E-1,4.924719442E-1,2.678808296E-1,6.232651497E-1
6.709461458E0,3.113252764E-1,5.208325481E-1,3.694048655E-1,7.103871660E-1
6.719448458E0,3.347322289E-1,6.252714211E-1,4.366601247E-1,8.328757888E-1
6.729435458E0,3.348930638E-1,6.985680234E-1,4.738092399E-1,9.081001285E-1
6.739423458E0,1.937594957E-1,6.932486652E-1,5.144403720E-1,8.847515755E-1
6.749410458E0,4.913621793E-2,6.790734065E-1,5.566613621E-1,8.794469463E-1
6.759398459E0,-4.993306551E-2,6.192612143E-1,6.359320647E-1,8.890373183E-1
6.769385458E0,-5.613849621E-2,5.229730676E-1,8.018000311E-1,9.589242150E-1
6.779372458E0,-1.154881736E-2,4.363579698E-1,9.969128466E-1,1.088290805E0
6.789360458E0,6.127417881E-2,2.963244639E-1,1.110117280E0,1.150618568E0
6.799347458E0,1.571461134E-1,2.495109245E-1,1.168133939E0,1.204776951E0
6.809334458E0,2.155464588E-1,2.397016355E-1,1.131566037E0,1.176587798E0
6.819322458E0,1.510764842E-1,1.159793763E-1,9.850927001E-1,1.003335910E0
6.829309458E0,-4.770929631E-2,-6.664729491E-2,8.439239573E-1,8.478948547E-1
6.839297459E0,-2.268097858E-1,-2.814951941E-1,6.991468978E-1,7.870759861E-1
6.849284458E0,-3.488906037E-1,-4.503298916E-1,6.460547644E-1,8.613410609E-1
6.859271458E0,-4.014637602E-1,-5.566658936E-1,6.866063744E-1,9.708132577E-1
6.869259459E0,-4.259001881E-1,-6.378005424E-1,7.410790354E-1,1.066479554E0
6.879246458E0,-4.201861427E-1,-7.177218939E-1,7.339910406E-1,1.109244770E0
6.889233458E0,-4.292143533E-1,-7.864545983E-1,6.542817968E-1,1.109423484E0
6.899221458E0,-4.133657311E-1,-8.147196002E-1,5.273293895E-1,1.054853326E0
6.909208458E0,-4.400815864E-1,-7.921744908E-1,3.484010822E-1,9.708735966E-1
6.919195459E0,-4.611096722E-1,-7.554345345E-1,1.307835031E-1,8.946551237E-1
6.929183458E0,-3.744679695E-1,-6.896611060E-1,-1.165940648E-1,7.933806636E-1
6.939170458E0,-1.180417258E-1,-5.172468893E-1,-3.755491197E-1,6.500117959E-1
6.949158459E0,4.946309555E-2,-4.356872942E-1,-5.693942589E-1,7.186653172E-1
6.959145458E0,6.151347611E-2,-4.777537715E-1,-6.665562719E-1,8.223927514E-1
6.969132458E0,6.708400883E-3,-5.354631588E-1,-6.859924167E-1,8.702593825E-1
6.979120458E0,-5.074685175E-2,-5.703625578E-1,-6.438766766E-1,8.616645895E-1
6.989107458E0,-6.512175635E-2,-6.041793448E-1,-5.666057217E-1,8.308523140E-1
6.999094459E0,9.397389181E-3,-6.003874254E-1,-4.852937561E-1,7.720514240E-1
7.009082458E0,1.694984295E-1,-5.514212336E-1,-3.896742386E-1,6.961616958E-1
7.019069458E0,3.152674692E-1,-5.318589351E-1,-3.896052414E-1,7.307939163E-1
7.029056459E0,3.851460817E-1,-5.258298710E-1,-4.306293064E-1,7.812017390E-1
7.039044458E0,4.307477856E-1,-5.247045743E-1,-5.016864252E-1,8.441254731E-1
7.049031458E0,4.373439200E-1,-4.889728242E-1,-5.549224001E-1,8.592455978E-1
7.059018459E0,3.909553635E-1,-4.641312209E-1,-5.435314393E-1,8.146719045E-1
7.069006458E0,3.635134668E-1,-4.604392889E-1,-4.986423647E-1,7.699289495E-1
7.078993459E0,3.466262329E-1,-4.891783538E-1,-4.523616529E-1,7.510501130E-1
7.088981458E0,3.287890458E-1,-5.397798657E-1,-3.823143482E-1,7.386669080E-1
7.098968458E0,3.928708017E-1,-5.703213349E-1,-3.266500247E-1,7.657115191E-1
7.108955459E0,4.343843518E-1,-5.660148606E-1,-2.638509285E-1,7.607101287E-1
7.118943458E0,4.526535751E-1,-5.327789944E-1,-1.954525387E-1,7.259135009E-1
7.128930458E0,4.137979135E-1,-5.082929018E-1,-1.783839315E-1,6.792725626E-1
7.138917459E0,3.845419547E-1,-4.474412209E-1,-1.825950962E-1,6.175897750E-1
7.148905458E0,4.029096670E-1,-3.893082029E-1,-1.948052520E-1,5.931662185E-1
7.158892459E0,4.023123008E-1,-3.036814307E-1,-2.331366742E-1,5.553650219E-1
7.168879459E0,4.166893250E-1,-2.305276465E-1,-3.208846700E-1,5.742298850E-1
7.178867458E0,4.579028764E-1,-1.492573424E-1,-4.405187023E-1,6.526940520E-1
7.188854459E0,4.587180879E-1,-7.836423799E-2,-5.558456755E-1,7.249328610E-1
7.198841459E0,4.965990552E-1,2.834028482E-2,-6.481223398E-1,8.169922648E-1
7.208829458E0,5.211221315E-1,1.262637515E-1,-7.003344673E-1,8.820312789E-1
7.218816459E0,4.712625582E-1,1.877396227E-1,-7.463298351E-1,9.024094344E-1
7.228803459E0,3.939395266E-1,2.766677329E-1,-7.803857732E-1,9.169162121E-1
7.238791459E0,3.538160424E-1,3.715974252E-1,-8.174284691E-1,9.651216194E-1
7.248778459E0,2.941759959E-1,4.202733028E-1,-8.724642169E-1,1.012108184E0
7.258765459E0,2.410361163E-1,4.080067214E-1,-8.864384776E-1,1.005157236E0
7.268752459E0,2.478843388E-1,4.137516108E-1,-8.181921154E-1,9.497764888E-1
7.278739458E0,1.613431899E-1,4.372483546E-1,-6.810696459E-1,8.252718407E-1
7.288726458E0,5.089827636E-2,4.373457107E-1,-5.013741839E-1,6.672615510E-1
7.298714458E0,3.479626872E-2,4.819149426E-1,-2.775743437E-1,5.572255454E-1
7.308701458E0,5.485378984E-2,5.397481446E-1,-3.013245642E-2,5.433644843E-1
7.318688459E0,8.456731154E-2,5.866347742E-1,1.342368686E-1,6.077100669E-1
7.328676458E0,1.221276139E-1,6.334695098E-1,1.590197074E-1,6.644441596E-1
7.338663458E0,9.559287619E-2,6.632609273E-1,8.241825879E-2,6.751635543E-1
7.348651459E0,4.376770651E-2,7.262803173E-1,-2.585638762E-3,7.276024993E-1
7.358638458E0,-7.057943780E-2,8.683344747E-1,-2.637298912E-1,9.102415462E-1
7.368625458E0,-7.784860494E-2,9.007058300E-1,-8.070976084E-1,1.211914992E0
7.378613458E0,-6.501995998E-2,6.401594554E-1,-2.595041084E-1,6.938112898E-1
7.388600458E0,8.735915601E-2,7.484840955E-1,3.745159167E-1,8.414999912E-1
7.398587459E0,7.077564843E-2,8.123022151E-1,9.224093789E-1,1.231130839E0
7.408575458E0,-2.097180638E-2,7.029993358E-1,1.225724335E0,1.413169498E0
7.418562458E0,6.691224687E-3,6.491853637E-1,1.203670392E0,1.367592345E0
7.428549459E0,-2.504724260E-2,6.200239836E-1,9.410830468E-1,1.127250817E0
7.438537458E0,-5.080358801E-2,5.730977391E-1,5.393553579E-1,7.886229930E-1
7.448524458E0,-9.379783580E-2,5.106911373E-1,2.017669469E-1,5.570577821E-1
7.458511459E0,-1.420304945E-1,4.650515726E-1,-2.977402210E-3,4.862658650E-1
7.468499458E0,-1.936478322E-1,3.959235965E-1,-5.021530330E-2,4.435950336E-1
7.478486459E0,-2.616029117E-1,3.591351083E-1,5.779271007E-2,4.480559192E-1
7.488473459E0,-2.548031846E-1,3.764107069E-1,2.120790964E-1,5.015847150E-1
7.498461458E0,-1.620632928E-1,4.088379031E-1,3.908629775E-1,5.883764179E-1
7.508448459E0,-8.533790147E-2,3.221375822E-1,6.043933529E-1,6.901786032E-1
7.518435459E0,6.127375854E-2,1.583721283E-1,8.629776943E-1,8.795264097E-1
7.528423458E0,3.764183814E-1,1.057463104E-1,1.138579772E0,1.203842588E0
7.538410459E0,8.294512946E-1,1.308834904E-1,1.338267449E0,1.579898637E0
7.548397459E0,1.147867782E0,4.624402061E-2,1.398428866E0,1.809790664E0
7.558385459E0,1.200652279E0,-2.177067491E-1,1.343554502E0,1.814965791E0
7.568372459E0,1.118149308E0,-4.324052520E-1,1.269674347E0,1.746225966E0
7.578359459E0,9.059838923E-1,-5.571067737E-1,1.249720724E0,1.641029146E0
7.588347459E0,5.806214611E-1,-7.064262427E-1,1.246551533E0,1.545978668E0
7.598334459E0,1.690171671E-1,-8.084355976E-1,1.273216590E0,1.517634806E0
7.608321459E0,-2.008445852E-1,-8.481105638E-1,1.239041369E0,1.514877417E0
7.618309459E0,-3.826830517E-1,-8.634821628E-1,1.189928266E0,1.519202765E0
7.628296459E0,-3.331693047E-1,-8.582864732E-1,1.038080753E0,1.387540668E0
7.638283459E0,-1.733627447E-1,-8.430325493E-1,7.378940570E-1,1.133686976E0
7.648270458E0,4.738793699E-2,-8.035663287E-1,3.534197474E-1,8.791302401E-1
7.658258459E0,3.252445733E-1,-7.363487841E-1,1.727735281E-2,8.051658657E-1
7.668245459E0,5.517935550E-1,-6.902588376E-1,-3.048691463E-1,9.348147339E-1
7.678232458E0,6.958142041E-1,-6.209424350E-1,-5.226884544E-1,1.069079106E0
7.688220459E0,7.453192900E-1,-4.286051466E-1,-6.682917255E-1,1.088952270E0
7.698207458E0,5.837487713E-1,-3.438512175E-1,-7.733615130E-1,1.028146058E0
7.708194458E0,3.359457088E-1,-4.035330167E-1,-7.600859946E-1,9.238122829E-1
7.718182459E0,2.294049263E-1,-4.121146828E-1,-6.551963013E-1,8.073086927E-1
7.728169458E0,2.569656677E-1,-4.128683889E-1,-5.358897132E-1,7.236500850E-1
7.738156458E0,3.481278710E-1,-4.524348892E-1,-4.648594916E-1,7.361960951E-1
7.748144459E0,4.534932718E-1,-4.886738853E-1,-4.018890721E-1,7.784427660E-1
7.758131458E0,4.571583066E-1,-5.153627703E-1,-3.364499581E-1,7.666753397E-1
7.768118458E0,5.056476215E-1,-5.354365540E-1,-1.957203412E-1,7.620224881E-1
7.778106458E0,5.778793728E-1,-4.605106249E-1,-2.593824863E-2,7.393831198E-1
7.788093458E0,5.753499038E-1,-4.696625407E-1,8.305443585E-2,7.473342313E-1
7.798080459E0,5.376085022E-1,-5.003969680E-1,1.430895531E-1,7.482610824E-1
7.808068458E0,5.212047965E-1,-5.069076964E-1,1.503167117E-1,7.424317924E-1
7.818055458E0,5.505695135E-1,-5.287543559E-1,8.554242611E-2,7.681311508E-1
7.828042459E0,5.048871911E-1,-5.481327595E-1,-4.699933469E-2,7.467057889E-1
7.838030458E0,4.234762613E-1,-5.803810309E-1,-2.032731897E-1,7.466553921E-1
7.848017458E0,4.110419380E-1,-5.902781743E-1,-2.973174673E-1,7.783196478E-1
7.858004459E0,4.336433999E-1,-5.802336811E-1,-3.258156270E-1,7.942754848E-1
7.867992458E0,3.868810236E-1,-6.061980960E-1,-2.954802722E-1,7.774713173E-1
7.877979459E0,3.174679592E-1,-6.815502870E-1,-1.525450855E-1,7.671810099E-1
7.887966459E0,2.417632541E-1,-7.356031179E-1,-4.566675425E-3,7.743269805E-1
7.897954458E0,2.082315006E-1,-7.333724052E-1,1.808052635E-1,7.835087656E-1
7.907941459E0,1.874513550E-1,-7.294685116E-1,3.436502194E-1,8.278633905E-1
7.917928459E0,1.978752594E-1,-7.425876170E-1,4.264286667E-1,8.788813316E-1
7.927915459E0,2.562982994E-1,-7.550265451E-1,4.334236908E-1,9.075296126E-1
7.937903459E0,4.058274276E-1,-6.575518522E-1,3.275791472E-1,8.392725642E-1
7.947890459E0,4.928211692E-1,-5.756770921E-1,9.517220557E-2,7.637634240E-1
7.957877459E0,5.555610257E-1,-4.650523035E-1,-2.000835335E-1,7.516349637E-1
7.967865459E0,6.122955359E-1,-3.609787354E-1,-4.354041427E-1,8.335395841E-1
7.977852459E0,6.207158554E-1,-2.916798744E-1,-5.863084996E-1,9.022876364E-1
7.987839459E0,6.212535068E-1,-2.601747841E-1,-6.337767810E-1,9.248350372E-1
7.997827459E0,5.638387462E-1,-1.952325372E-1,-6.000488716E-1,8.462201390E-1
8.007814459E0,5.128469692E-1,-1.686027092E-1,-4.689309078E-1,7.150769774E-1
8.017801458E0,4.624214585E-1,-1.518818651E-1,-3.018443817E-1,5.727230893E-1
8.027789459E0,3.909395760E-1,-1.490379256E-1,-1.325493622E-1,4.388796974E-1
8.037776459E0,3.058742096E-1,-1.518628617E-1,-7.555772066E-3,3.415822749E-1
8.047763458E0,2.300843728E-1,-1.281446546E-1,9.799641073E-2,2.810038570E-1
8.057750458E0,1.222193969E-1,-5.472467601E-2,1.103860760E-1,1.735438184E-1
8.067738459E0,4.763762224E-2,7.570828646E-3,5.179405153E-2,7.077629739E-2
8.077725458E0,6.683807402E-2,4.700035796E-2,2.341809869E-3,8.174255844E-2
8.087712458E0,1.031890671E-1,5.487480327E-2,-2.751582742E-2,1.200680989E-1
8.097700458E0,1.422678549E-1,3.408502802E-2,-4.334307075E-2,1.525796626E-1
8.107687458E0,1.857344298E-1,2.679033414E-2,-4.847341776E-2,1.938160794E-1
8.117674459E0,2.239110835E-1,1.909466743E-2,8.048692346E-3,2.248678747E-1
8.127662458E0,2.348078084E-1,-8.057901710E-3,9.713336170E-2,2.542332131E-1
8.137649458E0,2.437017158E-1,-1.872103035E-2,2.091016942E-1,3.216590148E-1
8.147636459E0,2.554741709E-1,-1.769849852E-2,3.176611000E-1,4.080304686E-1
8.157623459E0,3.014339802E-1,1.512236148E-2,3.713186592E-1,4.785067156E-1
8.167611458E0,3.837814877E-1,2.605373114E-2,3.723851913E-1,5.353856161E-1
8.177598459E0,4.454854734E-1,8.124413788E-2,2.787209827E-1,5.317361217E-1
8.187585459E0,5.326903726E-1,1.400085090E-1,1.402255869E-1,5.683525586E-1
8.197573459E0,6.210232727E-1,1.884459664E-1,-3.172699213E-2,6.497602554E-1
8.207560459E0,6.813878806E-1,2.095687406E-1,-1.826208240E-1,7.359068326E-1
8.217547459E0,7.639201601E-1,2.487097098E-1,-2.622809511E-1,8.451164583E-1
8.227535459E0,8.388471124E-1,3.012552747E-1,-2.570219654E-1,9.276203475E-1
8.237522459E0,9.038813066E-1,3.228965507E-1,-1.707252485E-1,9.748901012E-1
8.247509459E0,9.542443252E-1,3.495972763E-1,-4.149125755E-2,1.017114552E0
8.257496458E0,1.061259847E0,4.392204742E-1,8.854964912E-2,1.151967069E0
8.267485208E0,1.147009191E0,5.394242088E-1,2.232776839E-1,1.287035930E0
8.277472209E0,1.088476589E0,4.673524520E-1,3.307962853E-1,1.229888524E0
8.287459209E0,8.903024639E-1,2.599999523E-1,3.816208684E-1,1.002932171E0
8.297447208E0,7.745789033E-1,1.330238637E-1,4.463091999E-1,9.038029253E-1
8.307434209E0,7.279620496E-1,7.842387959E-2,5.623928028E-1,9.232360019E-1
8.317421209E0,6.123712939E-1,-7.097043380E-2,6.293843526E-1,8.809994707E-1
8.327409209E0,4.417466176E-1,-2.596115510E-1,6.718386465E-1,8.449292269E-1
8.337396209E0,3.206879843E-1,-3.999282083E-1,7.112079495E-1,8.766984102E-1
8.347383209E0,2.234752467E-1,-5.119686078E-1,7.499328893E-1,9.351215855E-1
8.357370208E0,1.968521063E-1,-5.708228798E-1,7.829585481E-1,9.887434449E-1
8.367358209E0,2.392004926E-1,-5.371588513E-1,7.715576470E-1,9.700812903E-1
8.377345209E0,2.967774770E-1,-4.781598607E-1,6.609961545E-1,8.681184479E-1
8.387332208E0,3.959316364E-1,-4.136998630E-1,4.878513283E-1,7.522688055E-1
8.397320209E0,5.271975347E-1,-3.437009440E-1,2.683287263E-1,6.841548691E-1
8.407307209E0,6.486427420E-1,-2.986409846E-1,1.084869003E-1,7.222833599E-1
8.417294208E0,7.709847660E-1,-3.115903746E-1,6.584257185E-2,8.341710348E-1
8.427281208E0,8.236417204E-1,-3.446324055E-1,9.402439713E-2,8.977737832E-1
8.437269208E0,8.007969412E-1,-3.537584473E-1,1.283387822E-1,8.848116314E-1
8.447256208E0,7.265728243E-1,-4.025443988E-1,1.458938777E-1,8.433475473E-1
8.457243209E0,6.522901621E-1,-4.472308673E-1,1.645692998E-1,8.078248317E-1
8.467231208E0,6.222859789E-1,-4.697173584E-1,9.579727292E-2,7.855261637E-1
8.477218208E0,6.191520175E-1,-4.826287414E-1,-1.446250319E-2,7.851680628E-1
8.487205209E0,6.840748224E-1,-4.875804560E-1,-1.513785660E-1,8.535856922E-1
8.497192209E0,7.681859232E-1,-4.645666923E-1,-2.710956287E-1,9.377764467E-1
8.507180208E0,8.470389153E-1,-5.044284770E-1,-3.230639273E-1,1.037445571E0
8.517167209E0,9.709282587E-1,-5.476054868E-1,-3.000837851E-1,1.154393231E0
8.527154209E0,1.063121016E0,-6.001706399E-1,-2.548596650E-1,1.247150568E0
8.537142209E0,1.082655394E0,-7.256648979E-1,-1.771092385E-1,1.315332630E0
8.547129209E0,1.079840105E0,-8.328567861E-1,-1.250970858E-1,1.369435782E0
8.557116209E0,1.049827225E0,-8.848702544E-1,-1.264647496E-1,1.378813222E0
8.567103209E0,9.605243079E-1,-9.608242701E-1,-1.440373868E-1,1.366212646E0
8.577091209E0,8.700778221E-1,-9.984616278E-1,-1.576128674E-1,1.333717682E0
8.587078209E0,8.812865690E-1,-9.831218961E-1,-1.080454355E-1,1.324714496E0
8.597065208E0,8.934630302E-1,-1.036486802E0,-4.263614237E-2,1.369086892E0
8.607052208E0,9.433298394E-1,-1.128137230E0,7.425028324E-2,1.472439438E0
8.617040209E0,1.066118518E0,-1.146226322E0,1.606066418E-1,1.573606675E0
8.627027208E0,1.095950646E0,-1.173799452E0,2.281987005E-1,1.622031942E0
8.637014208E0,1.074276187E0,-1.181484156E0,2.602624923E-1,1.617934084E0
8.647002209E0,1.042701077E0,-1.160238736E0,2.694958305E-1,1.583037417E0
8.656989208E0,9.876045178E-1,-1.194659102E0,2.799161536E-1,1.575095586E0
8.666976208E0,1.007120039E0,-1.175276313E0,2.928332376E-1,1.575219505E0
8.676963209E0,1.009090696E0,-1.110965858E0,2.576482022E-1,1.522790782E0
8.686951208E0,9.718164508E-1,-1.084817694E0,1.617714071E-1,1.465410056E0
8.696938209E0,9.904812748E-1,-1.011402539E0,6.074438453E-2,1.416925592E0
8.706925209E0,9.854048683E-1,-9.924495207E-1,-7.181725681E-2,1.400405843E0
8.716913208E0,1.001167427E0,-9.959310991E-1,-1.129149967E-1,1.416673839E0
8.726900209E0,1.030613128E0,-9.690847778E-1,-4.027679086E-2,1.415242363E0
8.736887209E0,1.036087876E0,-9.872251797E-1,7.340828419E-2,1.432997006E0
8.746874209E0,1.078756178E0,-1.030112021E0,2.392610478E-1,1.510659299E0
8.756862209E0,1.203308303E0,-1.042791416E0,4.408490700E-1,1.652184225E0
8.766849209E0,1.304118540E0,-1.078114884E0,6.030654502E-1,1.796314229E0
8.776836209E0,1.339598422E0,-1.037323977E0,4.477546316E-1,1.752440919E0
8.786823208E0,1.283389722E0,-1.089552769E0,1.607955068E-1,1.691174033E0
8.796811209E0,1.047252549E0,-1.239402288E0,3.335012072E-1,1.656526181E0
8.806798209E0,9.110911428E-1,-1.255634451E0,4.107230455E-1,1.604804775E0
8.816785208E0,7.766695753E-1,-1.256510072E0,7.047958928E-1,1.636694975E0
8.826773209E0,7.051667525E-1,-1.218572021E0,8.790744942E-1,1.659804171E0
8.836760208E0,6.585285565E-1,-1.229055786E0,8.596219772E-1,1.638043934E0
8.846747208E0,5.591752993E-1,-1.251114700E0,7.283174872E-1,1.551905722E0
8.856734209E0,5.721113503E-1,-1.226652873E0,4.679877520E-1,1.432131699E0
8.866722208E0,6.408279383E-1,-1.216648287E0,1.746154010E-1,1.386139978E0
8.876709208E0,6.293201794E-1,-1.238834816E0,-1.234323835E-1,1.394987865E0
8.886696209E0,6.038659340E-1,-1.277475848E0,-3.588167274E-1,1.457857350E0
8.896683209E0,5.470683470E-1,-1.288233117E0,-4.935453469E-1,1.484053688E0
8.906671208E0,4.685280347E-1,-1.306524523E0,-4.567581743E-1,1.461216233E0
8.916658209E0,3.479114144E-1,-1.356872120E0,-3.242614371E-1,1.437807282E0
8.926645209E0,2.437609006E-1,-1.388597504E0,-4.878507435E-2,1.410674445E0
8.936632209E0,2.563671320E-1,-1.414958360E0,2.840834641E-1,1.465788075E0
8.946620209E0,3.015452052E-1,-1.480117393E0,5.841391826E-1,1.619535610E0
8.956607209E0,2.818612664E-1,-1.583381852E0,7.998172402E-1,1.796176907E0
8.966594208E0,2.543881236E-1,-1.656760608E0,9.065803814E-1,1.905638218E0
8.976582209E0,1.942572582E-1,-1.713719505E0,9.431862903E-1,1.965749425E0
8.986569209E0,1.886373713E-1,-1.720283589E0,9.016277897E-1,1.951382166E0
8.996556208E0,2.383633723E-1,-1.687948048E0,7.916124272E-1,1.879530778E0
9.006543208E0,2.934162964E-1,-1.631603255E0,6.712071472E-1,1.788502541E0
9.016531209E0,3.803021386E-1,-1.517370442E0,5.130820638E-1,1.646297658E0
9.026518208E0,3.859758016E-1,-1.365869815E0,3.595914835E-1,1.464200706E0
9.036505208E0,3.064504162E-1,-1.334192671E0,2.320982087E-1,1.388470928E0
9.046492209E0,2.090596491E-1,-1.329557144E0,1.883551884E-1,1.359009129E0
9.056480208E0,1.548646577E-1,-1.374936362E0,2.386348110E-1,1.404058273E0
9.066467208E0,8.209744764E-2,-1.499520939E0,3.597692388E-1,1.544259351E0
9.076454209E0,4.393566778E-2,-1.591344006E0,4.654629242E-1,1.658602370E0
9.086441209E0,3.329770043E-2,-1.669195881E0,5.125254089E-1,1.746426615E0
9.096429209E0,4.937816475E-2,-1.661261795E0,5.159536314E-1,1.740240530E0
9.106416209E0,9.799288413E-2,-1.583446172E0,4.570347476E-1,1.650995198E0
9.116403209E0,1.484157088E-1,-1.471836566E0,3.735025942E-1,1.525724184E0
9.126391209E0,1.605880769E-1,-1.371504339E0,2.371461099E-1,1.401089204E0
9.136378209E0,1.856499375E-1,-1.359454250E0,1.321575987E-1,1.378422065E0
9.146365209E0,2.974127404E-1,-1.338684794E0,6.891528368E-2,1.373055218E0
9.156352208E0,4.112848533E-1,-1.300045516E0,1.227734023E-1,1.369067888E0
9.166340209E0,4.809542450E-1,-1.341044877E0,2.316865647E-1,1.443397731E0
9.176327209E0,5.596120133E-1,-1.401046372E0,3.468720353E-1,1.548036418E0
9.186314208E0,6.354673572E-1,-1.426324324E0,4.190237528E-1,1.616725315E0
9.196301208E0,6.375618298E-1,-1.470864174E0,3.953372669E-1,1.651126300E0
9.206289208E0,6.247445869E-1,-1.483720885E0,2.906802928E-1,1.635918243E0
9.216276208E0,5.892230808E-1,-1.468796891E0,9.997744739E-2,1.585731262E0
9.226263208E0,5.611356515E-1,-1.428207128E0,-9.392499447E-2,1.537358359E0
9.236250209E0,5.891857317E-1,-1.373987066E0,-2.730217016E-1,1.519710872E0
9.246238208E0,6.315992779E-1,-1.276553012E0,-4.165807861E-1,1.483928836E0
9.256225209E0,7.067566104E-1,-1.201263093E0,-4.756429267E-1,1.472675837E0
9.266211875E0,7.941385706E-1,-1.171053308E0,-4.598636305E-1,1.487782402E0
9.276198875E0,8.508339044E-1,-1.171782163E0,-3.837159258E-1,1.498075326E0
9.286186875E0,8.632690318E-1,-1.226362267E0,-2.775959784E-1,1.525207316E0
9.296173875E0,8.376697755E-1,-1.246950020E0,-1.228809911E-1,1.507207598E0
9.306160875E0,7.708192167E-1,-1.228100498E0,2.505298018E-2,1.450179557E0
9.316147875E0,6.635567234E-1,-1.214444764E0,1.487981898E-1,1.391878052E0
9.326135875E0,5.375058105E-1,-1.226757977E0,2.195658714E-1,1.357223932E0
9.336122875E0,4.974660511E-1,-1.234760038E0,2.554677755E-1,1.355495705E0
9.346109875E0,5.358967664E-1,-1.194472283E0,2.209124851E-1,1.327686599E0
9.356096875E0,5.529669450E-1,-1.194046606E0,1.188545984E-1,1.321229032E0
9.366084875E0,5.710534063E-1,-1.132769979E0,3.870213568E-2,1.269160223E0
9.376071875E0,5.612530343E-1,-1.008399702E0,-4.653798938E-3,1.154078240E0
9.386058875E0,4.718603629E-1,-8.730236493E-1,-1.369885683E-2,9.924767771E-1
9.396045875E0,3.461015184E-1,-7.230286807E-1,1.462505579E-2,8.017297714E-1
9.406033875E0,2.126029339E-1,-6.329805364E-1,2.590784311E-2,6.682331803E-1
9.416020875E0,1.337344466E-1,-5.641773731E-1,4.033409357E-2,5.812123963E-1
9.426007875E0,1.265893866E-1,-5.348703973E-1,4.835179567E-2,5.517690739E-1
9.435994875E0,1.361899940E-1,-5.469158077E-1,4.519079089E-2,5.654262311E-1
9.445982875E0,1.933826244E-1,-5.731642511E-1,6.168637097E-2,6.080454807E-1
9.455969875E0,2.500550079E-1,-6.008689436E-1,8.321757317E-2,6.561220610E-1
9.465956875E0,2.444216542E-1,-6.396770601E-1,1.162660360E-1,6.945836720E-1
9.475943875E0,1.906838785E-1,-6.186626056E-1,1.551991367E-1,6.657255689E-1
9.485931875E0,6.444729829E-2,-5.527669702E-1,2.139794415E-1,5.962314811E-1
9.495918875E0,-7.571160293E-2,-4.658273520E-1,2.733532387E-1,5.453891838E-1
9.505905875E0,-2.074740121E-1,-3.773674576E-1,3.392618841E-1,5.482246709E-1
9.515892875E0,-2.769452564E-1,-2.924176468E-1,2.954568833E-1,4.995012764E-1
9.525880875E0,-2.825623841E-1,-1.657904908E-1,2.295014602E-1,3.999986350E-1
9.535867875E0,-2.529586073E-1,-1.012514095E-1,1.370213127E-1,3.049831882E-1
9.545854875E0,-2.315321616E-1,-5.557603061E-2,1.377019286E-2,2.385067195E-1
9.555841875E0,-2.034599351E-1,1.637074202E-3,-7.583487868E-2,2.171394806E-1
9.565829875E0,-2.002653088E-1,2.109660789E-2,-8.871629477E-2,2.200496347E-1
9.575816875E0,-1.723464804E-1,4.386244968E-2,-5.972813845E-2,1.876024368E-1
9.585803875E0,-1.366268632E-1,4.545069963E-2,8.811753988E-3,1.442578000E-1
9.595790875E0,-1.008511859E-1,2.448463082E-2,1.075115848E-1,1.494295811E-1
9.605778875E0,-4.802291720E-2,1.796717808E-2,1.915039140E-1,1.982492601E-1
9.615765875E0,-1.045435290E-1,2.849757493E-2,2.439212787E-1,2.669064470E-1
9.625752875E0,-1.947920226E-1,1.873535603E-2,2.738040590E-1,3.365465917E-1
9.635739875E0,-2.029174597E-1,4.198344693E-2,3.340941149E-1,3.931373588E-1
9.645727875E0,-2.331849685E-1,3.079933137E-2,3.808472818E-1,4.476253796E-1
9.655714875E0,-2.265041957E-1,1.045175180E-2,4.696495306E-1,5.215209214E-1
9.665701875E0,-2.582616665E-1,8.506821692E-3,5.234901077E-1,5.837922123E-1
9.675688875E0,-3.258776806E-1,1.070420533E-2,5.203986847E-1,6.141055559E-1
9.685676875E0,-4.531297212E-1,2.185557649E-2,4.694618350E-1,6.528388967E-1
9.695663875E0,-5.553326188E-1,3.620055065E-2,4.125976628E-1,6.927781959E-1
9.705650875E0,-5.902784301E-1,8.327794567E-2,3.153859484E-1,6.744124389E-1
9.715637875E0,-6.010172802E-1,1.094524218E-1,2.435757083E-1,6.576706846E-1
9.725625875E0,-5.864581152E-1,1.521211624E-1,2.011313546E-1,6.383790338E-1
9.735612875E0,-5.681471208E-1,1.901640245E-1,1.548231608E-1,6.188083049E-1
9.745599875E0,-5.880303584E-1,1.923814349E-1,1.525193578E-1,6.372224677E-1
9.755586875E0,-5.970546952E-1,2.238670832E-1,2.198424447E-1,6.744786731E-1
9.765573875E0,-6.247469258E-1,2.415603192E-1,3.336035335E-1,7.482990223E-1
9.775561875E0,-6.647923131E-1,2.217058061E-1,4.716902089E-1,8.447448948E-1
9.785548875E0,-7.266460606E-1,1.919246212E-1,5.790164369E-1,9.487410563E-1
9.795535875E0,-7.141195706E-1,1.920794262E-1,6.140646476E-1,9.612162391E-1
9.805522875E0,-6.993216565E-1,2.264838584E-1,5.518151897E-1,9.191548949E-1
9.815510875E0,-6.980501063E-1,2.567611796E-1,3.881849527E-1,8.389802213E-1
9.825497875E0,-6.420057868E-1,3.067640828E-1,1.926581544E-1,7.371518142E-1
9.835484875E0,-5.260923013E-1,3.619761242E-1,2.589731812E-3,6.385973150E-1
9.845471875E0,-4.246700801E-1,3.732239744E-1,-1.536314982E-1,5.858698228E-1
9.855459875E0,-3.786677687E-1,3.473919989E-1,-2.323408681E-1,5.639616645E-1
9.865446875E0,-4.076418186E-1,3.180839999E-1,-2.156944299E-1,5.602440275E-1
9.875433875E0,-4.908628270E-1,1.879790662E-1,-6.041810989E-2,5.290867531E-1
9.885420875E0,-5.702957168E-1,3.380319223E-2,2.059213936E-1,6.072754571E-1
9.895407875E0,-6.330826434E-1,-1.182662223E-1,5.007824457E-1,8.158208079E-1
9.905395875E0,-6.627565319E-1,-2.113131112E-1,7.260628009E-1,1.005518096E0
9.915382875E0,-6.432639614E-1,-2.321177968E-1,8.513984531E-1,1.092037784E0
9.925369875E0,-6.098824997E-1,-1.945858352E-1,8.230973446E-1,1.042741363E0
9.935356875E0,-5.598467059E-1,-1.380302498E-1,6.626170027E-1,8.783746218E-1
9.945344875E0,-5.197450391E-1,-9.387236953E-2,3.779435545E-1,6.494522753E-1
9.955331875E0,-4.824980561E-1,-8.384000927E-2,8.535356104E-2,4.971104019E-1
9.965318875E0,-3.833691128E-1,-2.480125755E-2,-1.449477983E-1,4.106054594E-1
9.975305875E0,-2.233501345E-1,3.700176537E-2,-3.201660472E-1,3.921233365E-1
9.985292875E0,-9.591071804E-2,8.842349544E-2,-3.888480270E-1,4.101467646E-1
9.995280875E0,5.334702632E-3,1.173419237E-1,-3.981258041E-1,4.150924499E-1
1.000526788E1,-8.118747471E-2,1.322727889E-1,-4.023843312E-1,4.312779229E-1
1.001525488E1,-2.398670021E-1,1.088118593E-1,-4.193424261E-1,4.952012416E-1
1.002524188E1,-3.395933847E-1,1.274921054E-1,-3.941795182E-1,5.356821786E-1
1.003522988E1,-4.158672431E-1,6.690749601E-2,-3.439566135E-1,5.438090923E-1
1.004521688E1,-3.195539899E-1,-2.087309808E-2,-1.916302139E-1,3.731924136E-1
1.005520388E1,-1.507287851E-1,-1.032936957E-1,5.729862034E-2,1.914990499E-1
1.006519088E1,-4.514047743E-2,-3.352619500E-1,3.363944095E-1,4.770738272E-1
1.007517788E1,-6.489312564E-2,-5.404582889E-1,5.421339548E-1,7.682548436E-1
1.008516588E1,-1.229896214E-1,-6.662947552E-1,7.074990606E-1,9.796070991E-1
1.009515288E1,-1.800080505E-1,-7.929222035E-1,7.104039574E-1,1.079723252E0
1.010513988E1,-1.717196223E-1,-8.265562651E-1,5.415679443E-1,1.002984908E0
1.011512688E1,-1.375610929E-1,-7.964448586E-1,2.569430280E-1,8.480962131E-1
1.012511488E1,-1.044698358E-1,-8.072300479E-1,-7.175235271E-2,8.171185330E-1
1.013510188E1,-9.903830233E-2,-7.437500435E-1,-3.209606838E-1,8.160811682E-1
1.014508888E1,-8.434493462E-2,-6.632422163E-1,-5.044153208E-1,8.375196244E-1
1.015507588E1,-8.012403063E-2,-5.281026837E-1,-6.149031383E-1,8.145048645E-1
1.016506288E1,-5.027539258E-2,-3.820165788E-1,-7.004748005E-1,7.994555820E-1
1.017505088E1,-5.551748537E-4,-2.239223394E-1,-7.793993479E-1,8.109283975E-1
1.018503788E1,-1.949650819E-2,-1.349021356E-1,-7.952704453E-1,8.068666440E-1
1.019502487E1,-8.047254296E-2,-1.157618599E-1,-7.693462300E-1,7.821574394E-1
1.020501188E1,-1.571668162E-1,-1.190266527E-1,-6.334727257E-1,6.634428735E-1
1.021499888E1,-2.589994937E-1,-2.015579090E-1,-4.089875919E-1,5.243826644E-1
1.022498688E1,-2.883514930E-1,-2.780931379E-1,-1.271640766E-1,4.203011768E-1
1.023497388E1,-2.184964522E-1,-2.560576133E-1,1.308688724E-1,3.611549013E-1
1.024496088E1,-1.960363832E-1,-1.436754441E-1,2.845524108E-1,3.742231571E-1
1.025494788E1,-2.270772959E-1,-7.938033789E-3,8.761643350E-2,2.435236131E-1
1.026493533E1,-3.163379117E-1,-3.119942710E-2,-2.582598209E-2,3.189201467E-1
1.027492333E1,-4.176853982E-1,3.383389011E-2,-2.729597211E-2,4.199415365E-1
1.028491033E1,-4.937327501E-1,1.477120695E-1,-1.429351866E-1,5.348096405E-1
1.029489733E1,-5.863974138E-1,1.904471759E-1,-1.788856226E-1,6.419751706E-1
1.030488433E1,-5.376949314E-1,2.040634409E-1,-2.747185636E-1,6.373601935E-1
1.031487233E1,-3.640157061E-1,2.374818863E-1,-3.090709555E-1,5.333197316E-1
1.032485933E1,-2.381589756E-1,2.335931955E-1,-2.889267129E-1,4.413208856E-1
1.033484633E1,-1.422806456E-1,2.665377241E-1,-2.133040881E-1,3.698442571E-1
1.034483333E1,-1.491667562E-1,3.309154223E-1,-6.665007234E-2,3.690500915E-1
1.035482033E1,-2.234757217E-1,3.947730106E-1,5.388033807E-2,4.568262459E-1
1.036480833E1,-2.849666313E-1,4.762141997E-1,1.524977231E-1,5.755358377E-1
1.037479533E1,-2.953741818E-1,5.377520514E-1,1.861981505E-1,6.411652885E-1
1.038478233E1,-2.890658401E-1,5.697306199E-1,1.681629986E-1,6.606291193E-1
1.039476933E1,-2.472662698E-1,6.144900325E-1,4.513465762E-2,6.639094408E-1
1.040475633E1,-1.782330734E-1,6.260397452E-1,-1.531836015E-1,6.686987414E-1
1.041474433E1,-1.022792952E-1,6.768628666E-1,-3.900233173E-1,7.878594941E-1
1.042473133E1,-5.852650822E-2,7.301980980E-1,-6.119000083E-1,9.544821814E-1
1.043471833E1,-5.139712608E-2,7.723880978E-1,-7.527664500E-1,1.079760328E0
1.044470533E1,-5.306136700E-2,8.922621582E-1,-8.079863852E-1,1.204902181E0
1.045469233E1,-7.708956325E-2,9.884756067E-1,-7.333045775E-1,1.233191968E0
1.046468033E1,-1.845504782E-1,1.028622005E0,-5.886193192E-1,1.199414361E0
1.047466733E1,-3.013982757E-1,1.005601224E0,-3.756561238E-1,1.114985321E0
1.048465433E1,-3.824474455E-1,9.496196893E-1,-1.263033664E-1,1.031501887E0
1.049464133E1,-4.253644735E-1,9.018925224E-1,1.499477524E-1,1.008379584E0
1.050462833E1,-4.788398919E-1,8.459419776E-1,3.732213432E-1,1.041249078E0
1.051461633E1,-4.745869195E-1,8.020593551E-1,5.402803874E-1,1.077234817E0
1.052460333E1,-4.687199330E-1,7.678885192E-1,6.214274615E-1,1.093399855E0
1.053459033E1,-4.784615039E-1,7.157078205E-1,5.666016287E-1,1.030631118E0
1.054457733E1,-4.388984388E-1,6.889401443E-1,4.503572273E-1,9.327872181E-1
1.055456433E1,-4.124395687E-1,6.860070348E-1,2.804874265E-1,8.481658128E-1
1.056455233E1,-4.056472603E-1,6.563718840E-1,9.583352566E-2,7.775331598E-1
1.057453933E1,-4.139008975E-1,6.164824712E-1,-1.075653791E-2,7.426171917E-1
1.058452633E1,-4.345085686E-1,5.546063581E-1,-3.704094172E-2,7.055196241E-1
1.059451333E1,-4.050471532E-1,5.279053402E-1,3.803964615E-2,6.664790013E-1
1.060450033E1,-3.959412478E-1,4.767205685E-1,1.850164282E-1,6.467325961E-1
1.061448733E1,-3.641333813E-1,4.064849836E-1,3.049632865E-1,6.251605933E-1
1.062447533E1,-3.594257149E-1,3.658253463E-1,3.557106864E-1,6.241354989E-1
1.063446233E1,-3.197788884E-1,3.142567049E-1,3.679050547E-1,5.799740885E-1
1.064444933E1,-2.341974139E-1,2.800313437E-1,3.203057957E-1,4.856560356E-1
1.065443633E1,-9.910975713E-2,2.754826485E-1,2.456245726E-1,3.821581665E-1
1.066442333E1,9.374416932E-2,3.440307270E-1,2.231695104E-1,4.206539442E-1
1.067441133E1,2.236903328E-1,3.928421138E-1,2.268392229E-1,5.057848598E-1
1.068439833E1,2.196667176E-1,3.169752216E-1,2.320333046E-1,4.500735633E-1
1.069438533E1,1.472787542E-1,2.257595345E-1,3.194152647E-1,4.179527608E-1
1.070437233E1,1.570238700E-1,2.105111656E-1,4.330313426E-1,5.064460389E-1
1.071435933E1,2.473986361E-1,2.524242997E-1,5.655865520E-1,6.669424713E-1
1.072434733E1,3.147662897E-1,2.719969770E-1,6.040986532E-1,7.334816668E-1
1.073433433E1,4.243275429E-1,2.799658549E-1,5.321796548E-1,7.359687008E-1
1.074432133E1,4.606831178E-1,3.187659314E-1,4.408268505E-1,7.128597101E-1
1.075430833E1,3.656244213E-1,2.966738351E-1,3.311377627E-1,5.756290470E-1
1.076429533E1,1.820084926E-1,2.812605746E-1,2.190969247E-1,4.002974701E-1
1.077428233E1,-8.050974587E-2,2.402806561E-1,2.295143241E-1,3.418968233E-1
1.078427033E1,-3.188282043E-1,1.567183895E-1,2.906048638E-1,4.589806797E-1
1.079425733E1,-4.608385076E-1,5.589908928E-2,3.868032557E-1,6.042463048E-1
1.080424433E1,-5.357462006E-1,-9.063067317E-2,4.709587222E-1,7.190549551E-1
1.081423133E1,-5.030879297E-1,-2.459312591E-1,4.704400742E-1,7.313641450E-1
1.082421833E1,-3.724331750E-1,-3.122891168E-1,4.618657172E-1,6.704855726E-1
1.083420633E1,-1.460134168E-1,-3.340659021E-1,4.145260745E-1,5.520433056E-1
1.084419333E1,-1.172549464E-2,-3.155103479E-1,3.568239963E-1,4.764531784E-1
1.085418033E1,6.318380635E-2,-3.516204129E-1,3.010269409E-1,4.671684143E-1
1.086416733E1,1.404716085E-1,-3.643766986E-1,2.701115423E-1,4.748293342E-1
1.087415433E1,2.015387593E-1,-3.316841850E-1,2.243295979E-1,4.482812048E-1
1.088414133E1,3.039283659E-1,-3.282960159E-1,2.034608853E-1,4.914743711E-1
1.089412933E1,3.339662071E-1,-3.146050528E-1,1.640161532E-1,4.872484635E-1
1.090411633E1,3.451199902E-1,-2.903765300E-1,2.659898400E-2,4.518117337E-1
1.091410333E1,3.694301547E-1,-3.482505164E-1,-1.790411586E-1,5.383426398E-1
1.092409033E1,3.884941243E-1,-3.807279986E-1,-3.898841536E-1,6.692467010E-1
1.093407733E1,4.381038022E-1,-4.394514392E-1,-5.793000269E-1,8.489057840E-1
1.094406433E1,4.225563847E-1,-5.203280796E-1,-7.339694059E-1,9.939850590E-1
1.095405233E1,4.386435002E-1,-6.016874076E-1,-8.246719998E-1,1.111089449E0
1.096403933E1,5.460192834E-1,-6.073302631E-1,-8.686173338E-1,1.192259694E0
1.097402633E1,6.823558871E-1,-5.469109838E-1,-7.531903732E-1,1.154130374E0
1.098401333E1,6.717918688E-1,-4.856102367E-1,-7.364228976E-1,1.108801290E0
1.099400033E1,6.036969860E-1,-4.450600885E-1,-9.294581974E-1,1.194328713E0
1.100398833E1,5.822626649E-1,-4.341912840E-1,-9.662939018E-1,1.208832406E0
1.101397533E1,6.809158641E-1,-3.001982443E-1,-9.448907536E-1,1.202740178E0
1.102396233E1,7.627223580E-1,-2.143891852E-1,-8.216209227E-1,1.141389092E0
1.103394933E1,7.769829860E-1,-1.999544562E-1,-6.870876002E-1,1.056301905E0
1.104393633E1,7.294878805E-1,-2.023578081E-1,-5.120652330E-1,9.139540761E-1
1.105392333E1,6.387292264E-1,-2.558580771E-1,-2.789905393E-1,7.424783508E-1
1.106391133E1,5.497742556E-1,-2.987117359E-1,-6.785342932E-2,6.293524618E-1
1.107389833E1,4.113617076E-1,-3.286233138E-1,1.191294175E-1,5.398180758E-1
1.108388533E1,2.445930872E-1,-3.698141706E-1,2.176865762E-1,4.939390090E-1
1.109387233E1,1.566867780E-1,-3.319069639E-1,2.834145427E-1,4.637205862E-1
1.110385933E1,1.106512837E-1,-2.256786968E-1,3.037716240E-1,3.942737378E-1
1.111384633E1,7.363833558E-2,-8.662708461E-2,2.625165939E-1,2.860800908E-1
1.112383433E1,1.718105648E-2,-2.459397376E-2,1.978563291E-1,2.001179133E-1
1.113382133E1,-3.766630143E-3,2.161744863E-2,1.244866365E-1,1.264057920E-1
1.114380833E1,-2.533598542E-3,1.249023736E-2,1.008258784E-1,1.016281600E-1
1.115379533E1,8.695072800E-2,1.354799867E-2,1.058258325E-1,1.376338773E-1
1.116378233E1,2.447202276E-1,9.167440116E-2,1.244287491E-1,2.894385932E-1
1.117376933E1,4.075614560E-1,1.540504512E-1,1.322084695E-1,4.553207236E-1
1.118375733E1,4.798012106E-1,2.033344392E-1,7.218446195E-2,5.260843017E-1
1.119374433E1,5.306991764E-1,2.565028788E-1,2.257025242E-3,5.894407831E-1
1.120373133E1,4.866542205E-1,3.504765514E-1,-1.320950335E-1,6.140970943E-1
1.121371833E1,4.406956902E-1,4.594695282E-1,-2.988026601E-1,7.032837040E-1
1.122370533E1,3.914639251E-1,6.045886499E-1,-4.750383246E-1,8.628052214E-1
1.123369233E1,3.752281807E-1,7.547941183E-1,-6.308946884E-1,1.052871529E0
1.124367933E1,3.634983006E-1,8.338512513E-1,-7.567016262E-1,1.183231285E0
1.125366733E1,3.473668559E-1,8.180748788E-1,-7.959282571E-1,1.193068326E0
1.126365371E1,3.376491124E-1,7.836988056E-1,-7.212715924E-1,1.117328712E0
1.127364071E1,3.799170263E-1,7.670716631E-1,-5.500323737E-1,1.017482921E0
1.128362771E1,3.973500247E-1,7.730270523E-1,-3.000136185E-1,9.194922713E-1
1.129361471E1,3.512040181E-1,7.273926039E-1,-4.667189062E-2,8.090874662E-1
1.130360171E1,3.177165755E-1,7.069033755E-1,1.397192180E-1,7.875135964E-1
1.131358971E1,2.981140591E-1,7.240342556E-1,2.583393431E-1,8.245221717E-1
1.132357671E1,2.232673781E-1,6.986181633E-1,2.684754914E-1,7.810216065E-1
1.133356371E1,1.953397057E-1,6.890997733E-1,1.668029362E-1,7.354177845E-1
1.134355071E1,2.005688890E-1,6.763174675E-1,4.249230087E-2,7.067098356E-1
1.135353771E1,2.685970587E-1,6.784750901E-1,-4.092407763E-2,7.308540264E-1
1.136352471E1,3.121356640E-1,7.058017601E-1,-1.274979526E-1,7.822023557E-1
1.137351171E1,2.905526956E-1,6.896559897E-1,-1.993614024E-1,7.744618918E-1
1.138349971E1,2.999614138E-1,6.700400430E-1,-1.968570399E-1,7.600547369E-1
1.139348671E1,2.784840243E-1,6.986856987E-1,-2.072639143E-1,7.801752287E-1
1.140347371E1,2.484010864E-1,7.141172317E-1,-2.133257228E-1,7.856044707E-1
1.141346071E1,2.187876800E-1,7.339425087E-1,-1.632466596E-1,7.830639354E-1
1.142344771E1,2.003909509E-1,7.889642233E-1,-4.358806908E-2,8.151815740E-1
1.143343471E1,1.293890609E-1,7.609293093E-1,9.735906422E-2,7.779676922E-1
1.144342171E1,4.847189200E-2,6.787279822E-1,3.123787254E-1,7.487333746E-1
1.145340971E1,-2.211861896E-2,6.223501521E-1,6.149212646E-1,8.751783286E-1
1.146339671E1,-8.027452335E-2,5.678174110E-1,9.226502842E-1,1.086344401E0
1.147338371E1,-6.603235968E-2,5.683261187E-1,1.235177529E0,1.361256176E0
1.148337071E1,-9.973321650E-3,6.538346310E-1,1.544613351E0,1.677328112E0
1.149335771E1,-1.468816004E-2,7.059552495E-1,1.805181068E0,1.938367159E0
1.150334471E1,-2.202565189E-1,6.104387891E-1,1.955170920E0,2.060058683E0
1.151333171E1,-4.907985077E-1,3.978452839E-1,1.870882722E0,1.974681291E0
1.152331971E1,-5.776091218E-1,3.259138602E-1,1.633902673E0,1.763374630E0
1.153330671E1,-3.779236740E-1,4.033013208E-1,1.310729987E0,1.422494765E0
1.154329371E1,-1.785299475E-1,5.131129079E-1,9.126673329E-1,1.062129681E0
1.155328071E1,-1.784451994E-1,3.583843258E-1,4.870239472E-1,6.304556601E-1
1.156326771E1,-1.838910219E-1,1.990475531E-1,1.369394517E-1,3.036251797E-1
1.157325471E1,-1.754135277E-1,1.876896290E-1,-7.996886015E-2,2.690582114E-1
1.158324171E1,-1.682645574E-1,1.668323185E-1,-1.606382167E-1,2.862701878E-1
1.159322971E1,-2.379601154E-1,3.891146600E-2,-3.332445145E-2,2.434124849E-1
1.160321671E1,-3.185068267E-1,-1.822667751E-1,5.518724924E-1,6.627450670E-1
1.161320371E1,-3.313215845E-1,-1.652642414E-1,7.488096392E-1,8.353455199E-1
1.162319071E1,-2.611626529E-1,-1.544254039E-1,5.147637230E-1,5.975239135E-1
1.163317771E1,-2.237718832E-1,-2.690901799E-1,2.829830182E-1,4.500697382E-1
1.164316471E1,-1.287485624E-1,-3.344396853E-1,-9.795021772E-2,3.715108889E-1
1.165315171E1,-7.983963668E-2,-3.965284909E-1,-2.734760302E-1,4.882605358E-1
1.166313971E1,-2.621284850E-2,-4.888685976E-1,-2.562594885E-1,5.525835182E-1
1.167312671E1,9.294332005E-3,-5.987548828E-1,-1.269874907E-1,6.121434612E-1
1.168311371E1,7.763826963E-2,-7.059643127E-1,1.494425529E-1,7.257729592E-1
1.169310071E1,1.550309927E-1,-7.454412045E-1,3.941029197E-1,8.573414193E-1
1.170308771E1,1.768178096E-1,-7.624145021E-1,5.615624982E-1,9.632719503E-1
1.171307471E1,1.485298026E-1,-7.587307562E-1,5.475724500E-1,9.474012089E-1
1.172306171E1,1.535511904E-1,-6.927598380E-1,3.741592366E-1,8.021778453E-1
1.173304871E1,1.446107976E-1,-6.150671527E-1,8.622538090E-2,6.376948341E-1
1.174303671E1,7.878605979E-2,-5.747697504E-1,-3.030559248E-1,6.545306736E-1
1.175302371E1,1.001209600E-2,-5.256107466E-1,-6.828413522E-1,8.617651718E-1
1.176301071E1,-8.393403981E-2,-4.997720468E-1,-9.853891540E-1,1.108065344E0
1.177299771E1,-1.135072466E-1,-4.573506434E-1,-1.179134306E0,1.269807551E0
1.178298471E1,-6.193323310E-2,-4.155738956E-1,-1.297226427E0,1.363573904E0
1.179297171E1,-2.577916782E-2,-4.380644797E-1,-1.277323675E0,1.350600172E0
1.180295871E1,-2.699158799E-2,-5.565040720E-1,-1.138962765E0,1.267935924E0
1.181294671E1,-6.111151658E-2,-6.774665916E-1,-9.159499598E-1,1.140903120E0
1.182293371E1,-9.461089114E-2,-7.824539334E-1,-6.075309688E-1,9.951277589E-1
1.183292071E1,-1.049862271E-1,-8.044365406E-1,-3.162700474E-1,8.707278557E-1
1.184290771E1,-8.685728218E-2,-7.918378374E-1,-3.343379438E-2,7.972886346E-1
1.185289471E1,-5.263007546E-2,-7.191975850E-1,1.351665759E-1,7.336791494E-1
1.186288171E1,-5.102667756E-2,-5.963345741E-1,1.892778790E-1,6.277298476E-1
1.187286871E1,-1.108885163E-1,-4.835167873E-1,4.147547007E-2,4.978001218E-1
1.188285571E1,-1.648180440E-1,-3.336082113E-1,-2.253125149E-1,4.350001789E-1
1.189284271E1,-1.746674778E-1,-1.978344020E-1,-5.132048553E-1,5.770843976E-1
1.190283071E1,-1.258680229E-1,-7.102802888E-2,-7.738719749E-1,7.872519125E-1
1.191281771E1,-2.582258340E-3,2.266687766E-2,-9.539802504E-1,9.542529924E-1
1.192280471E1,8.839018459E-2,6.606008828E-2,-1.002432033E0,1.008487353E0
1.193279171E1,1.348166383E-1,7.484757632E-2,-9.632679677E-1,9.755320924E-1
1.194277871E1,1.319727902E-1,9.428050518E-2,-8.689658278E-1,8.839724209E-1
1.195276571E1,6.903571805E-2,1.289473312E-1,-7.483798689E-1,7.625390303E-1
1.196275271E1,-5.241250422E-2,1.667963581E-1,-6.958555001E-1,7.174837787E-1
1.197273971E1,-1.596842070E-1,2.284276190E-1,-6.407244426E-1,6.987174210E-1
1.198272771E1,-1.842558517E-1,2.772866607E-1,-5.974164551E-1,6.839185126E-1
1.199271471E1,-2.171481939E-1,2.536389126E-1,-5.980181336E-1,6.849173120E-1
1.200270171E1,-1.391459168E-1,2.676361236E-1,-5.795198822E-1,6.533253207E-1
1.201268871E1,-1.389285648E-2,3.194861622E-1,-4.955936265E-1,5.898113783E-1
1.202267571E1,9.253801664E-2,3.491667750E-1,-4.425909555E-1,5.712858087E-1
1.203266271E1,1.194062375E-1,3.859432764E-1,-4.238938987E-1,5.855733084E-1
1.204264971E1,8.995764038E-2,4.552115858E-1,-3.804853392E-1,6.000658782E-1
1.205263671E1,2.058923403E-2,5.378444374E-1,-3.357956547E-1,6.343967820E-1
1.206262371E1,-9.960704455E-2,5.915470201E-1,-3.228329623E-1,6.812272468E-1
1.207261171E1,-1.637681034E-1,6.104808891E-1,-2.837642062E-1,6.928412750E-1
1.208259871E1,-1.953175046E-1,6.308596051E-1,-1.868068457E-1,6.863159378E-1
1.209258571E1,-2.248552626E-1,6.381535681E-1,-8.861513793E-2,6.823873594E-1
1.210257271E1,-2.830991037E-1,6.254616018E-1,5.421947658E-2,6.886850292E-1
1.211255971E1,-3.330394234E-1,6.137336951E-1,1.930475789E-1,7.244664753E-1
1.212254671E1,-3.793814579E-1,5.647870915E-1,3.310833836E-1,7.566577537E-1
1.213253371E1,-4.125178483E-1,5.158546673E-1,4.968437612E-1,8.265172327E-1
1.214252071E1,-4.227364424E-1,4.714468186E-1,6.626351291E-1,9.165443343E-1
1.215250771E1,-4.469347424E-1,4.059927942E-1,7.208079082E-1,9.402897710E-1
1.216249571E1,-4.074017173E-1,3.418356822E-1,7.310019439E-1,9.039865237E-1
1.217248271E1,-3.458828326E-1,3.386963122E-1,6.870396531E-1,8.404603564E-1
1.218246971E1,-2.595389359E-1,3.097343221E-1,5.701409483E-1,6.988250929E-1
1.219245671E1,-1.190319883E-1,2.828524791E-1,4.370939881E-1,5.340648777E-1
1.220244371E1,6.195724323E-2,2.914568031E-1,3.334743100E-1,4.472034028E-1
1.221243071E1,1.987326988E-1,3.389873573E-1,2.216258454E-1,4.511375947E-1
1.222241771E1,2.177764589E-1,3.173207921E-1,1.664988810E-1,4.193339344E-1
1.223240471E1,2.714406145E-1,2.893772408E-1,2.196190810E-1,4.534884072E-1
1.224239171E1,3.595406858E-1,3.333861633E-1,3.068583691E-1,5.784270890E-1
1.225237971E1,3.723718158E-1,2.910844816E-1,3.726570868E-1,6.018839166E-1
1.226236671E1,3.520123956E-1,2.018271732E-1,4.688940704E-1,6.200875614E-1
1.227235387E1,3.080368023E-1,1.490684773E-1,5.786907470E-1,6.723028062E-1
1.228234088E1,1.920560373E-1,6.246478155E-2,6.121496844E-1,6.446042247E-1
1.229232788E1,7.855231734E-2,-4.781136677E-2,6.576521319E-1,6.640502390E-1
1.230231488E1,6.547143811E-2,-1.000138463E-1,7.241981238E-1,7.339974123E-1
1.231230188E1,2.154543651E-2,-2.246447629E-1,8.108953750E-1,8.417130060E-1
1.232228888E1,-1.301319771E-2,-4.496206243E-1,8.876143527E-1,9.950815486E-1
1.233227588E1,-2.528038206E-2,-6.725213090E-1,9.579423237E-1,1.170716663E0
1.234226288E1,5.502001522E-2,-8.445029779E-1,1.030187012E0,1.333228323E0
1.235224988E1,1.934806566E-1,-9.733140689E-1,1.073590309E0,1.461975100E0
1.236223788E1,3.694761284E-1,-1.013943447E0,1.084578397E0,1.530001380E0
1.237222488E1,5.279027820E-1,-1.030235836E0,9.948879558E-1,1.526390930E0
1.238221188E1,5.875089329E-1,-9.958515769E-1,8.201614577E-1,1.417586656E0
1.239219888E1,6.403274167E-1,-8.738842133E-1,6.122525954E-1,1.244405906E0
1.240218587E1,5.897669084E-1,-7.848328730E-1,3.555130506E-1,1.044115498E0
1.241217288E1,5.440849879E-1,-6.985741630E-1,2.838881671E-2,8.859121064E-1
1.242215988E1,6.019838615E-1,-5.506119789E-1,-2.309123933E-1,8.478671206E-1
1.243214688E1,6.012479894E-1,-4.007845330E-1,-4.364888012E-1,8.441859157E-1
1.244213388E1,5.244366988E-1,-3.782787462E-1,-6.204474682E-1,8.961493857E-1
1.245212088E1,4.803083104E-1,-3.279323190E-1,-6.948421776E-1,9.061133101E-1
1.246210888E1,4.730691651E-1,-3.135535772E-1,-6.801814538E-1,8.858651652E-1
1.247209588E1,4.456640328E-1,-3.332999168E-1,-5.985098845E-1,8.172633275E-1
1.248208287E1,3.723685268E-1,-3.977431038E-1,-4.584322321E-1,7.120519699E-1
1.249206988E1,3.244525314E-1,-3.899363400E-1,-3.114794236E-1,5.952639967E-1
1.250205688E1,2.152018020E-1,-3.367258005E-1,-1.980165428E-1,4.459894971E-1
1.251204388E1,8.969753064E-2,-2.500699183E-1,-1.464984798E-1,3.033849298E-1
1.252203088E1,4.404892104E-2,-8.666377589E-2,-1.762719172E-1,2.013025243E-1
1.253201787E1,3.154390119E-2,7.747999281E-2,-2.532896876E-1,2.667467579E-1
1.254200488E1,7.601965070E-3,1.297000140E-1,-3.663058412E-1,3.886641903E-1
1.255199188E1,-4.652572850E-2,6.080928862E-2,-4.070632732E-1,4.142015468E-1
1.256197888E1,-7.818968033E-2,-8.483681336E-2,-3.988619685E-1,4.152129345E-1
1.257196688E1,-3.258000953E-2,-2.404965645E-1,-2.175614458E-1,3.259340996E-1
1.258195388E1,3.567490423E-2,-3.693167187E-1,-1.322581708E-2,3.712714098E-1
1.259194088E1,1.400935129E-1,-4.654822201E-1,1.565188533E-1,5.106838954E-1
1.260192788E1,2.578013992E-1,-4.864534052E-1,2.093238884E-1,5.889948787E-1
1.261191487E1,3.592814349E-1,-3.750316411E-1,1.508739513E-1,5.408279121E-1
1.262190188E1,3.540409409E-1,-2.355354944E-1,-7.544662356E-3,4.252985762E-1
1.263188888E1,2.030770521E-1,-1.273291142E-1,-2.402848953E-1,3.393962630E-1
1.264187588E1,4.766260995E-2,-1.281651199E-2,-4.643548769E-1,4.669704906E-1
1.265186288E1,-6.434876357E-2,4.867017657E-2,-6.590677428E-1,6.639878305E-1
1.266184988E1,-7.330752935E-2,6.754542723E-2,-7.571553701E-1,7.636888326E-1
1.267183688E1,4.922081983E-2,2.831967339E-2,-6.012025273E-1,6.038784413E-1
1.268182488E1,1.522264397E-1,-3.212942675E-2,-1.846346051E-1,2.414438369E-1
1.269181188E1,1.377808752E-1,1.701320484E-2,4.880261600E-2,1.471554077E-1
1.270179888E1,1.366527737E-1,1.078160785E-1,-1.745709622E-1,2.465224294E-1
1.271178588E1,7.492521638E-2,1.968688805E-1,-4.352439290E-1,4.835374049E-1
1.272177288E1,-6.705517475E-2,3.148314862E-1,-6.823414153E-1,7.544568034E-1
1.273175988E1,-1.830473053E-1,4.576337948E-1,-8.609545577E-1,9.920573353E-1
1.274174687E1,-2.327563859E-1,5.690675457E-1,-8.990193468E-1,1.089150675E0
1.275173388E1,-2.002515679E-1,6.730683160E-1,-8.431731749E-1,1.097297886E0
1.276172088E1,-1.562088778E-1,7.416590792E-1,-6.872834820E-1,1.023141236E0
1.277170788E1,-1.219834526E-1,7.615073065E-1,-5.004070544E-1,9.193370224E-1
1.278169488E1,-1.089501825E-1,7.589114352E-1,-2.664166868E-1,8.116616042E-1
1.279168188E1,-7.131608647E-2,7.773805967E-1,-6.426791668E-2,7.832859896E-1
1.280166888E1,-2.634353377E-3,8.025204080E-1,6.498829365E-2,8.051518015E-1
1.281165688E1,-5.157408658E-3,7.956293182E-1,7.910347223E-2,7.995686151E-1
1.282164387E1,-4.646689089E-2,7.796668580E-1,9.782976508E-2,7.871532534E-1
1.283163088E1,-3.051797066E-2,8.494576161E-1,8.148621261E-2,8.539025652E-1
1.284161788E1,2.540357558E-2,9.198184776E-1,2.738601923E-2,9.205766494E-1
1.285160488E1,6.319403898E-2,1.011883619E0,7.088579535E-3,1.013879772E0
1.286159188E1,7.933776285E-2,1.103305713E0,2.474132359E-2,1.106431249E0
1.287157887E1,3.074191902E-2,1.099298908E0,1.161397362E-1,1.105844290E0
1.288156588E1,-4.213741142E-3,1.038636239E0,3.401319498E-1,1.092919363E0
1.289155288E1,1.732575679E-2,9.257051620E-1,6.230225819E-1,1.115969250E0
1.290153988E1,7.945580352E-3,8.301626815E-1,1.014618800E0,1.310986087E0
1.291152688E1,-4.056125790E-2,7.267479484E-1,1.475296948E0,1.645086284E0
1.292151388E1,-5.454693893E-2,6.278433189E-1,1.855410989E0,1.959518446E0
1.293150088E1,6.388242071E-2,6.671263754E-1,2.116107929E0,2.219696225E0
1.294148888E1,1.995840899E-1,8.297805659E-1,2.100669526E0,2.267417485E0
1.295147587E1,1.439025354E-1,7.518218324E-1,1.878165429E0,2.028164043E0
1.296146288E1,-1.986920424E-3,4.747952266E-1,1.610306234E0,1.678845026E0
1.297144988E1,7.484931221E-2,4.564260525E-1,1.368585847E0,1.444629496E0
1.298143688E1,2.606178203E-1,5.541855048E-1,1.213099027E0,1.358915918E0
1.299142388E1,2.472498245E-1,4.535693952E-1,1.106665669E0,1.221297087E0
1.300141088E1,5.139101392E-2,3.039362231E-1,1.031583327E0,1.076653345E0
1.301139788E1,-6.848785222E-2,1.241571459E-1,9.535364467E-1,9.640214406E-1
1.302138488E1,-1.242013472E-1,-4.575650901E-2,8.808450311E-1,8.907343047E-1
1.303137188E1,-1.392942716E-1,-1.920156915E-1,8.370300901E-1,8.699955699E-1
1.304135888E1,-1.207297456E-1,-3.261223134E-1,7.108781666E-1,7.913780402E-1
1.305134588E1,-2.912362900E-2,-3.938644995E-1,4.908480263E-1,6.300073131E-1
1.306133288E1,1.086457801E-1,-4.015695217E-1,2.847757745E-1,5.041420713E-1
1.307131988E1,1.426164951E-1,-5.102119580E-1,1.283878988E-1,5.451047233E-1
1.308130787E1,6.654054668E-2,-7.118938279E-1,2.332278907E-2,7.153771167E-1
1.309129488E1,-6.819351800E-2,-8.681460482E-1,-3.387876749E-3,8.708268454E-1
1.310128188E1,-1.125066053E-1,-9.874434270E-1,7.326970518E-2,9.965293310E-1
1.311126888E1,-6.734695081E-2,-1.014401284E0,2.010220116E-1,1.036318207E0
1.312125588E1,-5.562383160E-3,-9.976740079E-1,2.581726974E-1,1.030552040E0
1.313124288E1,2.432880253E-2,-9.995661668E-1,2.053670776E-1,1.020735053E0
1.314122988E1,3.160164244E-2,-1.019032425E0,7.390354335E-2,1.022197378E0
1.315121688E1,-1.478294889E-1,-9.630275010E-1,-2.933898926E-2,9.747493533E-1
1.316120388E1,-2.444660930E-1,-8.495298292E-1,-2.778462392E-1,9.266407793E-1
1.317119088E1,-1.951162873E-1,-8.428254117E-1,-5.708338434E-1,1.036473018E0
1.318117788E1,-2.214017509E-1,-8.609699066E-1,-8.350537312E-1,1.219673173E0
1.319116488E1,6.645755276E-2,-7.598559067E-1,-1.005730448E0,1.262256447E0
1.320115188E1,2.931660539E-1,-7.813999727E-1,-1.176632867E0,1.442566170E0
1.321113888E1,3.475297739E-1,-8.243064027E-1,-1.326778255E0,1.600187029E0
1.322112588E1,3.131846179E-1,-7.682623024E-1,-1.265100070E0,1.512874667E0
1.323111288E1,1.825965215E-1,-7.861867958E-1,-1.124017282E0,1.383779613E0
1.324110088E1,3.602981195E-4,-8.029007694E-1,-9.588825560E-1,1.250642048E0
1.325108788E1,-6.978067160E-3,-8.202551593E-1,-7.536704296E-1,1.113950778E0
1.326107488E1,1.369632791E-1,-8.631860013E-1,-5.745099878E-1,1.045901878E0
1.327106196E1,3.398391870E-1,-8.983283521E-1,-4.115931112E-1,1.044937027E0
1.328104896E1,4.609357906E-1,-8.796076141E-1,-3.661696011E-1,1.058419357E0
1.329103596E1,4.626714269E-1,-8.111112835E-1,-2.865661919E-1,9.767735386E-1
1.330102296E1,3.726297877E-1,-6.983907066E-1,-1.845281857E-1,8.128057511E-1
1.331100996E1,2.971268481E-1,-6.051755641E-1,-1.302385426E-1,6.866468563E-1
1.332099696E1,2.114197132E-1,-5.855255574E-1,-1.304391021E-1,6.360446783E-1
1.333098396E1,2.592762132E-1,-4.959925528E-1,-1.900409406E-1,5.910569569E-1
1.334097096E1,3.631029192E-1,-3.413120641E-1,-3.236322767E-1,5.942015698E-1
1.335095796E1,4.431432250E-1,-1.978959440E-1,-4.635988319E-1,6.711651060E-1
1.336094496E1,4.941361715E-1,-5.916651338E-2,-6.352233821E-1,8.069572340E-1
1.337093196E1,5.119828603E-1,6.017661989E-2,-7.896378225E-1,9.430140856E-1
1.338091896E1,4.642253610E-1,1.735645102E-1,-9.258703458E-1,1.050174139E0
1.339090596E1,3.960126203E-1,2.801086731E-1,-1.014296034E0,1.124314595E0
1.340089296E1,3.550653000E-1,3.292903349E-1,-9.917345524E-1,1.103648909E0
1.341088096E1,2.979842692E-1,3.418503003E-1,-8.989912802E-1,1.006897003E0
1.342086796E1,2.664088844E-1,3.059619910E-1,-7.837356430E-1,8.825123182E-1
1.343085496E1,2.535398754E-1,2.847819141E-1,-6.235201800E-1,7.308629296E-1
1.344084196E1,2.872931653E-1,3.097191194E-1,-4.233805132E-1,5.980922627E-1
1.345082896E1,2.621532260E-1,3.247600584E-1,-2.179298204E-1,4.708362943E-1
1.346081596E1,2.122385244E-1,3.761006583E-1,-7.912101388E-2,4.390410360E-1
1.347080296E1,1.100091133E-1,4.895718715E-1,-5.328567624E-3,5.018077480E-1
1.348078996E1,-2.537280461E-2,6.377406085E-1,-9.311106205E-3,6.383130577E-1
1.349077696E1,-1.307267485E-1,7.088521063E-1,-6.343234956E-2,7.235913587E-1
1.350076396E1,-1.546440715E-1,7.520316012E-1,-1.231312519E-1,7.775780496E-1
1.351075096E1,-9.939387700E-2,7.419375528E-1,-1.546085680E-1,7.643652820E-1
1.352073796E1,-4.064346610E-2,7.143973133E-1,-1.551336479E-1,7.321761136E-1
1.353072496E1,7.319078604E-3,7.150966403E-1,-1.477398437E-1,7.302354656E-1
1.354071196E1,1.430662922E-2,7.721675116E-1,-1.078963315E-1,7.798005924E-1
1.355069896E1,6.238860330E-3,8.131627791E-1,-6.458892882E-2,8.157477296E-1
1.356068596E1,1.274337611E-2,7.972731167E-1,1.649265647E-2,7.975454996E-1
1.357067296E1,6.049691026E-2,7.713532868E-1,1.043394703E-1,7.807256203E-1
1.358065996E1,1.006286810E-1,6.809182030E-1,2.081409967E-1,7.190955466E-1
1.359064696E1,7.008682815E-2,5.675478543E-1,3.594716156E-1,6.754573064E-1
1.360063396E1,-2.880744081E-2,4.451460426E-1,4.695805335E-1,6.476810521E-1
1.361062196E1,-1.883364956E-1,3.335794137E-1,5.875486940E-1,7.013981242E-1
1.362060896E1,-2.896598806E-1,3.212450047E-1,6.392217082E-1,7.718196627E-1
1.363059596E1,-3.251049710E-1,3.650909360E-1,5.517204648E-1,7.371432052E-1
1.364058296E1,-2.629294987E-1,4.397417535E-1,3.742878753E-1,6.345046451E-1
1.365056996E1,-1.523335077E-1,5.034737729E-1,2.836332285E-1,5.976111996E-1
1.366055696E1,-1.347542741E-1,4.903347869E-1,2.576984882E-1,5.700837031E-1
1.367054396E1,-9.134763317E-2,4.223848785E-1,3.553914285E-1,5.595144709E-1
1.368053096E1,4.014259726E-3,4.981473979E-1,4.671755737E-1,6.829494571E-1
1.369051796E1,2.877186416E-2,5.375120232E-1,5.564532012E-1,7.742009818E-1
1.370050496E1,4.581969548E-3,4.424241637E-1,7.165739393E-1,8.421628973E-1
1.371049196E1,4.571462832E-2,4.239034005E-1,8.226009160E-1,9.265291076E-1
1.372047896E1,1.559050236E-1,4.333286735E-1,8.487145811E-1,9.656068330E-1
1.373046596E1,2.827701430E-1,2.938426133E-1,1.061868981E0,1.137483260E0
1.374045296E1,3.968706992E-1,1.132032645E-1,1.283155687E0,1.347890889E0
1.375043996E1,4.208791840E-1,-1.682667866E-1,1.470071876E0,1.538364170E0
1.376042696E1,4.844014710E-1,-4.627881154E-1,1.553344413E0,1.691654956E0
1.377041396E1,5.048127121E-1,-7.128574491E-1,1.531180542E0,1.762814644E0
1.378040096E1,2.740202233E-1,-8.375086847E-1,1.390383682E0,1.646108946E0
1.379038796E1,1.015446108E-1,-9.236744240E-1,1.124658721E0,1.458884159E0
1.380037496E1,2.035685471E-1,-1.009013513E0,8.537618977E-1,1.337332345E0
1.381036196E1,2.791135501E-1,-1.085883788E0,6.971588445E-1,1.320256955E0
1.382034896E1,3.198278589E-1,-1.091400343E0,6.491824400E-1,1.309535188E0
1.383033696E1,4.501709204E-1,-1.076116014E0,3.899057883E-1,1.229921159E0
1.384032396E1,6.876762687E-1,-1.082514476E0,8.665573597E-2,1.285397004E0
1.385031096E1,8.831807014E-1,-1.094147219E0,-1.374949372E-1,1.412823820E0
1.386029796E1,9.610755542E-1,-1.034951762E0,-2.417759353E-1,1.432915550E0
1.387028496E1,9.835681848E-1,-9.461136988E-1,-3.478122675E-1,1.408371712E0
1.388027196E1,1.037515327E0,-9.279614563E-1,-4.020182955E-1,1.448851003E0
1.389025896E1,1.017089834E0,-9.116749142E-1,-3.340514302E-1,1.406134146E0
1.390024596E1,9.076352191E-1,-6.514477976E-1,-4.376260847E-1,1.199876041E0
1.391023296E1,8.200027058E-1,-6.233006170E-1,-5.395453924E-1,1.162762799E0
1.392021996E1,8.353046498E-1,-6.036482714E-1,-5.433180159E-1,1.165040583E0
1.393020696E1,7.266821672E-1,-5.912258618E-1,-5.493213522E-1,1.085987541E0
1.394019396E1,5.677460019E-1,-6.025864170E-1,-4.944119042E-1,9.643075462E-1
1.395018096E1,4.014681822E-1,-4.785830529E-1,-3.562702650E-1,7.191292940E-1
1.396016796E1,2.384197431E-1,-4.104983662E-1,-2.765890878E-1,5.494127830E-1
1.397015496E1,1.612833108E-1,-3.793284675E-1,-2.223485613E-1,4.683388467E-1
1.398014196E1,1.372529721E-1,-2.862222295E-1,-1.807666719E-1,3.652918459E-1
1.399012896E1,1.506675446E-1,-1.650095952E-1,-1.729583001E-1,2.825658314E-1
1.400011596E1,1.444119009E-1,-1.116192538E-1,-1.997093117E-1,2.705502987E-1
1.401010296E1,1.695745164E-1,-1.095708279E-1,-2.634310985E-1,3.318994224E-1
1.402008996E1,2.432861249E-1,-1.431974342E-1,-3.179721719E-1,4.252057688E-1
1.403007696E1,2.792447105E-1,-1.488943765E-1,-3.621625042E-1,4.809457590E-1
1.404006396E1,2.469406347E-1,-1.453572495E-1,-4.431090188E-1,5.276874166E-1
1.405005096E1,1.783933967E-1,-1.490924509E-1,-5.206278956E-1,5.701808209E-1
1.406003796E1,1.239394102E-1,-1.409114653E-1,-5.699006277E-1,6.000031199E-1
1.407002496E1,6.325221878E-2,-8.789724603E-2,-6.045781249E-1,6.141998682E-1
1.408001296E1,1.862111606E-2,-7.626084834E-3,-6.614691943E-1,6.617751870E-1
1.408999996E1,-4.308338128E-3,1.069886975E-1,-7.847828794E-1,7.920538561E-1
1.409998696E1,3.391608004E-2,2.136261235E-1,-9.012687707E-1,9.268612723E-1
1.410997396E1,8.872904900E-2,3.112879273E-1,-1.001605822E0,1.052609728E0
1.411996096E1,1.144145883E-1,3.371976708E-1,-1.026882750E0,1.086867586E0
1.412994796E1,1.160768786E-1,3.500862497E-1,-9.714681029E-1,1.039126796E0
1.413993496E1,1.298598623E-1,3.615336362E-1,-8.179529643E-1,9.036687478E-1
1.414992196E1,9.041114677E-2,3.870653571E-1,-6.495204091E-1,7.614923033E-1
1.415990896E1,7.039550632E-2,4.130252405E-1,-4.487118208E-1,6.139117809E-1
1.416989596E1,1.156344271E-1,4.448709311E-1,-2.137730348E-1,5.069323194E-1
1.417988296E1,2.065608598E-1,4.740460521E-1,2.090321124E-2,5.175171423E-1
1.418986996E1,2.841923320E-1,5.063289683E-1,2.056331259E-1,6.159702007E-1
1.419985696E1,3.055382871E-1,5.299368091E-1,3.742697489E-1,7.171223825E-1
1.420984396E1,2.988030256E-1,5.492622954E-1,5.009689718E-1,8.012129729E-1
1.421983096E1,2.577527212E-1,4.556214756E-1,6.188353908E-1,8.105458872E-1
1.422981796E1,1.923050922E-1,3.455821395E-1,7.471566314E-1,8.453705078E-1
1.423980496E1,1.434675391E-1,2.444406576E-1,8.807678479E-1,9.252492485E-1
1.424979196E1,1.026034685E-1,1.083110453E-1,1.064359894E0,1.074765434E0
1.425977896E1,3.295713667E-2,3.863255382E-2,1.175404952E0,1.176501359E0
1.426976575E1,-1.392390154E-2,3.640988097E-2,1.071492328E0,1.072201177E0
1.427975275E1,6.976287413E-2,6.684039921E-2,8.593220150E-1,8.647362737E-1
1.428973975E1,1.958816878E-1,2.042183921E-1,1.142320821E0,1.176848183E0
1.429972675E1,2.129176237E-1,4.271258010E-1,1.194461612E0,1.286277150E0
1.430971375E1,1.158911199E-1,4.479204002E-1,9.089262843E-1,1.019907068E0
1.431970075E1,2.200704130E-1,1.894711295E-1,9.730129373E-1,1.015423297E0
1.432968775E1,1.462872126E-1,2.687775001E-2,1.191930937E0,1.201175142E0
1.433967475E1,6.863476351E-2,-6.203720391E-2,1.387929021E0,1.391009099E0
1.434966175E1,3.353977516E-2,-2.586859368E-1,1.498633186E0,1.521165591E0
1.435964875E1,1.064989566E-1,-3.501131469E-1,1.386854303E0,1.434324266E0
1.436963575E1,2.064007191E-1,-3.573986314E-1,1.188566449E0,1.258183311E0
1.437962275E1,2.813203624E-1,-3.484592620E-1,9.088888621E-1,1.013234409E0
1.438961075E1,2.758473320E-1,-4.355421370E-1,6.601939166E-1,8.376423528E-1
1.439959775E1,2.379281750E-1,-4.441357899E-1,4.500824082E-1,6.756038710E-1
1.440958475E1,9.919574775E-2,-4.911500350E-1,3.172734296E-1,5.930687838E-1
1.441957175E1,-7.964952908E-2,-5.448866777E-1,2.374484110E-1,5.996893253E-1
1.442955875E1,-2.494004487E-1,-5.845509727E-1,2.756874472E-1,6.927510318E-1
1.443954575E1,-3.699746401E-1,-6.482482012E-1,3.762770981E-1,8.358776341E-1
1.444953275E1,-4.041354627E-1,-7.056742908E-1,4.709844500E-1,9.397489181E-1
1.445951975E1,-4.064841065E-1,-7.597920258E-1,5.269499052E-1,1.010044283E0
1.446950675E1,-4.241808143E-1,-8.083249390E-1,4.634865654E-1,1.023786289E0
1.447949375E1,-4.129677550E-1,-8.058560984E-1,3.241643733E-1,9.617842580E-1
1.448948075E1,-3.875155196E-1,-7.482247715E-1,9.781280816E-2,8.482782162E-1
1.449946775E1,-3.897673555E-1,-6.731118777E-1,-2.122831643E-1,8.062644313E-1
1.450945475E1,-4.396817099E-1,-6.249423690E-1,-4.925191605E-1,9.090919063E-1
1.451944175E1,-4.479717461E-1,-6.152644962E-1,-7.128328907E-1,1.042765465E0
1.452942875E1,-3.832302049E-1,-5.655704722E-1,-8.653756374E-1,1.102547207E0
1.453941575E1,-3.215140862E-1,-5.439729041E-1,-9.240132701E-1,1.119409823E0
1.454940275E1,-2.841620361E-1,-5.868169150E-1,-8.941006690E-1,1.106579487E0
1.455938975E1,-2.548826519E-1,-6.569190373E-1,-7.817598689E-1,1.052452507E0
1.456937675E1,-2.431678284E-1,-7.649188645E-1,-6.065281713E-1,1.006035727E0
1.457936375E1,-2.301867904E-1,-8.283697790E-1,-4.289037931E-1,9.608022236E-1
1.458935075E1,-2.190481370E-1,-8.498249674E-1,-2.464624786E-1,9.115526945E-1
1.459933775E1,-1.971939492E-1,-8.568113668E-1,-1.024338627E-1,8.851575386E-1
1.460932475E1,-2.284750546E-1,-8.564881620E-1,-2.109266102E-2,8.866891916E-1
1.461931175E1,-2.516753810E-1,-8.432408564E-1,-1.809128523E-2,8.801834660E-1
1.462929875E1,-2.600953716E-1,-7.923915687E-1,-6.601038694E-2,8.365951062E-1
1.463928575E1,-2.297095480E-1,-6.517101914E-1,-1.806596678E-1,7.142342512E-1
1.464927275E1,-1.880059269E-1,-5.344508596E-1,-3.534250098E-1,6.677523399E-1
1.465925975E1,-1.765875207E-1,-4.894024484E-1,-4.960982412E-1,7.188959409E-1
1.466924675E1,-1.488591470E-1,-3.944391346E-1,-6.156135750E-1,7.461376215E-1
1.467923375E1,-1.009229422E-1,-3.160879067E-1,-6.985171527E-1,7.733196089E-1
1.468922075E1,-4.425618656E-2,-2.798456946E-1,-7.538189489E-1,8.053044334E-1
1.469920775E1,3.273998570E-2,-2.296670826E-1,-7.462415421E-1,7.814699704E-1
1.470919475E1,6.920464776E-2,-2.056674783E-1,-7.254435807E-1,7.572032645E-1
1.471918175E1,5.330625113E-2,-1.142294508E-1,-6.395865744E-1,6.518902592E-1
1.472916875E1,-2.924645707E-2,-1.031185716E-2,-5.926521438E-1,5.934629333E-1
1.473915575E1,-1.260425441E-1,4.340446651E-2,-5.638967067E-1,5.794395279E-1
1.474914275E1,-1.960909450E-1,1.004108723E-1,-5.606538409E-1,6.023842057E-1
1.475913075E1,-2.020774706E-1,1.219081606E-1,-5.874662483E-1,6.330983309E-1
1.476911775E1,-1.580938374E-1,1.374307640E-1,-6.097213358E-1,6.447022441E-1
1.477910475E1,-1.022344361E-1,1.276375549E-1,-6.248656243E-1,6.459104224E-1
1.478909175E1,-8.400738582E-2,1.496971992E-1,-5.905284351E-1,6.149718083E-1
1.479907875E1,-5.502898704E-2,1.726950292E-1,-4.676258093E-1,5.015233395E-1
1.480906575E1,-6.140391391E-2,2.428681952E-1,-3.317528898E-1,4.157106935E-1
1.481905275E1,-1.398182552E-1,3.235143091E-1,-1.931867427E-1,4.019101519E-1
1.482903975E1,-2.363572840E-1,3.448388122E-1,-8.961968958E-2,4.275631659E-1
1.483902675E1,-2.751072938E-1,3.844936055E-1,-2.297897279E-2,4.733364437E-1
1.484901375E1,-2.217635474E-1,4.803024267E-1,7.478588820E-3,5.290797873E-1
1.485900075E1,-1.408104729E-1,5.437153342E-1,-3.657024086E-2,5.628421950E-1
1.486898775E1,-7.104061866E-2,5.855811059E-1,-3.789229631E-2,5.910903715E-1
1.487897475E1,1.489848621E-2,6.037470894E-1,-8.441625237E-3,6.039898789E-1
1.488896175E1,1.165207736E-1,6.137377882E-1,3.451435983E-2,6.256535818E-1
1.489894875E1,1.641844982E-1,6.207048918E-1,8.714047015E-2,6.479387114E-1
1.490893575E1,1.952270007E-1,6.210832067E-1,1.511323982E-1,6.683553944E-1
1.491892275E1,2.429169281E-1,6.209440430E-1,1.928996444E-1,6.941112384E-1
1.492890975E1,2.945161029E-1,6.296145867E-1,2.223140627E-1,7.297792852E-1
1.493889675E1,3.195480696E-1,6.303087974E-1,2.530902976E-1,7.506362951E-1
1.494888375E1,3.175918836E-1,6.102943629E-1,2.619067293E-1,7.361514442E-1
1.495887075E1,2.799638632E-1,5.534027088E-1,2.900347602E-1,6.846564722E-1
1.496885775E1,2.775090193E-1,4.993737052E-1,3.274072391E-1,6.584685668E-1
1.497884475E1,1.768034291E-1,3.974545437E-1,3.835095191E-1,5.799216482E-1
1.498883175E1,1.011455384E-1,2.646556516E-1,4.925793868E-1,5.682494929E-1
1.499881875E1,8.951367225E-2,1.994586124E-1,6.517692482E-1,6.874587904E-1
1.500880575E1,1.130335125E-1,1.499490680E-1,8.499208617E-1,8.704175832E-1
1.501879275E1,6.640101749E-2,9.856885314E-2,1.057528008E0,1.064185323E0
1.502877975E1,-4.032579783E-2,5.257523954E-2,1.352465658E0,1.354087768E0
1.503876675E1,-1.188938478E-1,6.623287350E-3,1.279743837E0,1.285271918E0
1.504875375E1,-8.800801422E-2,-1.084374914E-1,9.607741302E-1,9.708712733E-1
1.505874075E1,5.336253058E-2,-1.131526861E-1,5.265914708E-1,5.412482491E-1
1.506872775E1,2.671067313E-1,-3.253273845E-2,1.318786865E-1,2.996604294E-1
1.507871475E1,3.483862448E-1,1.383334279E-2,-7.396201551E-2,3.564192990E-1
1.508870175E1,3.265193028E-1,-4.158832133E-4,-1.141101676E-1,3.458846028E-1
1.509868875E1,2.711311140E-1,7.936425805E-3,1.851520836E-2,2.718784302E-1
1.510867575E1,2.257051189E-1,8.144820571E-2,2.307434088E-1,3.328950760E-1
1.511866275E1,1.413461692E-1,5.287052393E-2,4.774725205E-1,5.007534719E-1
1.512864975E1,9.004609779E-2,-3.810016483E-2,7.117201656E-1,7.184048416E-1
1.513863675E1,8.052365128E-2,-2.117643701E-1,8.739459014E-1,9.028342292E-1
1.514862375E1,4.770260856E-2,-4.954987554E-1,1.016447809E0,1.131795346E0
1.515861075E1,-4.379491434E-2,-6.936290266E-1,1.141246102E0,1.336219251E0
1.516859775E1,-1.194095357E-1,-8.717834549E-1,1.215106376E0,1.500249491E0
1.517858475E1,-1.744176190E-1,-9.733510526E-1,1.200374317E0,1.555227404E0
1.518857175E1,-1.358930925E-1,-1.005723870E0,1.126859028E0,1.516495534E0
1.519855875E1,-3.602096803E-2,-9.656961702E-1,9.326934618E-1,1.343050147E0
1.520854575E1,8.550388930E-2,-8.831633060E-1,6.511272240E-1,1.100570308E0
1.521853275E1,1.778357916E-1,-7.525037639E-1,2.803014851E-1,8.224696991E-1
1.522851975E1,1.924872878E-1,-6.380432019E-1,-1.359612125E-1,6.801734593E-1
1.523850675E1,1.246571377E-1,-6.147427784E-1,-5.175341338E-1,8.131971872E-1
1.524849375E1,1.085086629E-1,-6.457821380E-1,-7.498299783E-1,9.955167985E-1
1.525848075E1,1.322104795E-1,-6.380198130E-1,-8.374019730E-1,1.061032967E0
1.526846750E1,1.706332279E-1,-6.239606215E-1,-8.450928158E-1,1.064248290E0
1.527845550E1,2.184153038E-1,-6.133077255E-1,-8.643827802E-1,1.082131786E0
1.528844250E1,2.601910284E-1,-5.900790766E-1,-8.960641640E-1,1.104003476E0
1.529842950E1,2.766486564E-1,-6.307257038E-1,-9.462397063E-1,1.170349937E0
1.530841650E1,3.869650774E-1,-6.956748211E-1,-9.099255735E-1,1.208995441E0
1.531840350E1,5.556404747E-1,-7.413018143E-1,-7.281052333E-1,1.178304692E0
1.532839050E1,7.819148201E-1,-7.962704654E-1,-4.765024674E-1,1.213462831E0
1.533837750E1,9.367261402E-1,-8.231781824E-1,-1.429462963E-1,1.255193939E0
1.534836450E1,1.004825884E0,-8.600613955E-1,1.528368616E-1,1.331442739E0
1.535835150E1,9.728880262E-1,-9.397710778E-1,3.278317469E-1,1.391816958E0
1.536833850E1,8.917052840E-1,-9.820476164E-1,3.494810629E-1,1.371748099E0
1.537832550E1,8.404377743E-1,-1.033315272E0,2.179274815E-1,1.349654953E0
1.538831250E1,5.966727990E-1,-8.844412149E-1,-7.241601169E-2,1.069345019E0
1.539829950E1,5.242836114E-1,-7.527721511E-1,-2.692315364E-1,9.560464616E-1
1.540828650E1,3.773108858E-1,-7.113857049E-1,-4.821467847E-1,9.385620105E-1
1.541827350E1,3.987507618E-1,-6.432383068E-1,-5.843502671E-1,9.561500531E-1
1.542826050E1,4.245492620E-1,-5.656489711E-1,-5.572262031E-1,9.003898465E-1
1.543824750E1,3.543804449E-1,-4.839545976E-1,-4.561763763E-1,7.535877113E-1
1.544823450E1,1.974924130E-1,-4.082626833E-1,-3.118980843E-1,5.504199186E-1
1.545822150E1,5.963916941E-2,-3.352487938E-1,-1.181435770E-1,3.604254279E-1
1.546820850E1,-3.565467652E-2,-2.252429330E-1,1.059234810E-1,2.514466517E-1
1.547819550E1,-6.057050295E-2,-8.775895938E-2,3.112320864E-1,3.289921464E-1
1.548818250E1,-1.009752382E-1,1.287688449E-2,3.851531714E-1,3.983776830E-1
1.549816950E1,-9.927609215E-2,6.409571618E-2,3.869102597E-1,4.045535223E-1
1.550815650E1,-3.579168409E-2,1.345305450E-1,2.854885501E-1,3.176211964E-1
1.551814350E1,5.517020644E-2,2.025120284E-1,8.136459053E-2,2.251112390E-1
1.552813050E1,7.719912546E-2,2.800108784E-1,-1.314834148E-1,3.188317509E-1
1.553811750E1,6.462015660E-2,3.116894849E-1,-3.319160271E-1,4.598851472E-1
1.554810450E1,3.623830630E-2,3.291071709E-1,-4.800435412E-1,5.831522496E-1
1.555809150E1,7.178929524E-2,3.766709080E-1,-5.270849758E-1,6.518076769E-1
1.556807850E1,1.028229401E-1,3.826289284E-1,-4.996948636E-1,6.377087192E-1
1.557806550E1,1.059253996E-1,3.806005293E-1,-3.950758964E-1,5.587145220E-1
1.558805250E1,5.358007441E-2,3.599214126E-1,-2.451082635E-1,4.387394540E-1
1.559803950E1,4.792147258E-2,3.601272346E-1,-6.998356998E-2,3.699808005E-1
1.560802650E1,2.525862173E-2,3.462830745E-1,2.200073361E-2,3.478994078E-1
1.561801350E1,-9.247131727E-3,3.542266631E-1,1.146755934E-2,3.545328521E-1
1.562800050E1,-2.359064637E-2,3.670167165E-1,-5.327982903E-2,3.716134133E-1
1.563798750E1,-8.409308407E-2,4.405855067E-1,-2.127410012E-1,4.964332474E-1
1.564797450E1,-7.818423511E-2,5.085487175E-1,-3.687757051E-1,6.330324584E-1
1.565796150E1,-7.215137950E-2,5.375601165E-1,-5.044825637E-1,7.407289366E-1
1.566794850E1,-3.603924058E-2,5.345338900E-1,-5.829229617E-1,7.917224803E-1
1.567793550E1,3.236121403E-2,5.367543702E-1,-5.545528561E-1,7.724515339E-1
1.568792250E1,1.132657931E-1,5.132928559E-1,-4.036467451E-1,6.627438349E-1
1.569790950E1,1.950548550E-1,4.774824607E-1,-1.987164545E-1,5.527423686E-1
1.570789650E1,2.263378424E-1,4.330557548E-1,1.241656244E-2,4.887947183E-1
1.571788350E1,1.898359226E-1,4.105464596E-1,1.727401990E-1,4.841748128E-1
1.572787050E1,1.210801583E-1,4.083122385E-1,2.950569338E-1,5.181099140E-1
1.573785750E1,-9.656638963E-3,4.484200448E-1,3.499915248E-1,5.689181441E-1
1.574784450E1,-1.260767960E-1,5.072770943E-1,3.707625890E-1,6.408512357E-1
1.575783150E1,-1.485339596E-1,5.717281750E-1,4.016224390E-1,7.143080755E-1
1.576781850E1,-1.016435567E-1,6.051853582E-1,4.504882050E-1,7.612623419E-1
1.577780550E1,-5.134839776E-3,6.042039031E-1,5.156905067E-1,7.943710857E-1
1.578779250E1,7.676096801E-2,6.385042548E-1,6.209392190E-1,8.939493517E-1
1.579777950E1,1.223640607E-1,6.547023578E-1,7.146162915E-1,9.768749074E-1
1.580776650E1,5.690852883E-2,4.523634070E-1,7.549328434E-1,8.819267718E-1
1.581775350E1,-3.387328573E-3,2.409405144E-1,7.786871570E-1,8.151180859E-1
1.582774050E1,-7.625609748E-2,1.605348672E-1,7.486219436E-1,7.694291718E-1
1.583772750E1,-1.435475911E-1,1.123052783E-1,7.284209830E-1,7.508764977E-1
1.584771450E1,-2.603588069E-1,7.495399565E-2,7.104793864E-1,7.603852763E-1
1.585770150E1,-3.324452732E-1,5.458200395E-2,5.711437458E-1,6.631019779E-1
1.586768850E1,-3.148935032E-1,4.870730639E-2,4.448058808E-1,5.471586531E-1
1.587767550E1,-2.025155732E-1,1.093976042E-1,3.473018056E-1,4.166520579E-1
1.588766250E1,-5.307497548E-2,1.516513386E-1,1.979054457E-1,2.549149799E-1
1.589764950E1,5.469085352E-2,4.267999649E-2,1.215864176E-1,1.399854582E-1
1.590763650E1,1.334357087E-1,-1.812445356E-1,1.361477387E-1,2.630415876E-1
1.591762350E1,1.965147403E-1,-3.808304711E-1,2.912346089E-1,5.181384837E-1
1.592761050E1,1.281572992E-1,-5.688042748E-1,5.304085332E-1,7.882231971E-1
1.593759750E1,-4.738748018E-2,-7.694226824E-1,9.041029161E-1,1.188132535E0
1.594758450E1,-3.011954869E-1,-9.438328461E-1,1.236296686E0,1.584288060E0
1.595757150E1,-4.392420358E-1,-1.075997608E0,1.501383131E0,1.898645761E0
1.596755850E1,-4.468324161E-1,-1.137773003E0,1.617107715E0,2.027122092E0
1.597754550E1,-4.146501086E-1,-1.171744010E0,1.512375312E0,1.957600016E0
1.598753250E1,-3.859736820E-1,-1.195727827E0,1.258814898E0,1.778582488E0
1.599751950E1,-3.669570018E-1,-1.154093312E0,8.769174564E-1,1.495183280E0
1.600750650E1,-3.394848457E-1,-1.105513037E0,3.665601951E-1,1.213167512E0
1.601749350E1,-3.104645297E-1,-1.011156664E0,-1.593658626E-1,1.069683832E0
1.602748050E1,-2.934686838E-1,-8.779819420E-1,-6.415623486E-1,1.126311860E0
1.603746750E1,-3.257905570E-1,-8.027350008E-1,-1.010789459E0,1.331246896E0
1.604745450E1,-3.364608120E-1,-7.972253157E-1,-1.221458207E0,1.496908225E0
1.605744150E1,-3.484609796E-1,-7.589304386E-1,-1.333880868E0,1.573733978E0
1.606742850E1,-3.472953006E-1,-7.010712165E-1,-1.352354561E0,1.562362869E0
1.607741550E1,-3.440237834E-1,-6.191211735E-1,-1.242014093E0,1.429777045E0
1.608740250E1,-3.730697541E-1,-5.523027013E-1,-1.104039685E0,1.289621239E0
1.609738950E1,-3.928697054E-1,-5.846587077E-1,-9.787589961E-1,1.205877930E0
1.610737650E1,-3.890856432E-1,-6.126665783E-1,-8.507558441E-1,1.118272543E0
1.611736350E1,-3.163739451E-1,-5.932267790E-1,-6.679379690E-1,9.477086128E-1
1.612735150E1,-2.357724163E-1,-6.251305032E-1,-4.730830157E-1,8.186478596E-1
1.613733850E1,-2.222686737E-1,-7.089450771E-1,-2.611881065E-1,7.875441020E-1
1.614732550E1,-2.455047047E-1,-7.352315274E-1,-3.899215758E-2,7.761174829E-1
1.615731250E1,-2.231065432E-1,-7.285582463E-1,2.007278967E-1,7.879500850E-1
1.616729850E1,-1.925887552E-1,-7.243985371E-1,4.480581021E-1,8.732695644E-1
1.617728650E1,-1.871408679E-1,-6.675108299E-1,6.478387499E-1,9.488347898E-1
1.618727350E1,-2.028489742E-1,-5.854154836E-1,7.481711233E-1,9.714005479E-1
1.619726050E1,-2.057278142E-1,-5.632646227E-1,6.902135217E-1,9.143225220E-1
1.620724750E1,-1.456690158E-1,-4.586586656E-1,5.848291540E-1,7.573720176E-1
1.621723450E1,-6.107646983E-2,-3.195593986E-1,4.316706955E-1,5.405442940E-1
1.622722150E1,1.507814191E-3,-2.248030762E-1,2.337079471E-1,3.242808985E-1
1.623720850E1,5.297361765E-2,-1.532182463E-1,3.390157163E-2,1.656241278E-1
1.624719550E1,1.306388576E-1,-8.939632595E-2,-1.691131711E-1,2.316408402E-1
1.625718250E1,2.178721888E-1,-1.838072240E-3,-3.119395995E-1,3.804970209E-1
1.626716950E1,2.848523365E-1,6.094625965E-2,-4.462647611E-1,5.329235753E-1
1.627715746E1,3.037374908E-1,1.113330325E-1,-4.945814735E-1,5.909842142E-1
1.628714446E1,2.818923663E-1,1.492495948E-1,-5.205162138E-1,6.104718474E-1
1.629713146E1,2.387582238E-1,1.858826932E-1,-6.300754935E-1,6.989656591E-1
1.630711846E1,1.936279516E-1,1.857195559E-1,-8.227564520E-1,8.653968548E-1
1.631710546E1,1.834249258E-1,1.212279832E-1,-5.680447215E-1,6.091106081E-1
1.632709246E1,1.124139269E-1,1.270322219E-1,-3.552797467E-1,3.936975676E-1
1.633707946E1,2.092495557E-2,1.386705199E-1,-2.575376898E-1,2.932456795E-1
1.634706646E1,2.637613200E-2,1.867267388E-1,-1.733623427E-1,2.561583050E-1
1.635705346E1,7.696587637E-2,2.654010254E-1,-1.763952935E-1,3.278364683E-1
1.636704046E1,1.087020779E-1,3.154024668E-1,-2.416648382E-1,4.119426560E-1
1.637702746E1,9.579734601E-2,3.504332820E-1,-3.147117645E-1,4.806496763E-1
1.638701446E1,7.485590860E-2,4.040043023E-1,-3.180955482E-1,5.196226141E-1
1.639700146E1,4.631802443E-2,4.702893622E-1,-3.152298278E-1,5.680557085E-1
1.640698846E1,4.791340068E-2,5.116759546E-1,-2.898032105E-1,5.899948113E-1
1.641697546E1,8.132742416E-2,5.463819569E-1,-2.594631779E-1,6.103020019E-1
1.642696246E1,7.279648270E-2,5.666524994E-1,-2.721317554E-1,6.328112478E-1
1.643694946E1,2.626561962E-2,5.934536509E-1,-2.710108441E-1,6.529349096E-1
1.644693646E1,-2.242476638E-2,6.059396490E-1,-3.222499949E-1,6.866664311E-1
1.645692346E1,-3.461811136E-2,6.052116707E-1,-3.906378597E-1,7.211640017E-1
1.646691046E1,-3.306132674E-2,6.339925432E-1,-4.674275887E-1,7.883705644E-1
1.647689746E1,-5.034503840E-2,6.531714106E-1,-4.568903214E-1,7.986966134E-1
1.648688446E1,-8.061581802E-2,6.139504807E-1,-3.477245593E-1,7.101735506E-1
1.649687146E1,-7.933878612E-2,5.729616451E-1,-2.304077786E-1,6.226294518E-1
1.650685846E1,-5.913252644E-3,5.324065268E-1,-1.067648953E-1,5.430381379E-1
1.651684546E1,8.931000642E-2,4.964180839E-1,1.800416172E-2,5.047091649E-1
1.652683246E1,1.311018109E-1,4.885189341E-1,1.748212230E-1,5.351643615E-1
1.653681946E1,5.576613821E-2,4.260469897E-1,3.058719438E-1,5.274310814E-1
1.654680646E1,-6.455249336E-2,3.779447240E-1,4.301843333E-1,5.762532424E-1
1.655679346E1,-9.994207174E-2,3.150183047E-1,4.583579725E-1,5.650813932E-1
1.656678046E1,-1.110226916E-1,2.920214979E-1,4.377482915E-1,5.377975084E-1
1.657676746E1,-3.054641371E-1,2.927009444E-1,4.431786007E-1,6.126903410E-1
1.658675446E1,-3.641057532E-2,2.524095355E-1,4.270782924E-1,4.974255436E-1
1.659674146E1,1.830879434E-1,1.743506683E-1,4.667370325E-1,5.308133458E-1
1.660672846E1,1.857876394E-1,1.651737557E-1,5.085902327E-1,5.660949049E-1
1.661671546E1,7.756899839E-2,1.544982018E-1,6.515780443E-1,6.741220896E-1
1.662670246E1,-1.078257081E-1,1.333665106E-1,9.313509411E-1,9.470098125E-1
1.663668946E1,-3.695136968E-2,9.318766057E-2,1.003090430E0,1.008087176E0
1.664667646E1,-9.295406431E-2,1.168409635E-1,1.126973049E0,1.136820356E0
1.665666346E1,-1.206782171E-1,1.465641148E-1,1.455620483E0,1.467949339E0
1.666665046E1,-8.626870511E-2,2.191071573E-1,1.333734688E0,1.354362748E0
1.667663746E1,-8.918531455E-2,2.396481335E-1,1.215843710E0,1.242441619E0
1.668662446E1,-3.446815952E-1,1.032768850E-1,1.125059840E0,1.181199035E0
1.669661146E1,-5.893283306E-1,-3.141489699E-2,1.096107352E0,1.244887988E0
1.670659846E1,-7.728210110E-1,-1.466070919E-1,1.127403989E0,1.374694769E0
1.671658546E1,-8.785155735E-1,-3.170810562E-1,1.184652908E0,1.508553122E0
1.672657246E1,-7.992214090E-1,-4.966110420E-1,1.211671137E0,1.534120051E0
1.673655946E1,-6.527526768E-1,-6.465234187E-1,1.207690938E0,1.517430720E0
1.674654646E1,-4.998825957E-1,-7.794844249E-1,1.141994546E0,1.470248320E0
1.675653346E1,-3.666059861E-1,-8.699639475E-1,9.823328143E-1,1.362429806E0
1.676652046E1,-2.231273921E-1,-8.792852864E-1,7.489499724E-1,1.176373456E0
1.677650746E1,-8.795842253E-2,-8.722509398E-1,4.704149312E-1,9.949113496E-1
1.678649446E1,7.352708316E-2,-8.312393001E-1,2.025680155E-1,8.587192829E-1
1.679648146E1,2.232969797E-1,-7.451665315E-1,-1.088938665E-1,7.854887491E-1
1.680646846E1,3.294968147E-1,-6.737343138E-1,-3.525403261E-1,8.287163315E-1
1.681645546E1,3.790877450E-1,-6.224552558E-1,-5.793000269E-1,9.309922583E-1
1.682644246E1,3.010200887E-1,-6.003233984E-1,-7.202816588E-1,9.847877662E-1
1.683642946E1,2.042486149E-1,-6.052245346E-1,-8.263033730E-1,1.044409641E0
1.684641646E1,1.400533681E-1,-6.058769377E-1,-8.613755572E-1,1.062388658E0
1.685640346E1,1.052133184E-1,-6.404771054E-1,-8.821472061E-1,1.095200647E0
1.686639046E1,9.817020094E-2,-7.169316427E-1,-8.931428951E-1,1.149492323E0
1.687637746E1,1.474638369E-1,-7.869172592E-1,-8.239048451E-1,1.148827032E0
1.688636446E1,2.470429062E-1,-8.613876902E-1,-6.650459361E-1,1.115932367E0
1.689635146E1,3.124663606E-1,-9.377685526E-1,-3.865114796E-1,1.061336991E0
1.690633846E1,3.702183594E-1,-1.038756399E0,-8.764859319E-2,1.106236306E0
1.691632546E1,4.672947473E-1,-1.035948858E0,1.700107187E-1,1.149111858E0
1.692631246E1,4.929418777E-1,-1.004534254E0,3.128248680E-1,1.161869252E0
1.693629946E1,4.715335766E-1,-9.636819506E-1,3.385087627E-1,1.124995555E0
1.694628646E1,4.754569121E-1,-8.969757450E-1,2.502087897E-1,1.045576014E0
1.695627346E1,4.532426090E-1,-8.198822531E-1,8.559563577E-2,9.407243934E-1
1.696626046E1,4.447386378E-1,-7.620411573E-1,-4.793781281E-2,8.836273057E-1
1.697624746E1,4.110534862E-1,-7.317056563E-1,-1.870781565E-1,8.598583446E-1
1.698623446E1,3.578065478E-1,-7.396412051E-1,-2.718054807E-1,8.654321795E-1
1.699622146E1,3.399104865E-1,-7.105106691E-1,-3.228674608E-1,8.512390657E-1
1.700620846E1,3.390361450E-1,-6.510646588E-1,-3.489869732E-1,8.127869370E-1
1.701619546E1,3.299786253E-1,-6.352036478E-1,-3.244608271E-1,7.859035536E-1
1.702618246E1,2.907170755E-1,-5.661619180E-1,-2.534610111E-1,6.850534428E-1
1.703616946E1,2.478364464E-1,-4.509451649E-1,-2.120147771E-1,5.565291651E-1
1.704615646E1,1.606334293E-1,-3.511637454E-1,-1.829278028E-1,4.272957474E-1
1.705614346E1,9.502206003E-2,-3.243193245E-1,-1.910566020E-1,3.882200939E-1
1.706613046E1,1.663203947E-2,-2.579347157E-1,-1.991877401E-1,3.263168677E-1
1.707611746E1,-4.032382440E-2,-2.207494940E-1,-2.264866358E-1,3.188299643E-1
1.708610446E1,-4.853706105E-2,-1.904366510E-1,-2.643222141E-1,3.293754654E-1
1.709609146E1,-4.765458830E-2,-1.684259771E-1,-2.231654173E-1,2.836213550E-1
1.710607846E1,-2.267848073E-2,-1.131901082E-1,-1.586981106E-1,1.962432276E-1
1.711606546E1,3.751052795E-2,-6.981619343E-2,-1.239083469E-1,1.470871136E-1
1.712605246E1,8.958033051E-2,-9.065230787E-2,-6.436322629E-2,1.427764036E-1
1.713603946E1,1.516947908E-1,-6.686788112E-2,-1.068578660E-2,1.661228735E-1
1.714602646E1,1.532073010E-1,2.634170651E-3,1.793165624E-2,1.542755983E-1
1.715601346E1,8.898216035E-2,3.997244328E-2,4.442012787E-2,1.071856746E-1
1.716600046E1,-2.974177105E-2,7.143543363E-2,2.285559654E-2,8.068440008E-2
1.717598746E1,-1.507216131E-1,1.197249565E-1,-1.931218386E-2,1.934529149E-1
1.718597446E1,-2.386155152E-1,1.484075958E-1,-1.174343097E-1,3.045537649E-1
1.719596146E1,-2.885199477E-1,1.781306009E-1,-2.274344695E-1,4.082899816E-1
1.720594846E1,-3.231352268E-1,2.030713145E-1,-3.168641245E-1,4.960415376E-1
1.721593546E1,-3.558713387E-1,2.386663860E-1,-3.168226093E-1,5.329001964E-1
1.722592246E1,-3.672763328E-1,2.284985165E-1,-2.843629611E-1,5.176541030E-1
1.723590946E1,-3.412468311E-1,1.963493554E-1,-2.669826972E-1,4.756913177E-1
1.724589646E1,-2.552107172E-1,2.288256682E-1,-2.442843908E-1,4.209139582E-1
1.725588346E1,-9.113441080E-2,2.931831935E-1,-1.765946835E-1,3.541857536E-1
1.726587046E1,1.177254645E-2,3.181070964E-1,-1.130512369E-1,3.378036409E-1
1.727585713E1,1.182523535E-2,3.076030120E-1,-4.154856026E-2,3.106215254E-1
1.728584413E1,-1.321562100E-2,3.002659258E-1,3.711227775E-3,3.005795270E-1
1.729583113E1,-5.567423643E-2,3.131330162E-1,-7.272182107E-3,3.181270046E-1
1.730581813E1,-7.001379278E-2,3.496962404E-1,-6.546308756E-2,3.625945498E-1
1.731580513E1,-8.957003393E-2,4.214553174E-1,-1.616404295E-1,4.601901824E-1
1.732579213E1,-8.038093354E-2,4.581922039E-1,-2.917427319E-1,5.491038261E-1
1.733577913E1,-6.822755976E-2,4.865036912E-1,-3.660380387E-1,6.126374844E-1
1.734576613E1,9.176337020E-3,5.186774106E-1,-3.645089918E-1,6.340167715E-1
1.735575313E1,8.429247413E-2,5.207797770E-1,-2.648613274E-1,5.903120532E-1
1.736574013E1,1.335009052E-1,4.938166577E-1,-1.046271533E-1,5.221342972E-1
1.737572713E1,1.709776289E-1,4.558246663E-1,9.808353424E-2,4.966184206E-1
1.738571413E1,1.515401319E-1,4.196039428E-1,2.418653977E-1,5.074748772E-1
1.739570113E1,9.934564660E-2,3.670037064E-1,3.174289656E-1,4.953003394E-1
1.740568813E1,3.810471470E-2,3.824024950E-1,3.294274521E-1,5.061680389E-1
1.741567513E1,4.486221392E-3,4.052045895E-1,3.062017268E-1,5.079078490E-1
1.742566212E1,-2.526178517E-2,4.084478939E-1,2.769112694E-1,4.941130346E-1
1.743564913E1,-2.647999316E-2,3.896299459E-1,2.728468698E-1,4.764011956E-1
1.744563613E1,2.259734147E-2,3.358887716E-1,2.900324214E-1,4.443542642E-1
1.745562313E1,1.110277531E-1,3.176630004E-1,3.796228749E-1,5.072972214E-1
1.746561013E1,1.652421499E-1,3.261962807E-1,4.724842608E-1,5.974532269E-1
1.747559713E1,2.321011323E-1,3.418622871E-1,4.945709485E-1,6.444696905E-1
1.748558413E1,2.820509172E-1,3.123589911E-1,3.947782731E-1,5.770361723E-1
1.749557113E1,3.358039869E-1,2.123993777E-1,1.908215439E-1,4.407841591E-1
1.750555813E1,3.672063855E-1,1.127733479E-1,-6.379663110E-2,3.893948738E-1
1.751554513E1,3.811410313E-1,5.811533019E-2,-3.040774333E-1,4.910284746E-1
1.752553213E1,3.258201220E-1,7.008355737E-2,-3.175365543E-1,4.603258849E-1
1.753551913E1,2.563510339E-1,6.677271768E-2,-2.471682376E-1,3.623073089E-1
1.754550613E1,1.216712570E-1,-9.437406063E-3,-1.081477618E-1,1.630610248E-1
1.755549313E1,5.609064954E-2,3.566216826E-3,-4.186606407E-3,5.635961801E-2
1.756548013E1,2.222739545E-2,5.225305796E-2,-1.149971902E-2,5.793688559E-2
1.757546713E1,-1.643098296E-1,-2.319619685E-2,-1.126618123E-1,2.005703558E-1
1.758545413E1,-3.383493165E-1,-1.302525759E-1,-1.510213012E-1,3.927511004E-1
1.759544113E1,-3.581695137E-1,-1.140989117E-1,-6.716988981E-2,3.818582935E-1
1.760542813E1,-3.874422102E-1,-2.069184901E-1,1.444379210E-1,4.623732700E-1
1.761541513E1,-3.858263687E-1,-4.015888175E-1,4.922443414E-1,7.432631141E-1
1.762540213E1,-3.394663174E-1,-5.899726573E-1,8.381381375E-1,1.079713228E0
1.763538913E1,-2.506530319E-1,-7.498320249E-1,1.166688507E0,1.409339236E0
1.764537613E1,-1.985585797E-1,-8.817281069E-1,1.391313390E0,1.659103044E0
1.765536313E1,-2.439769004E-1,-8.747400995E-1,1.430679769E0,1.694561764E0
1.766535013E1,-2.566534081E-1,-8.868480751E-1,1.355675780E0,1.640191239E0
1.767533813E1,-3.383379144E-1,-8.592973106E-1,1.188914943E0,1.505451147E0
1.768532513E1,-3.725531891E-1,-7.930208753E-1,8.975704068E-1,1.254316795E0
1.769531213E1,-2.570658560E-1,-7.444308056E-1,5.608286726E-1,9.668448059E-1
1.770529913E1,-1.629265429E-1,-7.197016150E-1,2.223152322E-1,7.706747274E-1
1.771528613E1,-1.067506884E-1,-7.576681709E-1,-4.698413193E-2,7.665926398E-1
1.772527313E1,-6.906177470E-2,-7.964610846E-1,-1.983393091E-1,8.236857833E-1
1.773526013E1,-2.486423389E-2,-8.018842310E-1,-2.380483353E-1,8.368414186E-1
1.774524713E1,-7.508042341E-2,-8.544473375E-1,-2.525283802E-1,8.941408756E-1
1.775523413E1,-1.948905665E-1,-8.765391415E-1,-2.837718076E-1,9.417163258E-1
1.776522112E1,-2.788805751E-1,-8.963126707E-1,-2.746419650E-1,9.780485611E-1
1.777520813E1,-3.415031219E-1,-9.133790852E-1,-2.573160803E-1,1.008512420E0
1.778519513E1,-4.079266146E-1,-9.255410014E-1,-2.804722238E-1,1.049616566E0
1.779518213E1,-4.138612461E-1,-9.605421419E-1,-3.662385982E-1,1.108175549E0
1.780516913E1,-4.018653177E-1,-9.758983921E-1,-4.417460328E-1,1.144121044E0
1.781515612E1,-4.222849642E-1,-9.840334770E-1,-4.999731910E-1,1.181786642E0
1.782514313E1,-4.561083294E-1,-9.994805051E-1,-4.348802322E-1,1.181573910E0
1.783513013E1,-4.593513414E-1,-1.007282591E0,-3.441571730E-1,1.159338619E0
1.784511713E1,-4.438749310E-1,-9.950005147E-1,-1.768221402E-1,1.103774002E0
1.785510413E1,-4.669481901E-1,-9.881076707E-1,-2.291816175E-2,1.093125164E0
1.786509113E1,-5.656346088E-1,-9.700343657E-1,9.841039360E-2,1.127206186E0
1.787507813E1,-6.904001941E-1,-9.385127570E-1,1.701791185E-1,1.177463186E0
1.788506513E1,-8.149482995E-1,-8.898979828E-1,2.089420652E-1,1.224628898E0
1.789505213E1,-8.890342028E-1,-8.642822081E-1,2.308112365E-1,1.261205525E0
1.790503913E1,-9.081309899E-1,-8.558271343E-1,2.001770890E-1,1.263808864E0
1.791502613E1,-8.571596416E-1,-7.861753938E-1,1.682448596E-1,1.175202422E0
1.792501313E1,-7.946450856E-1,-7.370615597E-1,1.267302132E-1,1.091229170E0
1.793500013E1,-7.595128213E-1,-7.044672793E-1,7.656344175E-2,1.038747243E0
1.794498713E1,-7.036942043E-1,-6.594100973E-1,7.171902359E-2,9.670319684E-1
1.795497413E1,-6.610895638E-1,-6.417694862E-1,3.952717781E-2,9.222092401E-1
1.796496113E1,-6.217462078E-1,-6.064955731E-1,7.603719234E-3,8.685983212E-1
1.797494813E1,-6.145488701E-1,-5.713453285E-1,-2.553888381E-2,8.394986794E-1
1.798493513E1,-6.386986747E-1,-5.038475561E-1,-6.748154640E-2,8.163039361E-1
1.799492213E1,-7.036297388E-1,-4.264470854E-1,-1.723876119E-1,8.406363153E-1
1.800490913E1,-7.565846819E-1,-3.961767809E-1,-2.849161077E-1,9.003075091E-1
1.801489613E1,-7.429467092E-1,-3.363452929E-1,-3.810922801E-1,9.001829229E-1
1.802488313E1,-6.922973232E-1,-3.305828619E-1,-4.357725173E-1,8.823028387E-1
1.803487013E1,-6.446691936E-1,-3.421401760E-1,-4.316625094E-1,8.479332469E-1
1.804485713E1,-5.563403865E-1,-3.360823144E-1,-3.681611627E-1,7.469997252E-1
1.805484413E1,-5.027411167E-1,-3.018980299E-1,-2.972589952E-1,6.574602354E-1
1.806483113E1,-4.909754225E-1,-3.091133478E-1,-1.776647240E-1,6.067723473E-1
1.807481812E1,-5.099376870E-1,-2.865749627E-1,-5.935567081E-2,5.879496148E-1
1.808480513E1,-5.489413563E-1,-2.299652906E-1,5.114267170E-2,5.973576989E-1
1.809479213E1,-6.277254975E-1,-1.709905659E-1,1.165215594E-1,6.609495802E-1
1.810477913E1,-6.758621156E-1,-1.136501379E-1,1.129144120E-1,6.945902516E-1
1.811476613E1,-6.951795620E-1,-3.136249132E-2,5.893817961E-2,6.983780769E-1
1.812475313E1,-7.263896602E-1,6.220962368E-2,1.361816525E-2,7.291758568E-1
1.813474013E1,-7.412488239E-1,1.483919545E-1,-1.607107222E-2,7.561271523E-1
1.814472713E1,-7.229248926E-1,2.230312237E-1,-8.716444373E-3,7.565971871E-1
1.815471413E1,-6.786348653E-1,2.754629872E-1,8.563071907E-2,7.373993204E-1
1.816470113E1,-6.179610859E-1,2.863149809E-1,1.967757636E-1,7.089237428E-1
1.817468813E1,-5.902232470E-1,2.778829305E-1,3.176295251E-1,7.255831583E-1
1.818467513E1,-5.280141715E-1,2.606544750E-1,4.438983929E-1,7.374181337E-1
1.819466213E1,-4.788087554E-1,2.707743973E-1,4.890698880E-1,7.360475215E-1
1.820464913E1,-4.773202005E-1,2.871816114E-1,5.129885083E-1,7.572747595E-1
1.821463613E1,-4.940310312E-1,3.106646872E-1,4.557752573E-1,7.404797721E-1
1.822462313E1,-4.958200234E-1,3.549420699E-1,3.348589307E-1,6.956664949E-1
1.823461013E1,-5.150177845E-1,3.786037783E-1,1.725273603E-1,6.620799267E-1
1.824459713E1,-5.242291957E-1,4.164291240E-1,-1.165408552E-2,6.696008383E-1
1.825458413E1,-4.883988104E-1,4.400716826E-1,-1.109754753E-1,6.667173614E-1
1.826457113E1,-4.607653443E-1,4.359761466E-1,-1.791113251E-1,6.591363817E-1
1.827455821E1,-4.230719995E-1,4.556184789E-1,-1.974616420E-1,6.523566625E-1
1.828454521E1,-4.443033857E-1,4.417662788E-1,-2.126404291E-1,6.616486195E-1
1.829453221E1,-4.786663026E-1,4.269472416E-1,-2.221795768E-1,6.787997796E-1
1.830451921E1,-5.515723475E-1,4.203523864E-1,-1.687032813E-1,7.137149154E-1
1.831450621E1,-6.375576637E-1,4.191424513E-1,-9.672990382E-2,7.691013219E-1
1.832449321E1,-7.248891185E-1,3.809646647E-1,-1.046715921E-1,8.255631121E-1
1.833448021E1,-7.397164880E-1,3.830314361E-1,-1.184254128E-1,8.413787150E-1
1.834446721E1,-7.328608469E-1,3.984896471E-1,-1.736371619E-1,8.520732854E-1
1.835445421E1,-7.238607395E-1,3.899943736E-1,-2.157330215E-1,8.500651258E-1
1.836444121E1,-6.839972737E-1,4.061561508E-1,-2.172509587E-1,8.246290489E-1
1.837442821E1,-7.202041101E-1,3.957715689E-1,-1.379030728E-1,8.332744760E-1
1.838441521E1,-7.821557254E-1,3.645800355E-1,-3.920558095E-3,8.629609214E-1
1.839440221E1,-7.394937091E-1,3.969151381E-1,1.414798146E-1,8.511222653E-1
1.840438921E1,-6.806498158E-1,4.087105800E-1,2.575277495E-1,8.346550496E-1
1.841437621E1,-6.404095700E-1,3.348541068E-1,3.126599765E-1,7.874058363E-1
1.842436321E1,-5.858405031E-1,2.645061091E-1,3.790270436E-1,7.462131576E-1
1.843435021E1,-5.628492511E-1,2.544021204E-1,4.577258885E-1,7.687865161E-1
1.844433721E1,-5.897575528E-1,2.258400799E-1,5.024869090E-1,8.070382931E-1
1.845432421E1,-5.304609389E-1,2.629316001E-1,5.120909607E-1,7.827892348E-1
1.846431121E1,-3.877565711E-1,3.403015190E-1,4.999761146E-1,7.184263341E-1
1.847429821E1,-3.004215714E-1,3.283147269E-1,5.181773275E-1,6.830456963E-1
1.848428521E1,-2.868540759E-1,2.328681408E-1,5.861693358E-1,6.928977718E-1
1.849427221E1,-3.356361718E-1,9.932109743E-2,7.277204865E-1,8.075230193E-1
1.850425921E1,-4.235435043E-1,-4.037633970E-2,9.524400938E-1,1.043149788E0
1.851424621E1,-4.931633775E-1,-1.819494174E-1,1.097065710E0,1.216498615E0
1.852423321E1,-5.205576194E-1,-3.503723247E-1,1.169365947E0,1.327086176E0
1.853422021E1,-4.810133750E-1,-5.023059377E-1,1.214242743E0,1.399310745E0
1.854420721E1,-4.157329764E-1,-5.972840157E-1,1.194166328E0,1.398433167E0
1.855419421E1,-3.834866053E-1,-6.877305016E-1,1.089493566E0,1.344258699E0
1.856418121E1,-3.331888928E-1,-7.726016673E-1,9.409596705E-1,1.262273059E0
1.857416821E1,-2.768265213E-1,-8.047082900E-1,7.405498624E-1,1.128096828E0
1.858415521E1,-2.593913668E-1,-8.283148152E-1,4.556583130E-1,9.803131196E-1
1.859414221E1,-2.446834267E-1,-8.134934391E-1,1.382913280E-1,8.606776668E-1
1.860412921E1,-2.250685033E-1,-8.003579615E-1,-1.746668565E-1,8.495511806E-1
1.861411621E1,-1.693288237E-1,-7.739573443E-1,-3.990870863E-1,8.871035587E-1
1.862410321E1,-1.190313488E-1,-7.493135230E-1,-5.206729192E-1,9.201844959E-1
1.863409021E1,-7.308081270E-2,-7.357963684E-1,-5.964411396E-1,9.499890178E-1
1.864407721E1,-4.188341386E-2,-7.035076050E-1,-6.759480697E-1,9.765157263E-1
1.865406421E1,-6.582112902E-2,-6.846439026E-1,-7.874264055E-1,1.045519028E0
1.866405121E1,-9.590902783E-2,-6.796202673E-1,-9.394148362E-1,1.163435638E0
1.867403821E1,-1.064565552E-1,-7.139352371E-1,-1.079701234E0,1.298765289E0
1.868402521E1,-8.831593408E-2,-7.193196456E-1,-1.067311569E0,1.290106368E0
1.869401221E1,2.656581933E-3,-6.704385307E-1,-8.757971299E-1,1.102957612E0
1.870399921E1,3.681607973E-2,-6.402514029E-1,-5.772172487E-1,8.628192364E-1
1.871398621E1,6.379537029E-2,-6.669264007E-1,-2.742338294E-1,7.239232462E-1
1.872397321E1,1.751091984E-1,-6.808452590E-1,-3.310868919E-2,7.037824119E-1
1.873396021E1,2.929260074E-1,-6.512500155E-1,9.646444023E-2,7.205814435E-1
1.874394721E1,3.969739026E-1,-6.159674777E-1,1.365406716E-1,7.454177137E-1
1.875393421E1,4.441805211E-1,-6.722583304E-1,9.496287525E-2,8.113233300E-1
1.876392121E1,4.736721957E-1,-6.022971261E-1,1.665462434E-2,7.664232209E-1
1.877390821E1,3.957676951E-1,-6.108555494E-1,-1.516358435E-2,7.280154566E-1
1.878389521E1,2.685191993E-1,-6.474045941E-1,-6.409659326E-2,7.038065375E-1
1.879388221E1,1.701014236E-1,-6.249167874E-1,-4.392311454E-2,6.491415297E-1
1.880386921E1,8.789147191E-2,-6.517407431E-1,2.395428836E-2,6.580765267E-1
1.881385621E1,5.561043782E-2,-7.163119841E-1,8.910338044E-2,7.239715407E-1
1.882384321E1,1.071745933E-1,-7.423379409E-1,2.435207444E-1,7.885774312E-1
1.883383021E1,2.509396003E-1,-7.244796672E-1,4.250750363E-1,8.766585753E-1
1.884381721E1,3.264162457E-1,-6.998949029E-1,6.143160778E-1,9.868052918E-1
1.885380421E1,3.123517551E-1,-7.103516248E-1,7.532570314E-1,1.081461606E0
1.886379121E1,2.655656794E-1,-6.976440172E-1,8.262191731E-1,1.113494691E0
1.887377821E1,1.496088697E-1,-6.503907672E-1,7.996149266E-1,1.041525321E0
1.888376521E1,6.102319165E-2,-6.024647950E-1,6.365191251E-1,8.785466725E-1
1.889375221E1,1.738343409E-2,-5.544303569E-1,3.745995319E-1,6.693429717E-1
1.890373921E1,5.279264633E-2,-4.695263006E-1,9.631650567E-2,4.822021150E-1
1.891372621E1,1.050827610E-1,-3.964722115E-1,-1.668590695E-1,4.428030603E-1
1.892371321E1,1.581892018E-1,-3.517877895E-1,-3.792340350E-1,5.409222917E-1
1.893370021E1,2.039656462E-1,-3.040639848E-1,-4.801552230E-1,6.038260758E-1
1.894368721E1,2.520013268E-1,-2.607100967E-1,-4.165287459E-1,5.522414502E-1
1.895367421E1,2.521683744E-1,-2.430216846E-1,-3.257881451E-1,4.783161545E-1
1.896366121E1,2.408690687E-1,-2.343661974E-1,-2.253429204E-1,4.046292804E-1
1.897364821E1,2.697974555E-1,-1.745867497E-1,-1.362588358E-1,3.490525326E-1
1.898363521E1,2.966947206E-1,-1.227257475E-1,-1.300572789E-1,3.464163133E-1
1.899362221E1,2.902476172E-1,-8.595407009E-2,-1.398186207E-1,3.334381924E-1
1.900360921E1,2.727859126E-1,-7.129246920E-2,-1.617696530E-1,3.250602881E-1
1.901359621E1,2.550582694E-1,-7.520484120E-2,-1.672894245E-1,3.141595780E-1
1.902358321E1,1.908865942E-1,-9.388654903E-2,-1.404261464E-1,2.548958190E-1
1.903357021E1,1.532808115E-1,-1.100171167E-1,-6.782828629E-2,2.004980038E-1
1.904355721E1,9.870271783E-2,-9.646677911E-2,1.634881496E-2,1.389796738E-1
1.905354421E1,5.826801561E-2,-7.427893460E-2,6.875799358E-2,1.167911959E-1
1.906353121E1,3.030911542E-2,-5.584602579E-2,1.035155976E-1,1.214615166E-1
1.907351821E1,5.858723704E-2,-2.212513313E-2,1.244737726E-1,1.393402524E-1
1.908350521E1,1.299086500E-1,2.171378151E-2,1.458476847E-1,1.965179198E-1
1.909349221E1,1.748785075E-1,6.877012655E-2,1.223395389E-1,2.242293145E-1
1.910347921E1,2.111208109E-1,8.089125842E-2,8.102252841E-2,2.401666975E-1
1.911346621E1,2.435162859E-1,1.325476080E-1,-3.048153520E-3,2.772694378E-1
1.912345321E1,2.537511243E-1,1.670983668E-1,-6.290610015E-2,3.102719367E-1
1.913344021E1,2.283399839E-1,2.029029147E-1,-1.093288994E-1,3.244403632E-1
1.914342721E1,1.884070093E-1,2.174756379E-1,-1.197001058E-1,3.116423745E-1
1.915341421E1,1.876871805E-1,2.447528990E-1,-5.257348537E-2,3.128808570E-1
1.916340121E1,2.137039646E-1,2.594055828E-1,1.615176380E-2,3.364840566E-1
1.917338821E1,2.327906286E-1,2.354894476E-1,1.041307247E-1,3.471166440E-1
1.918337521E1,2.814010174E-1,2.495840147E-1,2.102027249E-1,4.308873386E-1
1.919336221E1,3.055174564E-1,2.412607956E-1,2.735573065E-1,4.757954262E-1
1.920334921E1,3.455701527E-1,2.746681313E-1,3.363587415E-1,5.549761398E-1
1.921333621E1,3.437639478E-1,3.332127933E-1,3.501979315E-1,5.931635598E-1
1.922332321E1,2.831234792E-1,3.313938707E-1,3.132628244E-1,5.367628892E-1
1.923331021E1,1.745553209E-1,3.910256763E-1,2.350960761E-1,4.885087559E-1
1.924329721E1,1.174197830E-1,4.581986359E-1,1.223067945E-1,4.885615083E-1
1.925328421E1,1.241614034E-1,5.314586931E-1,-1.855379999E-2,5.460848287E-1
1.926327121E1,1.897830236E-1,5.755098617E-1,-2.111704391E-1,6.417337075E-1
1.927325846E1,2.422811713E-1,5.930729972E-1,-3.445612156E-1,7.274325929E-1
1.928324546E1,2.752302680E-1,5.732012348E-1,-3.660894942E-1,7.337117103E-1
1.929323246E1,3.505113423E-1,5.634505641E-1,-3.121021521E-1,7.333092749E-1
1.930321946E1,3.977649578E-1,5.403292117E-1,-2.204277509E-1,7.062301409E-1
1.931320646E1,3.631309858E-1,4.760031152E-1,-8.054598033E-2,6.040949706E-1
1.932319346E1,3.497188984E-1,4.675945267E-1,9.247956276E-3,5.839807137E-1
1.933318046E1,3.907398205E-1,4.844236904E-1,3.522772014E-2,6.233657927E-1
1.934316746E1,3.995675082E-1,4.622159654E-1,4.153394222E-2,6.123911010E-1
1.935315446E1,4.194200478E-1,4.739274998E-1,-4.311152101E-3,6.328815352E-1
1.936314146E1,3.565556822E-1,4.438805589E-1,-4.129128277E-2,5.708475060E-1
1.937312846E1,2.477783032E-1,4.048506868E-1,-6.639337957E-2,4.792767958E-1
1.938311546E1,1.721037478E-1,3.949199219E-1,-3.368639410E-2,4.321067205E-1
1.939310246E1,1.145882871E-1,3.824516116E-1,2.447995305E-2,3.999987236E-1
1.940309046E1,1.711516384E-1,4.059313984E-1,1.863788295E-1,4.783411457E-1
1.941307746E1,2.851078232E-1,4.462701698E-1,3.984801453E-1,6.627442656E-1
1.942306446E1,2.692285580E-1,2.840075965E-1,5.750806761E-1,6.956019805E-1
1.943305146E1,2.200791655E-1,9.063959017E-2,7.241168475E-1,7.622306628E-1
1.944303846E1,2.580926637E-1,6.284134224E-2,7.778498358E-1,8.219557314E-1
1.945302546E1,2.335558464E-1,-8.940831274E-3,7.338208866E-1,7.701437304E-1
1.946301246E1,1.604908486E-1,-1.359932260E-1,6.005125558E-1,6.362914425E-1
1.947299946E1,1.392221590E-1,-2.163234441E-1,4.090273529E-1,4.831997697E-1
1.948298646E1,1.836968578E-1,-2.463405642E-1,1.942392415E-1,3.635341691E-1
1.949297346E1,2.653950137E-1,-1.622269052E-1,-1.943029761E-3,3.110560359E-1
1.950296046E1,3.853513555E-1,-6.653605163E-2,-9.965585053E-2,4.035517338E-1
1.951294746E1,4.271655621E-1,-4.149067283E-2,-1.379896116E-1,4.508137379E-1
1.952293446E1,4.192166378E-1,-7.924658284E-2,-1.087675667E-1,4.402873992E-1
1.953292146E1,2.866020792E-1,-1.757442060E-1,2.244336784E-2,3.369428475E-1
1.954290846E1,1.361919765E-1,-3.418339281E-1,2.373408222E-1,4.378691069E-1
1.955289546E1,5.305721456E-2,-4.734781413E-1,4.839915812E-1,6.791498133E-1
1.956288246E1,9.107418448E-2,-5.776489194E-1,7.215224379E-1,9.287450724E-1
1.957286946E1,1.825824334E-1,-6.668151574E-1,8.572433299E-1,1.101292389E0
1.958285646E1,2.383306827E-1,-7.183140707E-1,8.585174382E-1,1.144477527E0
1.959284346E1,2.560054818E-1,-7.115437259E-1,7.939992607E-1,1.096479871E0
1.960283046E1,2.160560619E-1,-6.408807094E-1,6.838628608E-1,9.618090860E-1
1.961281746E1,1.387473011E-1,-5.694464453E-1,5.423503017E-1,7.985386136E-1
1.962280446E1,8.548653038E-2,-5.306397906E-1,3.543237269E-1,6.437638058E-1
1.963279146E1,8.126717957E-2,-4.973669408E-1,1.325651497E-1,5.211062725E-1
1.964277846E1,8.322349347E-2,-4.755404542E-1,-2.386541069E-2,4.833574571E-1
1.965276546E1,3.483253973E-2,-4.885002230E-1,-8.599675477E-2,4.972335624E-1
1.966275246E1,-6.606801856E-2,-5.181311345E-1,-1.252649009E-1,5.371369947E-1
1.967273946E1,-1.886141652E-1,-5.132786764E-1,-1.373949498E-1,5.638330207E-1
1.968272646E1,-3.168123036E-1,-5.097842342E-1,-1.889516044E-1,6.292477333E-1
1.969271346E1,-4.421989728E-1,-5.371097347E-1,-2.216451412E-1,7.301735186E-1
1.970270046E1,-4.959882405E-1,-5.290315139E-1,-2.564191175E-1,7.691745193E-1
1.971268746E1,-4.466053614E-1,-4.687810729E-1,-2.692397225E-1,7.012147113E-1
1.972267446E1,-4.345877983E-1,-4.300720668E-1,-2.592181796E-1,6.640953258E-1
1.973266146E1,-3.883771069E-1,-4.074687776E-1,-2.610658997E-1,6.205022045E-1
1.974264846E1,-2.708801954E-1,-2.817108102E-1,-2.463315010E-1,4.619699874E-1
1.975263546E1,-2.263140333E-1,-2.043908849E-1,-1.829617167E-1,3.556243317E-1
1.976262246E1,-3.008771609E-1,-2.825934474E-1,-9.670709968E-2,4.239556410E-1
1.977260946E1,-3.346489426E-1,-3.894428350E-1,4.429499745E-2,5.153811049E-1
1.978259646E1,-2.912162632E-1,-4.441987936E-1,2.180935425E-1,5.741813942E-1
1.979258346E1,-2.395922561E-1,-5.427851884E-1,3.708263236E-1,6.996659004E-1
1.980257046E1,-2.103121044E-1,-6.246913773E-1,4.242570108E-1,7.838778663E-1
1.981255746E1,-2.028930293E-1,-6.649278224E-1,3.828587240E-1,7.936468943E-1
1.982254446E1,-1.753983980E-1,-6.370193544E-1,3.226873666E-1,7.353131255E-1
1.983253146E1,-2.041868354E-1,-6.059678619E-1,2.000940585E-1,6.700201084E-1
1.984251846E1,-1.975060260E-1,-5.583487223E-1,2.659196734E-2,5.928482595E-1
1.985250546E1,-1.662561850E-1,-4.505864382E-1,-1.708913094E-1,5.097774975E-1
1.986249246E1,-1.541758557E-1,-4.052542908E-1,-3.904256058E-1,5.834666986E-1
1.987247946E1,-1.535536937E-1,-3.577094109E-1,-5.637247986E-1,6.850696374E-1
1.988246646E1,-1.433457343E-1,-2.895035407E-1,-6.906777906E-1,7.624933508E-1
1.989245346E1,-1.798647389E-1,-2.650250494E-1,-7.692509204E-1,8.332686120E-1
1.990244046E1,-2.152004863E-1,-2.690254220E-1,-8.128617936E-1,8.828534548E-1
1.991242746E1,-2.115422489E-1,-2.159275876E-1,-8.260262150E-1,8.795988597E-1
1.992241446E1,-1.720038152E-1,-1.675516722E-1,-8.031659406E-1,8.382925525E-1
1.993240146E1,-1.446757017E-1,-1.376177287E-1,-7.255190098E-1,7.524942070E-1
1.994238846E1,-1.089168169E-1,-8.093233511E-2,-6.043313724E-1,6.193781749E-1
1.995237546E1,-1.388834408E-1,-6.538312688E-2,-4.634163988E-1,4.881785760E-1
1.996236246E1,-2.246717332E-1,-9.925180793E-2,-2.757342249E-1,3.692663969E-1
1.997234946E1,-3.123107515E-1,-8.888557166E-2,-1.062725598E-1,3.416613928E-1
1.998233646E1,-3.231090239E-1,-8.763543695E-2,3.793322682E-2,3.369248297E-1
1.999232346E1,-2.777807687E-1,-7.455375373E-2,8.694341898E-2,3.004655983E-1
2.000231046E1,-2.715350470E-1,-4.089805752E-2,7.847314239E-2,2.855905582E-1
2.001229746E1,-2.427193470E-1,5.494043827E-3,6.373815894E-2,2.510088023E-1
2.002228446E1,-2.099175270E-1,4.218415260E-2,6.647290170E-2,2.241952665E-1
2.003227146E1,-2.473600993E-1,4.702009231E-2,9.512718201E-2,2.691599684E-1
2.004225846E1,-2.750196221E-1,3.846532345E-2,1.437877107E-1,3.127143735E-1
2.005224546E1,-2.952409383E-1,3.549742296E-2,2.202780622E-1,3.700671607E-1
2.006223246E1,-2.978258645E-1,3.358114421E-2,2.901774323E-1,4.171700864E-1
2.007221946E1,-3.043648057E-1,5.004427224E-2,3.636447734E-1,4.768436697E-1
2.008220646E1,-3.127089104E-1,8.490814939E-2,3.782557958E-1,4.980699786E-1
2.009219346E1,-3.398354594E-1,1.060829638E-1,3.207969618E-1,4.792206437E-1
2.010218046E1,-3.227775599E-1,1.457281092E-1,2.233326477E-1,4.186878390E-1
2.011216746E1,-2.975802083E-1,2.226732279E-1,1.036266947E-1,3.858443192E-1
2.012215446E1,-2.521953630E-1,2.695257975E-1,-6.546542645E-3,3.691740969E-1
2.013214146E1,-2.601207156E-1,3.141051158E-1,-1.285083514E-1,4.275970146E-1
2.014212846E1,-2.877685987E-1,3.455382854E-1,-2.035965407E-1,4.936182983E-1
2.015211546E1,-3.268836209E-1,3.663340540E-1,-2.544959682E-1,5.530115176E-1
2.016210246E1,-3.408338349E-1,3.827756935E-1,-2.558086681E-1,5.728202242E-1
2.017208946E1,-3.072231623E-1,3.668395458E-1,-2.137923306E-1,5.240844249E-1
2.018207646E1,-2.692195313E-1,3.677920572E-1,-1.720946664E-1,4.872029635E-1
2.019206346E1,-2.694591575E-1,3.313817377E-1,-1.394917613E-1,4.493106333E-1
2.020205046E1,-2.751918591E-1,2.948981819E-1,-9.656910539E-2,4.147542515E-1
2.021203746E1,-3.176120931E-1,2.775013997E-1,-6.191558182E-2,4.262839520E-1
2.022202446E1,-3.879501139E-1,2.672885066E-1,-3.732453167E-2,4.725902637E-1
2.023201146E1,-4.284602452E-1,2.420785287E-1,-9.221643806E-3,4.922044641E-1
2.024199846E1,-4.406753711E-1,2.494876818E-1,1.225342512E-2,5.065461800E-1
2.025198546E1,-4.783727724E-1,2.280384868E-1,6.818262756E-2,5.343135143E-1
2.026197246E1,-4.770368298E-1,2.034108916E-1,1.258116156E-1,5.336372274E-1
2.027195946E1,-4.804125736E-1,1.603961420E-1,1.599815744E-1,5.311471241E-1
2.028194546E1,-4.483876658E-1,1.614023016E-1,1.720215762E-1,5.066494099E-1
2.029193246E1,-4.605128542E-1,1.261766280E-1,1.394151628E-1,4.974225748E-1
2.030191946E1,-4.794905773E-1,1.075320500E-1,1.068689758E-1,5.028869987E-1
2.031190646E1,-5.044148457E-1,1.267388378E-1,7.529401124E-2,5.255152307E-1
2.032189346E1,-5.469677749E-1,1.124154983E-1,4.558489323E-3,5.584189922E-1
2.033188046E1,-5.695629145E-1,1.797637282E-1,-3.689008355E-2,5.983960142E-1
2.034186746E1,-5.033501408E-1,3.080798525E-1,-5.109297037E-2,5.923555109E-1
2.035185446E1,-4.192988278E-1,4.270946646E-1,-1.980978191E-2,5.988437083E-1
2.036184146E1,-3.653417450E-1,4.577852377E-1,1.234540182E-1,5.985672971E-1
2.037182846E1,-4.077624905E-1,3.707270671E-1,3.335380447E-1,6.441711219E-1
2.038181546E1,-5.489949680E-1,2.303988616E-1,5.607070506E-1,8.178456498E-1
2.039180246E1,-7.155524307E-1,5.293089643E-2,7.651338959E-1,1.048926518E0
2.040178946E1,-8.084953853E-1,-1.192299896E-1,9.441388017E-1,1.248710797E0
2.041177646E1,-7.916654907E-1,-2.530110678E-1,1.010939147E0,1.308719531E0
2.042176346E1,-7.016446090E-1,-3.898867849E-1,1.007362406E0,1.288058958E0
2.043175046E1,-5.667070978E-1,-4.578001481E-1,9.662360144E-1,1.210103279E0
2.044173746E1,-4.361533903E-1,-4.822900414E-1,9.073130375E-1,1.116266282E0
2.045172446E1,-3.874133761E-1,-5.042393196E-1,8.100545454E-1,1.029822694E0
2.046171146E1,-2.970639540E-1,-5.295181485E-1,7.192876321E-1,9.412816582E-1
2.047169846E1,-1.886195008E-1,-5.085278137E-1,6.036601120E-1,8.115315054E-1
2.048168546E1,-1.215278632E-1,-5.324122278E-1,4.630743366E-1,7.160095273E-1
2.049167246E1,-7.085808960E-2,-5.971963075E-1,3.404026759E-1,6.910414461E-1
2.050165946E1,-6.595019717E-3,-6.377169272E-1,2.956252831E-1,7.029371818E-1
2.051164646E1,-1.166126663E-2,-6.893124658E-1,2.909966272E-1,7.483092260E-1
2.052163346E1,-8.037034459E-2,-7.486425550E-1,2.712084800E-1,8.002993859E-1
2.053162046E1,-1.439215936E-1,-7.755203050E-1,2.475851440E-1,8.267064607E-1
2.054160746E1,-1.665877587E-1,-7.608701062E-1,1.380726421E-1,7.910365696E-1
2.055159446E1,-1.681550317E-1,-7.794478798E-1,3.166735053E-2,7.980087300E-1
2.056158146E1,-9.760289311E-2,-7.687063985E-1,-5.620752990E-2,7.769138551E-1
2.057156846E1,2.111711883E-2,-7.360650480E-1,-1.250877303E-1,7.469167476E-1
2.058155546E1,1.275844640E-1,-6.988459124E-1,-1.542705989E-1,7.269544844E-1
2.059154246E1,2.298032679E-1,-6.524600968E-1,-1.779722875E-1,7.142743555E-1
2.060152946E1,2.237876159E-1,-5.717781687E-1,-1.863349754E-1,6.416633808E-1
2.061151646E1,1.142284641E-1,-4.342215434E-1,-2.314035594E-1,5.051179051E-1
2.062150346E1,-2.956153292E-2,-3.222103800E-1,-2.909977967E-1,4.351702320E-1
2.063149046E1,-1.303855818E-1,-2.276376602E-1,-3.535437083E-1,4.402413633E-1
2.064147746E1,-1.429352049E-1,-1.482717942E-1,-3.307465839E-1,3.896258468E-1
2.065146446E1,-1.269834341E-1,-7.113561764E-2,-1.929592860E-1,2.416988926E-1
2.066145146E1,-1.484547755E-1,-8.428118169E-2,-1.498349011E-2,1.713669832E-1
2.067143846E1,-1.645174058E-1,-2.158251151E-1,2.457888794E-1,3.661401786E-1
2.068142546E1,-1.019365935E-1,-3.723534702E-1,5.986800385E-1,7.123594348E-1
2.069141246E1,4.270008716E-2,-4.831006117E-1,1.051151034E0,1.157638974E0
2.070139946E1,8.277603529E-2,-5.702805506E-1,1.394563857E0,1.508933441E0
2.071138646E1,2.353468212E-2,-6.538961729E-1,1.563739008E0,1.695114678E0
2.072137346E1,-6.548097638E-2,-7.355392371E-1,1.573870479E0,1.738497631E0
2.073136046E1,-1.783180773E-1,-7.681015040E-1,1.447160146E0,1.648044218E0
2.074134746E1,-2.583473099E-1,-8.077147821E-1,1.172709970E0,1.447202534E0
2.075133446E1,-3.290076220E-1,-8.771359961E-1,8.187224579E-1,1.244154345E0
2.076132146E1,-3.671273750E-1,-9.122559813E-1,4.590941370E-1,1.085246936E0
2.077130846E1,-3.607952790E-1,-9.220939216E-1,1.468206614E-1,1.000992877E0
2.078129546E1,-3.510021064E-1,-9.363808621E-1,-6.337504685E-2,1.002011973E0
2.079128246E1,-3.220473158E-1,-9.253804953E-1,-2.125416112E-1,1.002605342E0
2.080126946E1,-2.849506793E-1,-8.924206178E-1,-2.885302716E-1,9.802352607E-1
2.081125646E1,-2.763647192E-1,-8.779708323E-1,-3.597230458E-1,9.882362623E-1
2.082124346E1,-3.110406632E-1,-8.823920582E-1,-4.373980433E-1,1.032801572E0
2.083123046E1,-3.641705111E-1,-8.588966301E-1,-4.714218217E-1,1.045256962E0
2.084121746E1,-4.750497267E-1,-7.951074542E-1,-4.949668050E-1,1.050171531E0
2.085120446E1,-5.670813562E-1,-7.280241032E-1,-5.271147966E-1,1.062756025E0
2.086119146E1,-6.675131688E-1,-7.080918221E-1,-5.552054054E-1,1.120366414E0
2.087117846E1,-7.725703847E-1,-7.126239990E-1,-5.233152759E-1,1.174119603E0
2.088116546E1,-7.599805985E-1,-6.961870372E-1,-4.480136633E-1,1.123816330E0
2.089115246E1,-6.884656428E-1,-7.005850205E-1,-3.474479860E-1,1.041885030E0
2.090113946E1,-6.139194904E-1,-7.527636726E-1,-2.482137197E-1,1.002576849E0
2.091112646E1,-5.931436389E-1,-8.084890996E-1,-1.738125783E-1,1.017686009E0
2.092111346E1,-6.047095411E-1,-8.167434677E-1,-3.193573773E-2,1.016741566E0
2.093110046E1,-6.880212544E-1,-7.745900130E-1,6.131214917E-2,1.037844938E0
2.094108746E1,-8.403695080E-1,-7.147906847E-1,1.618023974E-1,1.115045581E0
2.095107446E1,-1.083371531E0,-6.535601042E-1,2.310901487E-1,1.286171583E0
2.096106146E1,-1.297337817E0,-6.893229908E-1,2.096033853E-1,1.483976137E0
2.097104846E1,-1.400782371E0,-7.469399920E-1,9.667435527E-2,1.590426525E0
2.098103546E1,-1.331593145E0,-6.186159740E-1,-9.609489620E-2,1.471414373E0
2.099102246E1,-1.110627450E0,-5.068210115E-1,-3.386783320E-1,1.266911158E0
2.100100946E1,-9.426828450E-1,-5.025107364E-1,-5.184679341E-1,1.187424518E0
2.101099646E1,-7.925120945E-1,-5.151225959E-1,-5.392056692E-1,1.088195507E0
2.102098346E1,-6.284156151E-1,-5.325027135E-1,-3.397852099E-1,8.910215003E-1
2.103097046E1,-6.175354086E-1,-6.752083969E-1,-5.696883738E-2,9.167888571E-1
2.104095746E1,-6.456551072E-1,-8.558766894E-1,2.951148212E-1,1.111974902E0
2.105094446E1,-5.630504684E-1,-9.207937932E-1,5.875948870E-1,1.228883555E0
2.106093146E1,-4.699868419E-1,-9.613000873E-1,6.964308661E-1,1.276715098E0
2.107091846E1,-3.728225265E-1,-1.002806255E0,6.771777391E-1,1.266170096E0
2.108090546E1,-2.160221663E-1,-9.282266276E-1,6.229231793E-1,1.138553264E0
2.109089246E1,-1.380885392E-1,-8.825584115E-1,4.910526788E-1,1.019367710E0
2.110087946E1,-1.290154878E-1,-8.808441541E-1,2.934945577E-1,9.373742450E-1
2.111086646E1,-1.465961283E-1,-8.674475983E-1,1.319985545E-1,8.895950646E-1
2.112085346E1,-1.662834111E-1,-8.439704427E-1,3.603814423E-2,8.609500734E-1
2.113084046E1,-2.250470513E-1,-8.709388246E-1,-2.304913938E-2,8.998399159E-1
2.114082746E1,-2.865095836E-1,-9.119045636E-1,-3.520550072E-2,9.565025363E-1
2.115081446E1,-3.014123821E-1,-9.398633176E-1,5.377625763E-2,9.884757790E-1
2.116080146E1,-2.872677847E-1,-9.398197559E-1,1.556528807E-1,9.949933532E-1
2.117078846E1,-2.518575218E-1,-9.634433842E-1,2.252628136E-1,1.020979285E0
2.118077546E1,-2.085926941E-1,-9.885622917E-1,2.774515522E-1,1.047733592E0
2.119076246E1,-1.643279194E-1,-9.744922829E-1,2.410660833E-1,1.017227473E0
2.120074946E1,-1.675067582E-1,-9.327719606E-1,1.245989031E-1,9.558488015E-1
2.121073646E1,-1.997337238E-1,-9.094409855E-1,-3.334959447E-2,9.317127572E-1
2.122072346E1,-2.115809502E-1,-8.554571517E-1,-2.363491344E-1,9.123784030E-1
2.123071046E1,-2.042108272E-1,-7.791847551E-1,-4.044220859E-1,9.013257835E-1
2.124069746E1,-1.888504110E-1,-7.130091843E-1,-5.463018501E-1,9.178737855E-1
2.125068446E1,-1.574219192E-1,-6.814783663E-1,-6.649816167E-1,9.650880659E-1
2.126067146E1,-1.359057005E-1,-6.984851392E-1,-7.033487070E-1,1.000525488E0
2.127065846E1,-1.100887816E-1,-7.111841221E-1,-6.537736738E-1,9.722769214E-1
2.128064558E1,-9.387781475E-2,-7.533912250E-1,-4.992393655E-1,9.086535787E-1
2.129063258E1,-7.995891988E-2,-7.691029859E-1,-3.213144404E-1,8.373504650E-1
2.130061958E1,-7.307347627E-2,-7.620813569E-1,-1.562621605E-1,7.813613699E-1
2.131060658E1,-8.912912646E-2,-6.998308758E-1,-4.263087988E-2,7.067705766E-1
2.132059358E1,-8.522077443E-2,-6.475789873E-1,-1.717736542E-2,6.533882361E-1
2.133058058E1,-1.279261332E-1,-5.834117889E-1,6.847674251E-3,5.973117291E-1
2.134056758E1,-1.142487832E-1,-5.510782944E-1,2.555993378E-2,5.633767666E-1
2.135055458E1,-1.033328355E-1,-5.178202088E-1,3.566684604E-2,5.292329992E-1
2.136054158E1,-7.323984783E-2,-5.014855734E-1,8.789593041E-2,5.143710238E-1
2.137052858E1,-3.540213162E-2,-5.041975120E-1,1.289971787E-1,5.216404069E-1
2.138051558E1,9.861164745E-3,-5.128931987E-1,1.720098817E-1,5.410582919E-1
2.139050258E1,-5.147176031E-3,-5.170951541E-1,1.983106577E-1,5.538420432E-1
2.140048958E1,8.905638345E-3,-4.617718694E-1,2.256674409E-1,5.140412081E-1
2.141047658E1,-2.216127623E-2,-3.899759549E-1,2.092554760E-1,4.431255147E-1
2.142046358E1,-5.891849094E-2,-3.319325455E-1,1.733658510E-1,3.790861665E-1
2.143045058E1,-5.386994099E-2,-2.613581143E-1,1.018245828E-1,2.856191172E-1
2.144043758E1,-4.399244059E-3,-1.531938341E-1,2.474834025E-2,1.552423412E-1
2.145042458E1,3.002368907E-2,-1.436152178E-1,-2.574762940E-2,1.489620526E-1
2.146041158E1,5.851645832E-2,-1.133139230E-1,-5.647123933E-2,1.394748075E-1
2.147039858E1,7.169110313E-2,-7.602111250E-2,-5.065735281E-2,1.161248949E-1
2.148038558E1,7.053613186E-2,-2.171612039E-2,2.910159230E-2,7.933371576E-2
2.149037258E1,1.006895834E-1,-2.338155359E-3,1.510762650E-1,1.815706392E-1
2.150035958E1,1.268748769E-1,-1.358659029E-2,2.853347683E-1,3.125664087E-1
2.151034658E1,1.141222915E-1,-2.525310114E-2,3.788416868E-1,3.964626593E-1
2.152033358E1,1.227264693E-1,-2.165779442E-2,4.259404242E-1,4.437973539E-1
2.153032058E1,1.468229820E-1,-3.664596230E-3,4.573382181E-1,4.803422353E-1
2.154030758E1,1.453790213E-1,4.046200141E-2,4.486866778E-1,4.733835319E-1
2.155029458E1,1.358636645E-1,8.422694877E-2,3.868792695E-1,4.186032530E-1
2.156028158E1,8.901112234E-2,1.497107939E-1,2.947055161E-1,3.423268072E-1
2.157026858E1,2.224201349E-2,2.072286849E-1,2.019189745E-1,2.901890888E-1
2.158025558E1,-6.076933569E-3,2.521930423E-1,1.253841841E-1,2.817080996E-1
2.159024258E1,2.080711133E-3,2.702961682E-1,7.742298245E-2,2.811737294E-1
2.160022958E1,8.092957595E-3,2.803329138E-1,8.893030286E-2,2.942118919E-1
2.161021658E1,-1.857007169E-3,2.627425888E-1,1.194498450E-1,2.886267173E-1
2.162020358E1,-6.532368628E-2,2.430715321E-1,1.617456794E-1,2.991865948E-1
2.163019058E1,-9.983916074E-2,2.469951600E-1,1.884195077E-1,3.263071834E-1
2.164017758E1,-1.213401219E-1,2.597154853E-1,2.071908242E-1,3.536998672E-1
2.165016458E1,-1.498629312E-1,2.781580420E-1,1.726302713E-1,3.600444487E-1
2.166015158E1,-2.004529496E-1,3.032789961E-1,1.120519477E-1,3.804144759E-1
2.167013858E1,-2.094064255E-1,3.264493190E-1,1.639734685E-2,3.881869162E-1
2.168012558E1,-2.100013614E-1,3.749358930E-1,-6.524615586E-2,4.346660287E-1
2.169011258E1,-2.206539651E-1,4.035204452E-1,-1.566872531E-1,4.858681069E-1
2.170009958E1,-2.003842997E-1,3.701682195E-1,-2.345201254E-1,4.818485940E-1
2.171008658E1,-1.692757237E-1,3.740724054E-1,-2.517583019E-1,4.816291910E-1
2.172007358E1,-1.633588896E-1,3.627318768E-1,-2.156166619E-1,4.524942941E-1
2.173006058E1,-1.930828450E-1,3.213546400E-1,-1.714678448E-1,4.122511510E-1
2.174004758E1,-1.869650677E-1,2.904335403E-1,-1.247252029E-1,3.672382798E-1
2.175003458E1,-1.571208607E-1,2.656031929E-1,-7.875790179E-2,3.184883484E-1
2.176002158E1,-1.395248895E-1,2.316783786E-1,-1.565299630E-2,2.709005024E-1
2.177000858E1,-8.743990241E-2,2.401673663E-1,1.445665598E-2,2.559982329E-1
2.177999558E1,-4.050432977E-2,2.549701774E-1,-5.864757299E-3,2.582339782E-1
2.178998258E1,-2.725369628E-2,2.682373635E-1,-6.167818487E-2,2.765831623E-1
2.179996958E1,3.992488897E-2,3.597572520E-1,-1.878692847E-1,4.078163132E-1
2.180995658E1,1.448149934E-1,5.040741357E-1,-2.401831537E-1,5.768449219E-1
2.181994358E1,1.889243965E-1,5.789288749E-1,-2.555572379E-1,6.604245389E-1
2.182993058E1,1.249948235E-1,5.225783806E-1,-1.823424965E-1,5.674157698E-1
2.183991758E1,3.043882311E-2,4.022086224E-1,-1.843860984E-2,4.037799899E-1
2.184990458E1,-2.437715169E-2,2.734963493E-1,1.986714309E-1,3.389171522E-1
2.185989158E1,-2.777048280E-2,1.268737623E-1,4.176560891E-1,4.373839961E-1
2.186987858E1,1.719378331E-2,-3.757157654E-2,5.694123852E-1,5.709095498E-1
2.187986558E1,9.094071264E-2,-1.549639325E-1,6.895241350E-1,7.125500448E-1
2.188985258E1,2.033386054E-1,-2.687011939E-1,7.029130894E-1,7.795086474E-1
2.189983958E1,2.641920770E-1,-2.837893492E-1,6.208649594E-1,7.319884876E-1
2.190982658E1,3.303033284E-1,-2.160015549E-1,4.168871802E-1,5.740660951E-1
2.191981358E1,3.700037666E-1,-1.031014685E-1,1.961805171E-1,4.312997744E-1
2.192980058E1,3.340237290E-1,1.279122278E-2,-5.882357419E-2,3.394048907E-1
2.193978758E1,2.886272075E-1,6.647801802E-2,-2.250412041E-1,3.719792136E-1
2.194977458E1,2.771878427E-1,9.596625745E-2,-3.024185783E-1,4.213070367E-1
2.195976158E1,3.249505314E-1,1.028523771E-1,-3.033348370E-1,4.562712819E-1
2.196974858E1,3.785776485E-1,9.174310595E-2,-2.824158382E-1,4.811408724E-1
2.197973558E1,3.906366172E-1,3.845757589E-2,-2.167030746E-1,4.483705770E-1
2.198972258E1,3.875154100E-1,-1.634223685E-2,-2.032421994E-1,4.378842922E-1
2.199970958E1,3.825117648E-1,-2.489101231E-2,-1.836300534E-1,4.250350683E-1
2.200969658E1,3.616507266E-1,-3.440940231E-2,-1.346584529E-1,3.874379356E-1
2.201968358E1,3.455948572E-1,-4.998813897E-2,-8.336375356E-2,3.590043659E-1
2.202967058E1,3.235314853E-1,-6.431030899E-2,-2.845547497E-2,3.310863209E-1
2.203965758E1,3.197538916E-1,-9.992321447E-2,-2.037696183E-2,3.356224375E-1
2.204964458E1,3.665137828E-1,-1.359718837E-1,-1.071209908E-2,3.910696296E-1
2.205963158E1,3.902925085E-1,-1.440429416E-1,-6.764643788E-3,4.160797660E-1
2.206961858E1,3.752484997E-1,-1.904598936E-1,3.625273705E-4,4.208165147E-1
2.207960558E1,3.601352745E-1,-2.464646713E-1,2.276437998E-2,4.369902369E-1
2.208959258E1,3.624765728E-1,-2.942532340E-1,7.801998317E-2,4.733511902E-1
2.209957958E1,3.774346640E-1,-3.033215345E-1,1.499857593E-1,5.069088744E-1
2.210956658E1,4.522885261E-1,-2.738628235E-1,2.311427736E-1,5.770552303E-1
2.211955358E1,5.741666466E-1,-2.231749190E-1,3.614924133E-1,7.142486594E-1
2.212954058E1,6.465710735E-1,-2.050451884E-1,4.325395918E-1,8.044800687E-1
2.213952758E1,6.461706854E-1,-1.946894771E-1,4.231051093E-1,7.965290207E-1
2.214951458E1,6.419256800E-1,-1.338515371E-1,3.938924199E-1,7.649418612E-1
2.215950158E1,5.950300603E-1,-7.816017017E-2,3.460510862E-1,6.927634077E-1
2.216948858E1,5.054801718E-1,-4.677217036E-2,2.402907425E-1,5.616382118E-1
2.217947558E1,4.478677753E-1,-2.868483201E-2,1.490753478E-1,4.728972648E-1
2.218946258E1,4.371410216E-1,1.103033379E-2,8.690014958E-2,4.458313325E-1
2.219944958E1,3.702558547E-1,-1.270599961E-2,2.895131886E-2,3.716033089E-1
2.220943658E1,3.057851492E-1,-8.361050606E-2,3.057158232E-2,3.184806051E-1
2.221942358E1,3.011863689E-1,-7.247009844E-2,8.373212814E-2,3.208990702E-1
2.222941058E1,2.753161307E-1,-1.058734873E-1,1.180166924E-1,3.177044331E-1
2.223939758E1,2.266827368E-1,-1.347622409E-1,1.249585068E-1,2.918228113E-1
2.224938458E1,2.069634771E-1,-1.207020262E-1,1.419452530E-1,2.784803670E-1
2.225937158E1,2.265040313E-1,-1.109974024E-1,1.560920066E-1,2.966297592E-1
2.226935858E1,2.364784310E-1,-1.239606795E-1,1.523907191E-1,3.074267874E-1
2.227934546E1,2.687021441E-1,-1.186886837E-1,1.424130303E-1,3.264495628E-1
2.228933246E1,2.941696005E-1,-9.729035944E-2,8.441157460E-2,3.211331217E-1
2.229931946E1,2.888946080E-1,-9.855745107E-2,9.935588837E-3,3.054052744E-1
2.230930646E1,3.009949640E-1,-1.105689476E-1,-2.931326151E-2,3.219980246E-1
2.231929346E1,3.220252060E-1,-8.498489410E-2,-8.652475834E-2,3.441063779E-1
2.232928046E1,3.192254495E-1,-5.116956890E-2,-1.270857239E-1,3.473816253E-1
2.233926746E1,3.075789288E-1,-3.944970220E-3,-1.713199103E-1,3.520949757E-1
2.234925446E1,2.844658355E-1,6.803045377E-2,-2.090204179E-1,3.594975512E-1
2.235924146E1,2.440017510E-1,1.070465849E-1,-2.244389409E-1,3.483800569E-1
2.236922846E1,2.097522335E-1,1.142323744E-1,-1.979235721E-1,3.101915138E-1
2.237921546E1,1.992209779E-1,1.331104025E-1,-2.051460528E-1,3.154239691E-1
2.238920246E1,2.511077626E-1,1.514069250E-1,-2.070446438E-1,3.589521554E-1
2.239918946E1,2.966644247E-1,1.902527560E-1,-2.358322406E-1,4.240551117E-1
2.240917646E1,2.652203830E-1,1.907800287E-1,-2.384096932E-1,4.044478369E-1
2.241916346E1,2.727080898E-1,1.891914864E-1,-2.086058503E-1,3.920197974E-1
2.242915046E1,3.138660378E-1,2.533119071E-1,-1.699768049E-1,4.376881608E-1
2.243913746E1,3.063622877E-1,2.664719430E-1,-1.024034572E-1,4.187500636E-1
2.244912446E1,2.920346724E-1,2.474809174E-1,-4.045162261E-2,3.849251722E-1
2.245911146E1,2.563490605E-1,2.518791930E-1,4.302322805E-2,3.619516084E-1
2.246909846E1,2.193473317E-1,2.681176418E-1,8.882271409E-2,3.576168289E-1
2.247908546E1,2.126554309E-1,2.795656130E-1,1.252128607E-1,3.729041763E-1
2.248907246E1,2.123531116E-1,2.805549619E-1,1.043318689E-1,3.670014571E-1
2.249905946E1,2.119597219E-1,2.740012564E-1,6.255643666E-2,3.520183517E-1
2.250904646E1,1.996707384E-1,3.082758804E-1,-1.779775500E-2,3.677216097E-1
2.251903346E1,1.776743354E-1,3.420444278E-1,-8.678203583E-2,3.950869294E-1
2.252902046E1,1.526461145E-1,3.749532884E-1,-1.715549684E-1,4.396838773E-1
2.253900746E1,1.191508695E-1,4.253719287E-1,-2.289494830E-1,4.975500710E-1
2.254899446E1,6.976236250E-2,4.290787710E-1,-2.696367484E-1,5.115460439E-1
2.255898146E1,4.785322918E-2,4.556666453E-1,-2.514443064E-1,5.226339660E-1
2.256896846E1,3.614836425E-2,4.747326614E-1,-2.202704608E-1,5.245921082E-1
2.257895546E1,4.271946520E-2,4.569205807E-1,-2.011828101E-1,5.010747378E-1
2.258894246E1,2.682024630E-2,4.693997084E-1,-1.608896470E-1,4.969314745E-1
2.259892946E1,-3.644971512E-3,4.801841667E-1,-1.523492038E-1,5.037860654E-1
2.260891646E1,-8.603006562E-2,4.658063020E-1,-1.443747711E-1,4.951976956E-1
2.261890346E1,-1.571637829E-1,4.721970163E-1,-1.011626780E-1,5.078428540E-1
2.262889046E1,-1.876191336E-1,4.868716273E-1,-4.082642913E-2,5.233657593E-1
2.263887746E1,-1.974561420E-1,4.982583489E-1,1.063064736E-1,5.463985510E-1
2.264886446E1,-2.307995786E-1,4.634048505E-1,2.925899935E-1,5.946607480E-1
2.265885146E1,-2.130513422E-1,4.251066113E-1,4.804814976E-1,6.759948039E-1
2.266883846E1,-2.478350942E-1,4.007756160E-1,6.143494070E-1,7.742535258E-1
2.267882546E1,-3.090768027E-1,3.343031529E-1,7.260879439E-1,8.570243697E-1
2.268881246E1,-3.642414817E-1,3.186304222E-1,8.024028790E-1,9.370419325E-1
2.269879946E1,-3.744596373E-1,3.061549491E-1,8.417441154E-1,9.708161662E-1
2.270878646E1,-2.813579490E-1,3.043275480E-1,9.068563700E-1,9.970787470E-1
2.271877346E1,-1.860403305E-1,2.837970968E-1,9.439160228E-1,1.003059946E0
2.272876046E1,-1.322197437E-1,2.313477185E-1,8.780570787E-1,9.175990742E-1
2.273874746E1,-3.019386132E-2,2.522949301E-1,7.512356490E-1,7.930443880E-1
2.274873446E1,1.113851002E-1,3.847361188E-1,5.385186213E-1,6.711414360E-1
2.275872146E1,1.414866851E-1,5.171568422E-1,3.324925625E-1,6.308890438E-1
2.276870846E1,1.618890093E-1,5.089929597E-1,7.417193055E-2,5.392433214E-1
2.277869546E1,1.364220919E-1,3.601425835E-1,-1.054913718E-1,3.993020125E-1
2.278868246E1,-9.357427116E-3,9.272470728E-2,-1.136026293E-1,1.469387293E-1
2.279866946E1,-6.840703273E-3,-4.250165641E-2,4.726362884E-2,6.392993532E-2
2.280865646E1,-7.190668266E-2,-1.843270415E-1,2.856774151E-1,3.475034025E-1
2.281864346E1,-1.370496717E-1,-3.767318653E-1,5.109864217E-1,6.494741211E-1
2.282863046E1,-5.347965305E-2,-4.648716246E-1,7.134918720E-1,8.532504626E-1
2.283861746E1,8.487953458E-2,-5.000356100E-1,9.078579980E-1,1.039926099E0
2.284860446E1,1.309058560E-1,-5.567557946E-1,9.938588458E-1,1.146677271E0
2.285859146E1,1.222080131E-1,-5.993613853E-1,1.036784425E0,1.203781879E0
2.286857846E1,1.682328545E-1,-5.456098321E-1,1.007735458E0,1.158241398E0
2.287856546E1,2.752913714E-1,-4.844972192E-1,8.642979956E-1,1.028364682E0
2.288855246E1,4.041391172E-1,-4.473650609E-1,6.590443540E-1,8.931984014E-1
2.289853946E1,4.905112267E-1,-4.404438579E-1,4.380400676E-1,7.914993090E-1
2.290852646E1,5.289864538E-1,-4.304091588E-1,2.251891387E-1,7.181844195E-1
2.291851346E1,4.707932826E-1,-4.218253000E-1,6.505436718E-2,6.354643730E-1
2.292850046E1,3.521016388E-1,-4.564473948E-1,-7.233473539E-2,5.809923426E-1
2.293848746E1,2.401269839E-1,-4.364553259E-1,-1.855730832E-1,5.315934435E-1
2.294847446E1,1.525730517E-1,-4.135560215E-1,-2.383874738E-1,5.011344197E-1
2.295846146E1,1.658506989E-2,-4.521952996E-1,-3.047247201E-1,5.455390074E-1
2.296844846E1,-1.109715650E-1,-4.648287937E-1,-3.842556238E-1,6.132151989E-1
2.297843546E1,-1.806998309E-1,-4.938353688E-1,-4.475903249E-1,6.905526043E-1
2.298842246E1,-1.933923819E-1,-5.758109933E-1,-5.114039129E-1,7.940358150E-1
2.299840946E1,-1.158373712E-1,-6.902746251E-1,-5.622127086E-1,8.977641585E-1
2.300839646E1,1.831271654E-2,-7.960107028E-1,-5.525267959E-1,9.691513064E-1
2.301838346E1,1.511045326E-1,-9.089145899E-1,-4.936172676E-1,1.045282889E0
2.302837046E1,2.251121747E-1,-9.774841569E-1,-4.096266925E-1,1.083487331E0
2.303835746E1,2.276846024E-1,-1.019904683E0,-3.572818333E-1,1.104398546E0
2.304834446E1,2.574425264E-1,-1.067890882E0,-3.718659586E-1,1.159720605E0
2.305833146E1,3.401737574E-1,-1.050433873E0,-3.923715591E-1,1.171787074E0
2.306831846E1,3.856231779E-1,-1.007379070E0,-4.001395851E-1,1.150490988E0
2.307830546E1,3.963637091E-1,-9.148405968E-1,-3.634301805E-1,1.061187544E0
2.308829246E1,2.865078659E-1,-7.908343090E-1,-2.388686997E-1,8.743934568E-1
2.309827946E1,1.140028895E-1,-6.659835371E-1,-1.756947970E-1,6.981399518E-1
2.310826646E1,-4.036093595E-2,-5.501047330E-1,-1.266103452E-1,5.659279123E-1
2.311825346E1,-1.420010757E-1,-4.824192649E-1,-1.076834929E-1,5.142843448E-1
2.312824046E1,-1.389731590E-1,-4.148080565E-1,-9.959445477E-2,4.486628111E-1
2.313822746E1,-4.460778695E-2,-3.525505587E-1,-1.165122038E-1,3.739743905E-1
2.314821446E1,3.808231712E-2,-2.875403380E-1,-1.539484173E-1,3.283745180E-1
2.315820146E1,7.761391232E-2,-2.540093337E-1,-1.986322546E-1,3.316616251E-1
2.316818846E1,7.974073651E-2,-2.092677552E-1,-2.259919614E-1,3.181571074E-1
2.317817546E1,6.761597754E-2,-1.335609305E-1,-2.411865360E-1,2.838686099E-1
2.318816246E1,4.588390065E-2,-6.967279047E-2,-2.340348065E-1,2.484590926E-1
2.319814946E1,-3.701365623E-2,-5.142246097E-2,-1.919787079E-1,2.021635589E-1
2.320813646E1,-1.076217774E-1,-1.484812707E-2,-1.780348527E-1,2.085649123E-1
2.321812346E1,-1.725024731E-1,7.357989997E-3,-1.516241491E-1,2.297849556E-1
2.322811046E1,-2.351461429E-1,3.449272513E-3,-1.173512793E-1,2.628249013E-1
2.323809746E1,-2.315749377E-1,1.164429143E-2,-7.842285633E-2,2.447706798E-1
2.324808446E1,-2.001891671E-1,1.767057806E-2,-2.962374866E-2,2.031391603E-1
2.325807146E1,-1.552258512E-1,-8.566901833E-3,1.073431849E-2,1.558322248E-1
2.326805846E1,-1.034358745E-1,1.077729553E-2,5.232380927E-2,1.164169714E-1
2.327804633E1,-6.957448872E-2,2.862285152E-2,6.833874822E-2,1.016369107E-1
2.328803333E1,-6.405313657E-2,4.876431674E-2,6.798148334E-2,1.053671911E-1
2.329802033E1,-9.979611062E-2,1.018830550E-1,3.277598262E-2,1.463341574E-1
2.330800733E1,-1.433297823E-1,1.459526423E-1,-2.192881286E-2,2.057339863E-1
2.331799433E1,-1.942053642E-1,2.134319960E-1,-2.278426051E-2,2.894616778E-1
2.332798133E1,-1.826402294E-1,2.721507588E-1,-5.336578310E-2,3.320713714E-1
2.333796833E1,-2.034567374E-1,3.482022768E-1,-7.447247744E-2,4.101044007E-1
2.334795533E1,-1.909570897E-1,4.040621898E-1,-1.086231405E-1,4.599237436E-1
2.335794233E1,-1.547365123E-1,4.144567850E-1,-1.752545017E-1,4.758486685E-1
2.336792933E1,-1.153893831E-1,4.460469523E-1,-2.084906602E-1,5.057083634E-1
2.337791633E1,-1.476538166E-1,4.948454753E-1,-2.475775427E-1,5.726851959E-1
2.338790333E1,-1.993390733E-1,5.408290024E-1,-2.871421427E-1,6.439586059E-1
2.339789033E1,-1.946669105E-1,5.942645136E-1,-3.383204824E-1,7.109896391E-1
2.340787733E1,-1.678631278E-1,6.629894704E-1,-4.058172315E-1,7.952488245E-1
2.341786433E1,-1.584202947E-1,6.887672129E-1,-4.576937288E-1,8.420099838E-1
2.342785133E1,-1.303198737E-1,7.044086610E-1,-4.234927797E-1,8.321784458E-1
2.343783833E1,-8.172658799E-2,7.281220441E-1,-3.236843169E-1,8.010071680E-1
2.344782533E1,1.207177771E-2,7.106124106E-1,-1.860852993E-1,7.346723518E-1
2.345781233E1,1.236275709E-1,6.845035695E-1,3.432315588E-3,6.955865824E-1
2.346779933E1,2.203954634E-1,6.839637253E-1,1.379627144E-1,7.317200614E-1
2.347778633E1,2.726261009E-1,6.621458633E-1,2.047934657E-1,7.447835248E-1
2.348777333E1,3.152067313E-1,6.638745195E-1,1.869389927E-1,7.583078848E-1
2.349776033E1,3.130131118E-1,7.273040186E-1,1.153474385E-1,8.001583438E-1
2.350774733E1,2.834665463E-1,7.584174185E-1,-1.256566644E-2,8.097580871E-1
2.351773433E1,2.969792790E-1,7.980607367E-1,-1.517253059E-1,8.649382637E-1
2.352772133E1,3.356862386E-1,8.392513011E-1,-2.784677982E-1,9.458183292E-1
2.353770833E1,3.836556995E-1,8.920400371E-1,-3.723121011E-1,1.039972800E0
2.354769533E1,4.327898161E-1,9.392771342E-1,-3.926639199E-1,1.106224893E0
2.355768233E1,4.578287264E-1,9.441267418E-1,-3.061438394E-1,1.093026302E0
2.356766933E1,4.638885614E-1,9.745626687E-1,-2.289541608E-1,1.103351712E0
2.357765633E1,4.700994373E-1,9.602643992E-1,-1.262834859E-1,1.076591248E0
2.358764333E1,4.759371147E-1,9.361200032E-1,-1.554540753E-2,1.050275420E0
2.359763033E1,4.258150014E-1,8.520884977E-1,7.835152030E-2,9.557783132E-1
2.360761733E1,4.041878318E-1,7.901130550E-1,1.924447310E-1,9.081197154E-1
2.361760433E1,4.253186094E-1,7.494197962E-1,3.049755657E-1,9.140766084E-1
2.362759133E1,3.680161518E-1,6.750359771E-1,3.658719778E-1,8.514527365E-1
2.363757833E1,3.141059564E-1,6.154631554E-1,3.755280697E-1,7.864342176E-1
2.364756533E1,3.167361436E-1,5.862359941E-1,3.229019594E-1,7.404458798E-1
2.365755233E1,2.853521638E-1,5.420885658E-1,2.744671333E-1,6.712809231E-1
2.366753933E1,2.992853112E-1,4.673792761E-1,2.672048914E-1,6.159655341E-1
2.367752633E1,3.135223677E-1,4.118956315E-1,3.014526182E-1,5.990225099E-1
2.368751333E1,2.864840385E-1,3.275487417E-1,4.086256492E-1,5.969390285E-1
2.369750033E1,2.685575169E-1,2.338332237E-1,5.908570486E-1,6.898646014E-1
2.370748733E1,2.701200025E-1,1.691780021E-1,7.567168289E-1,8.211007072E-1
2.371747433E1,2.770233167E-1,1.544400220E-1,9.159587306E-1,9.693162717E-1
2.372746133E1,2.727710570E-1,1.848251512E-1,9.871550131E-1,1.040691792E0
2.373744833E1,2.206144598E-1,1.828754702E-1,9.985892433E-1,1.038891070E0
2.374743533E1,1.969926405E-1,1.590202922E-1,9.235238582E-1,9.575958805E-1
2.375742233E1,2.471265031E-1,1.721347198E-1,8.175939453E-1,8.712988750E-1
2.376740933E1,3.543916642E-1,2.137739119E-1,7.085030276E-1,8.205298758E-1
2.377739633E1,4.094326381E-1,2.270900685E-1,5.931263530E-1,7.556479703E-1
2.378738333E1,4.637426003E-1,2.273691268E-1,4.464290679E-1,6.826806221E-1
2.379737033E1,5.222995049E-1,2.540613739E-1,3.034050035E-1,6.552850912E-1
2.380735733E1,5.301626943E-1,2.499646685E-1,2.352217913E-1,6.315727266E-1
2.381734433E1,4.649157710E-1,1.547879313E-1,2.578300506E-1,5.536987564E-1
2.382733133E1,4.147238201E-1,7.552044466E-2,3.262682015E-1,5.330573363E-1
2.383731833E1,3.333838609E-1,-3.006667525E-2,4.445866102E-1,5.565124057E-1
2.384730533E1,2.123504803E-1,-2.368604735E-1,5.765033036E-1,6.584464059E-1
2.385729233E1,1.000866076E-1,-4.453590274E-1,7.388880837E-1,8.685145897E-1
2.386727933E1,7.341842545E-2,-5.668701620E-1,8.979142231E-1,1.064416271E0
2.387726633E1,1.056875824E-1,-6.720930004E-1,9.982366562E-1,1.208037784E0
2.388725333E1,1.549862250E-1,-6.957635526E-1,1.029728590E0,1.252377188E0
2.389724033E1,2.117729216E-1,-6.906200494E-1,9.149863386E-1,1.165763193E0
2.390722733E1,3.017498395E-1,-6.595879988E-1,7.157845652E-1,1.019047024E0
2.391721433E1,3.540534028E-1,-6.088667652E-1,3.503745174E-1,7.866605699E-1
2.392720133E1,3.470284483E-1,-5.748763159E-1,-1.097142309E-1,6.804033619E-1
2.393718833E1,3.738736366E-1,-5.528884462E-1,-4.248885101E-1,7.911999596E-1
2.394717533E1,4.351086025E-1,-5.106423131E-1,-6.308426481E-1,9.208895236E-1
2.395716233E1,4.733400008E-1,-5.527731098E-1,-6.326874447E-1,9.643144041E-1
2.396714933E1,6.200024220E-1,-6.157508384E-1,-5.078359419E-1,1.010667820E0
2.397713633E1,8.486974780E-1,-6.526780517E-1,-2.646888345E-1,1.102876343E0
2.398712333E1,9.347363327E-1,-6.704528564E-1,6.672316253E-2,1.152254757E0
2.399711033E1,9.071208103E-1,-7.002599153E-1,-2.684164345E-2,1.146277709E0
2.400709733E1,8.699886520E-1,-7.666626504E-1,-1.097668558E-1,1.164774930E0
2.401708433E1,8.569875142E-1,-7.335410973E-1,-2.521266764E-1,1.155888404E0
2.402707133E1,8.051522398E-1,-6.604282437E-1,-4.093355012E-1,1.118924102E0
2.403705833E1,7.656877003E-1,-6.322624983E-1,-5.507106507E-1,1.135480401E0
2.404704533E1,7.672149930E-1,-5.771811421E-1,-6.474984419E-1,1.158020358E0
2.405703233E1,7.436822889E-1,-5.378165169E-1,-6.794640005E-1,1.141919997E0
2.406701933E1,7.686838867E-1,-5.492244346E-1,-6.108457553E-1,1.125013304E0
2.407700633E1,8.453783061E-1,-5.465636592E-1,-4.662294942E-1,1.109399051E0
2.408699333E1,9.600617201E-1,-5.381835759E-1,-3.300554430E-1,1.149041628E0
2.409698033E1,1.124752642E0,-5.183572756E-1,-2.088017321E-1,1.255930306E0
2.410696733E1,1.237264985E0,-4.364133722E-1,-1.008779186E-1,1.315848634E0
2.411695433E1,1.206953896E0,-3.638364159E-1,-2.676738381E-2,1.260885061E0
2.412694133E1,1.118844542E0,-3.338660735E-1,-1.377253175E-2,1.167676902E0
2.413692833E1,1.010079899E0,-3.111123647E-1,-4.635614097E-2,1.057923059E0
2.414691533E1,6.839564893E-1,-4.350021467E-1,1.234241974E-1,8.199127267E-1
2.415690233E1,7.883760665E-1,-3.540171866E-1,3.832434708E-1,9.453785213E-1
2.416688933E1,1.196577135E0,-2.973279923E-1,2.180198675E-1,1.252091625E0
2.417687633E1,8.290530261E-1,-5.500689188E-1,-6.651441693E-2,9.971604200E-1
2.418686333E1,8.976066595E-1,-4.669647816E-1,-9.247254610E-2,1.016024111E0
2.419685033E1,9.464524718E-1,-3.743625735E-1,-1.311694193E-1,1.026218804E0
2.420683733E1,9.107069807E-1,-3.680928965E-1,-1.430480379E-1,9.926441086E-1
2.421682433E1,8.772815187E-1,-3.388144259E-1,-9.125457108E-2,9.448520916E-1
2.422681133E1,8.115401767E-1,-3.730563055E-1,-6.735583127E-2,8.957149510E-1
2.423679833E1,7.348960434E-1,-3.641135739E-1,9.036813319E-2,8.251165304E-1
2.424678533E1,6.979611555E-1,-3.241382070E-1,2.225882971E-1,8.010998077E-1
2.425677233E1,6.686318873E-1,-2.573508713E-1,2.623581344E-1,7.629743523E-1
2.426675933E1,6.687136021E-1,-1.925806788E-1,2.218644118E-1,7.304033247E-1
2.427674546E1,5.980961940E-1,-1.033811116E-1,9.626154184E-2,6.145510523E-1
2.428673246E1,5.315743584E-1,-5.587014556E-4,-3.136504948E-2,5.324991802E-1
2.429671946E1,4.592720385E-1,4.885860309E-2,-1.205590618E-1,4.773389318E-1
2.430670646E1,4.065876753E-1,1.033273172E-1,-1.997484881E-1,4.646391403E-1
2.431669346E1,3.762502374E-1,1.595722693E-1,-2.243196577E-1,4.662047395E-1
2.432668046E1,3.537059686E-1,2.070287101E-1,-2.136870807E-1,4.622023015E-1
2.433666746E1,3.152088143E-1,2.374317464E-1,-2.405234617E-1,4.621492902E-1
2.434665446E1,2.720386384E-1,2.576667671E-1,-2.131444591E-1,4.310774224E-1
2.435664146E1,2.138419954E-1,2.737078723E-1,-2.013488710E-1,4.014794717E-1
2.436662846E1,1.940504130E-1,2.951558979E-1,-2.320812517E-1,4.226514808E-1
2.437661546E1,2.031136338E-1,3.202050774E-1,-2.639614409E-1,4.620195690E-1
2.438660246E1,1.973867611E-1,3.061274672E-1,-2.770352304E-1,4.576287562E-1
2.439658946E1,1.662889659E-1,3.080355598E-1,-3.257349354E-1,4.781643801E-1
2.440657646E1,1.758265421E-1,3.180066705E-1,-3.223400420E-1,4.857430576E-1
2.441656346E1,1.982971726E-1,3.603513291E-1,-3.323457974E-1,5.287991851E-1
2.442655046E1,2.144653817E-1,3.624187584E-1,-3.350980818E-1,5.381760686E-1
2.443653746E1,2.275549221E-1,4.143983129E-1,-3.281755632E-1,5.755053471E-1
2.444652446E1,2.669022980E-1,4.213790113E-1,-3.360008919E-1,6.014097665E-1
2.445651146E1,2.895951227E-1,4.329854420E-1,-2.932589149E-1,5.977813306E-1
2.446649846E1,3.524912826E-1,4.692535280E-1,-2.273192793E-1,6.293830571E-1
2.447648546E1,3.717028213E-1,4.919180667E-1,-1.552915227E-1,6.358158765E-1
2.448647246E1,3.240013091E-1,4.765499760E-1,-7.351821184E-2,5.809317132E-1
2.449645946E1,2.740517982E-1,5.040054309E-1,4.366057456E-2,5.753538983E-1
2.450644646E1,2.511263275E-1,5.623454404E-1,1.130863202E-1,6.261671841E-1
2.451643346E1,2.470547102E-1,6.103835329E-1,1.473492497E-1,6.747709897E-1
2.452642046E1,2.764658578E-1,6.698201877E-1,1.483497083E-1,7.396621461E-1
2.453640746E1,3.833616576E-1,7.206066178E-1,9.973946571E-2,8.223065238E-1
2.454639446E1,4.750671221E-1,7.512236622E-1,3.833142221E-2,8.896600807E-1
2.455638146E1,5.358840852E-1,7.356895106E-1,-1.983667910E-2,9.103868972E-1
2.456636846E1,5.498650337E-1,7.211543557E-1,-6.399426699E-2,9.091261883E-1
2.457635546E1,5.531356372E-1,7.178981875E-1,-8.055007339E-2,9.098489738E-1
2.458634246E1,5.564019284E-1,6.611139759E-1,-3.975171089E-2,8.650057766E-1
2.459632946E1,5.273690774E-1,6.364197224E-1,4.775011718E-2,8.279059612E-1
2.460631646E1,5.089062747E-1,6.044629347E-1,1.355255949E-1,8.017033259E-1
2.461630346E1,5.101297315E-1,5.869442381E-1,2.024352837E-1,8.035645125E-1
2.462629046E1,4.982754520E-1,5.802338272E-1,1.995040745E-1,7.904122950E-1
2.463627746E1,4.619936981E-1,6.110242416E-1,1.486695510E-1,7.803149597E-1
2.464626446E1,4.566285854E-1,6.656539004E-1,4.939026117E-2,8.087299784E-1
2.465625146E1,4.855799042E-1,7.157626382E-1,-5.110349536E-2,8.664384368E-1
2.466623846E1,4.856598284E-1,7.729353972E-1,-1.447934318E-1,9.242617243E-1
2.467622546E1,4.699275292E-1,7.908039035E-1,-1.373785776E-1,9.300943877E-1
2.468621246E1,5.166460879E-1,8.479614598E-1,-1.195913476E-1,1.000131945E0
2.469619946E1,5.396097849E-1,8.911494331E-1,-1.272593862E-1,1.049533698E0
2.470618646E1,4.753232302E-1,8.748399407E-1,-1.130746257E-1,1.002029424E0
2.471617346E1,3.681357273E-1,7.696339130E-1,-8.075004816E-2,8.569602349E-1
2.472616046E1,3.058800203E-1,7.153942636E-1,2.156687021E-2,7.783422570E-1
2.473614746E1,2.813958646E-1,6.657068177E-1,1.388702023E-1,7.359579694E-1
2.474613446E1,3.122567744E-1,6.583923894E-1,2.155523425E-1,7.598997592E-1
2.475612146E1,3.665176566E-1,6.491840480E-1,2.208972824E-1,7.775414652E-1
2.476610846E1,4.235693417E-1,5.902550778E-1,2.549947357E-1,7.699573750E-1
2.477609546E1,4.875832334E-1,4.858591819E-1,2.651905257E-1,7.376466424E-1
2.478608246E1,5.489697153E-1,3.966729172E-1,2.742297363E-1,7.306976802E-1
2.479606946E1,5.884658663E-1,3.190658936E-1,2.110768837E-1,7.018892869E-1
2.480605646E1,5.872526422E-1,2.809255292E-1,8.900280833E-2,6.570436200E-1
2.481604346E1,5.489976358E-1,2.025683078E-1,4.884003818E-2,5.872117784E-1
2.482603046E1,4.607988927E-1,1.187291756E-2,1.658200192E-1,4.898702527E-1
2.483601746E1,4.543925370E-1,-1.790896904E-1,3.306389952E-1,5.898032215E-1
2.484600446E1,5.023814399E-1,-3.083308442E-1,5.204033625E-1,7.863044451E-1
2.485599146E1,5.665772896E-1,-4.046432568E-1,6.374166727E-1,9.439523320E-1
2.486597846E1,6.192938125E-1,-4.259850092E-1,6.726110637E-1,1.008659356E0
2.487596546E1,6.272644445E-1,-4.369273424E-1,6.780992603E-1,1.021853606E0
2.488595246E1,6.818975385E-1,-4.685869454E-1,6.693921715E-1,1.064257421E0
2.489593946E1,6.785788782E-1,-4.410711180E-1,7.166745114E-1,1.081034403E0
2.490592646E1,6.477219518E-1,-4.026155886E-1,7.474250185E-1,1.067842309E0
2.491591346E1,5.939342190E-1,-3.687890075E-1,6.366126806E-1,9.455362994E-1
2.492590046E1,5.796914980E-1,-3.437409975E-1,3.973282439E-1,7.823489244E-1
2.493588746E1,5.819159981E-1,-3.133955562E-1,7.694000244E-2,6.654042136E-1
2.494587446E1,6.162628352E-1,-3.278775014E-1,-2.513320398E-1,7.419240744E-1
2.495586146E1,6.624381510E-1,-3.398544994E-1,-4.662610692E-1,8.784786675E-1
2.496584846E1,6.593071132E-1,-3.166733591E-1,-5.996699721E-1,9.458181439E-1
2.497583546E1,6.425487008E-1,-3.239198135E-1,-6.124537396E-1,9.449298713E-1
2.498582246E1,6.528591692E-1,-3.683791177E-1,-5.053502905E-1,9.040504330E-1
2.499580946E1,7.415826268E-1,-3.872866742E-1,-3.602422786E-1,9.108843284E-1
2.500579646E1,8.204549879E-1,-3.778431286E-1,-1.653773850E-1,9.182927074E-1
2.501578346E1,8.237665585E-1,-3.556374501E-1,-3.403664231E-3,8.972630181E-1
2.502577046E1,7.879178640E-1,-3.602703452E-1,6.124666035E-2,8.685392539E-1
2.503575746E1,7.701360427E-1,-3.962596652E-1,1.185639918E-2,8.661823253E-1
2.504574446E1,8.282925957E-1,-3.903245951E-1,-4.662160456E-2,9.168399466E-1
2.505573146E1,8.690965862E-1,-4.071274464E-1,-1.508464694E-1,9.715123731E-1
2.506571846E1,8.891466887E-1,-4.288032210E-1,-1.769215429E-1,1.002873506E0
2.507570546E1,9.256557530E-1,-3.628669475E-1,-1.120291436E-1,1.000530621E0
2.508569246E1,8.690402336E-1,-3.317661922E-1,-7.238268256E-2,9.330267878E-1
2.509567946E1,7.974876364E-1,-3.491587351E-1,-9.824842572E-2,8.760999405E-1
2.510566646E1,8.542751370E-1,-2.844711345E-1,-1.204304230E-1,9.084125291E-1
2.511565346E1,9.269037681E-1,-2.592430303E-1,-1.569065237E-1,9.751805993E-1
2.512564046E1,9.479874390E-1,-2.572380200E-1,-1.333568627E-1,9.912797972E-1
2.513562746E1,9.012171690E-1,-2.662208050E-1,-6.369547427E-2,9.418720806E-1
2.514561446E1,8.430569614E-1,-3.122397079E-1,5.586488307E-2,9.007549947E-1
2.515560146E1,7.804160325E-1,-3.763367397E-1,2.463870496E-1,9.007691733E-1
2.516558846E1,7.528616135E-1,-3.751936090E-1,3.796006554E-1,9.228583374E-1
2.517557546E1,7.400106029E-1,-3.562107696E-1,3.880387723E-1,9.083368833E-1
2.518556246E1,6.964534510E-1,-3.154875438E-1,3.020367551E-1,8.220742066E-1
2.519554946E1,6.754121724E-1,-3.105098091E-1,1.447899234E-1,7.573388053E-1
2.520553646E1,7.204757863E-1,-1.992353949E-1,-1.393157601E-2,7.476457651E-1
2.521552346E1,7.027528757E-1,-7.360358119E-2,-1.423820400E-1,7.207993735E-1
2.522551046E1,7.028771290E-1,-6.296720356E-2,-2.180081731E-1,7.385991408E-1
2.523549746E1,6.719769332E-1,-2.869374901E-3,-2.954826111E-1,7.340784737E-1
2.524548446E1,7.128092095E-1,5.770383239E-2,-3.300759083E-1,7.876400236E-1
2.525547146E1,7.732992402E-1,7.611013636E-2,-3.690125173E-1,8.602061995E-1
2.526545846E1,7.681012847E-1,7.300921172E-2,-3.838112354E-1,8.617546014E-1
2.527544546E1,6.944146000E-1,8.531555414E-2,-3.945332748E-1,8.032103618E-1
2.528543308E1,5.851330630E-1,1.086153929E-1,-4.170280981E-1,7.266983141E-1
2.529542008E1,4.725883047E-1,1.557749413E-1,-4.233366591E-1,6.533142161E-1
2.530540708E1,4.856512768E-1,2.077851936E-1,-4.236775517E-1,6.771517682E-1
2.531539408E1,5.142825703E-1,2.375978073E-1,-4.511811000E-1,7.242262527E-1
2.532538108E1,5.455794631E-1,2.704575513E-1,-4.443264091E-1,7.538104506E-1
2.533536808E1,6.357649805E-1,2.991784899E-1,-3.730412489E-1,7.955279081E-1
2.534535508E1,7.102276638E-1,3.937113024E-1,-3.007749259E-1,8.659662119E-1
2.535534208E1,7.758576894E-1,4.978421733E-1,-2.952241641E-1,9.679665752E-1
2.536532908E1,7.855025254E-1,5.353801283E-1,-3.454114008E-1,1.011412446E0
2.537531608E1,7.817969987E-1,5.181975004E-1,-3.659643638E-1,1.006809372E0
2.538530308E1,6.910682385E-1,4.691607034E-1,-3.427257746E-1,9.028554881E-1
2.539529008E1,5.111346852E-1,4.417148233E-1,-3.152976555E-1,7.455087277E-1
2.540527708E1,3.716011162E-1,4.177837776E-1,-3.164244139E-1,6.424601810E-1
2.541526408E1,2.916942000E-1,4.295807545E-1,-2.951095587E-1,5.972560444E-1
2.542525108E1,2.894681650E-1,4.760173678E-1,-3.577127731E-1,6.620746038E-1
2.543523808E1,2.511299454E-1,5.046000197E-1,-4.786717844E-1,7.394688002E-1
2.544522508E1,2.431444396E-1,5.506168760E-1,-5.317814595E-1,8.031747526E-1
2.545521208E1,2.002243418E-1,6.189219296E-1,-6.116795683E-1,8.929199495E-1
2.546519908E1,1.618522814E-1,6.582780764E-1,-6.185061926E-1,9.176470438E-1
2.547518608E1,2.137533735E-1,6.886396705E-1,-5.001731658E-1,8.775467488E-1
2.548517308E1,2.766474504E-1,7.491421996E-1,-3.639681244E-1,8.776221525E-1
2.549516008E1,2.597456350E-1,8.187968637E-1,-2.556741822E-1,8.962507385E-1
2.550514708E1,1.979874163E-1,8.566316380E-1,-1.353232813E-1,8.895668445E-1
2.551513408E1,1.386117919E-1,9.110421724E-1,3.308939338E-3,9.215324291E-1
2.552512108E1,7.606266428E-2,9.421926291E-1,9.368642807E-2,9.498892704E-1
2.553510808E1,2.490978735E-2,9.718492683E-1,2.075130057E-1,9.940689842E-1
2.554509508E1,1.459436704E-2,1.055301534E0,3.415762120E-1,1.109300965E0
2.555508208E1,7.241813131E-3,1.096558903E0,4.234764075E-1,1.175511012E0
2.556506908E1,3.358862225E-2,1.075598681E0,4.601472205E-1,1.170374378E0
2.557505608E1,9.428839892E-2,1.043833755E0,5.246501952E-1,1.172065288E0
2.558504308E1,1.441272238E-1,9.850025068E-1,7.201781631E-1,1.228681888E0
2.559503008E1,2.256357746E-1,9.515535828E-1,9.980056912E-1,1.397276309E0
2.560501708E1,3.941286840E-1,9.293749476E-1,1.258866354E0,1.613635556E0
2.561500408E1,5.759087880E-1,7.740473914E-1,1.917214304E0,2.146283063E0
2.562499108E1,4.856541639E-1,7.327211715E-1,1.972472246E0,2.159487681E0
2.563497808E1,3.619721408E-1,4.912437366E-1,1.485560566E0,1.605999512E0
2.564496508E1,3.667798311E-1,3.640730819E-1,1.098088973E0,1.213621047E0
2.565495208E1,3.447998551E-1,3.474175805E-1,6.476148015E-1,8.117825118E-1
2.566493908E1,9.917173762E-2,1.856223460E-1,1.537063426E-1,2.606076143E-1
2.567492708E1,-8.798499081E-2,4.385587156E-2,-2.610811025E-1,2.789767699E-1
2.568491408E1,-1.125840443E-1,5.669460297E-3,-2.808774358E-1,3.026540001E-1
2.569490108E1,6.035598323E-2,2.857241929E-3,1.177102983E-2,6.155944839E-2
2.570488808E1,1.847679947E-1,-9.187583774E-2,4.207919508E-1,4.686643226E-1
2.571487508E1,1.677066782E-1,-1.822115189E-1,8.889036638E-1,9.227547296E-1
2.572486208E1,2.164176208E-1,-3.368540007E-1,1.320281999E0,1.379656392E0
2.573484908E1,3.158845697E-1,-5.117547458E-1,1.731323133E0,1.832799981E0
2.574483608E1,4.444722971E-1,-5.636242265E-1,2.012338563E0,2.136523902E0
2.575482308E1,3.738374570E-1,-6.779577577E-1,1.986047142E0,2.131610756E0
2.576481008E1,2.876800682E-1,-7.780005477E-1,1.634345307E0,1.832792748E0
2.577479708E1,5.379049560E-1,-8.213512199E-1,1.152678578E0,1.514142488E0
2.578478408E1,4.056114095E-1,-1.017938996E0,5.933391917E-1,1.246102648E0
2.579477108E1,1.789522261E-1,-9.669099060E-1,1.491174477E-1,9.945726111E-1
2.580475808E1,5.115749074E-2,-9.079205632E-1,-6.581976771E-2,9.117395899E-1
2.581474508E1,1.150368782E-1,-9.550796731E-1,-1.259566265E-1,9.701936596E-1
2.582473208E1,2.516184803E-1,-9.908770582E-1,-9.423548162E-2,1.026659403E0
2.583471908E1,3.957763928E-1,-9.158678064E-1,-2.360287070E-2,9.980029496E-1
2.584470608E1,4.919599840E-1,-8.230166531E-1,-2.448229194E-3,9.588467192E-1
2.585469308E1,4.976764047E-1,-7.735563715E-1,-1.047528684E-1,9.257669400E-1
2.586468008E1,5.035822387E-1,-6.824979745E-1,-3.096381354E-1,9.029254295E-1
2.587466708E1,4.583261417E-1,-5.798800707E-1,-5.096497482E-1,8.978121265E-1
2.588465408E1,4.128993426E-1,-5.308283633E-1,-6.269612664E-1,9.194264777E-1
2.589464108E1,3.926326373E-1,-5.278437982E-1,-6.821888030E-1,9.477135781E-1
2.590462808E1,4.114176947E-1,-5.471391714E-1,-6.850580317E-1,9.684680166E-1
2.591461508E1,4.121976767E-1,-5.638899824E-1,-6.151604158E-1,9.307530145E-1
2.592460208E1,3.090810785E-1,-5.715118280E-1,-5.382712841E-1,8.437374342E-1
2.593458908E1,1.726692649E-1,-5.213716614E-1,-4.213521141E-1,6.922287833E-1
2.594457608E1,-9.548530569E-3,-4.995133075E-1,-3.033769369E-1,5.845017405E-1
2.595456308E1,-1.250173353E-1,-4.765605010E-1,-2.235606891E-1,5.410347743E-1
2.596455008E1,-1.581600754E-1,-4.432120760E-1,-1.820179760E-1,5.045612920E-1
2.597453708E1,-1.360287296E-1,-3.881867069E-1,-1.662340021E-1,4.436513024E-1
2.598452408E1,-1.050705732E-1,-3.911668865E-1,-1.864618599E-1,4.458916726E-1
2.599451108E1,-4.840829439E-2,-3.624893636E-1,-2.248681265E-1,4.293105822E-1
2.600449808E1,-1.506546990E-2,-2.919994247E-1,-3.156186676E-1,4.302392076E-1
2.601448508E1,-4.132152384E-2,-2.088628355E-1,-4.073468632E-1,4.596331355E-1
2.602447208E1,-1.270951799E-1,-1.244616397E-1,-4.666937631E-1,4.994466469E-1
2.603445908E1,-2.162766481E-1,-5.095044449E-2,-5.259126091E-1,5.709252217E-1
2.604444608E1,-3.007226299E-1,3.798643649E-2,-6.348965228E-1,7.035415156E-1
2.605443308E1,-3.338941401E-1,1.184479246E-1,-7.096122444E-1,7.931360192E-1
2.606442008E1,-2.945890286E-1,1.924624188E-1,-7.590323263E-1,8.366328650E-1
2.607440708E1,-2.338123382E-1,2.438708465E-1,-8.251614118E-1,8.916459806E-1
2.608439408E1,-2.139087633E-1,2.740041800E-1,-8.735202241E-1,9.401451120E-1
2.609438108E1,-1.883235038E-1,3.151337872E-1,-9.003554356E-1,9.723245119E-1
2.610436808E1,-1.343535206E-1,3.748202643E-1,-8.459535259E-1,9.349751157E-1
2.611435508E1,-7.326676330E-2,4.152378269E-1,-7.610238880E-1,8.700274878E-1
2.612434208E1,-2.127638693E-2,4.222930773E-1,-6.433486730E-1,7.698581965E-1
2.613432908E1,-2.033520905E-2,4.519634575E-1,-4.859433818E-1,6.639468788E-1
2.614431608E1,-5.158346954E-2,4.733217283E-1,-3.419866866E-1,5.862160068E-1
2.615430308E1,-7.968972869E-2,4.873598698E-1,-1.525778300E-1,5.168656399E-1
2.616429008E1,-9.375974667E-2,5.062076385E-1,3.914126158E-3,5.148323842E-1
2.617427708E1,-6.212673940E-2,4.570204219E-1,1.526532590E-1,4.858296155E-1
2.618426408E1,-5.677732736E-2,4.423465419E-1,3.056959426E-1,5.406885771E-1
2.619425108E1,-1.047993995E-1,3.987352301E-1,4.427792358E-1,6.050009500E-1
2.620423808E1,-1.640831038E-1,3.333519571E-1,5.339466834E-1,6.504966202E-1
2.621422508E1,-1.983767678E-1,2.989567342E-1,6.541806400E-1,7.461104346E-1
2.622421208E1,-2.517174810E-1,2.781198889E-1,7.267399085E-1,8.178406063E-1
2.623420008E1,-2.850918896E-1,1.852278051E-1,7.309779704E-1,8.061733799E-1
2.624418708E1,-2.701086005E-1,1.179022332E-1,7.509532285E-1,8.067157765E-1
2.625417408E1,-2.178420391E-1,7.526126683E-2,7.736585516E-1,8.072589217E-1
2.626416108E1,-1.672785341E-1,4.818778127E-2,7.953751105E-1,8.142025157E-1
2.627414808E1,-1.017434344E-1,1.010233681E-1,7.949763304E-1,8.078024593E-1
2.628413513E1,1.203747100E-2,2.745627353E-1,6.931903392E-1,7.456825348E-1
2.629412213E1,9.890978236E-2,4.931762414E-1,5.601305151E-1,7.528294256E-1
2.630410913E1,1.287059691E-1,5.188906878E-1,3.660298526E-1,6.479125137E-1
2.631409613E1,1.360210551E-1,4.168690538E-1,1.835300660E-1,4.753575713E-1
2.632408313E1,1.614857706E-1,3.528052050E-1,9.880157232E-2,4.003884582E-1
2.633407013E1,1.309433513E-1,2.494207312E-1,1.170793837E-1,3.050646563E-1
2.634405713E1,6.517532232E-2,1.152500823E-1,1.483549708E-1,1.988456725E-1
2.635404413E1,5.440842387E-2,1.875128970E-2,6.717047453E-2,8.845202147E-2
2.636403113E1,9.058878335E-2,4.292426392E-2,-3.797064900E-2,1.071941710E-1
2.637401813E1,1.076384876E-1,1.012217349E-1,-1.001189500E-1,1.784816175E-1
2.638400513E1,6.040995120E-2,5.256968468E-2,-1.340906882E-1,1.561833750E-1
2.639399213E1,-4.569867639E-2,-1.054584812E-1,-4.592169285E-2,1.237685830E-1
2.640397913E1,-9.384196401E-2,-3.176508674E-1,2.173450989E-1,3.961657226E-1
2.641396613E1,-1.092762653E-1,-4.985258590E-1,5.719793129E-1,7.665700676E-1
2.642395313E1,-2.368071176E-1,-6.885239688E-1,9.148600388E-1,1.169235544E0
2.643394013E1,-4.073275308E-1,-8.848151444E-1,1.185331185E0,1.534217577E0
2.644392713E1,-4.687679167E-1,-9.653589320E-1,1.320569097E0,1.701635674E0
2.645391412E1,-4.724741013E-1,-9.516815637E-1,1.257527926E0,1.646300720E0
2.646390113E1,-5.220670415E-1,-8.489835531E-1,9.425208771E-1,1.371740746E0
2.647388813E1,-5.736566233E-1,-7.010587911E-1,5.113583046E-1,1.040217605E0
2.648387513E1,-5.295700059E-1,-5.001885147E-1,6.881997406E-2,7.316892307E-1
2.649386213E1,-4.718086881E-1,-3.042228828E-1,-3.434859127E-1,6.581318810E-1
2.650384913E1,-4.295559038E-1,-1.593608925E-1,-6.381668705E-1,7.856023951E-1
2.651383613E1,-3.970905180E-1,-1.121656761E-1,-8.359337372E-1,9.322270278E-1
2.652382313E1,-3.890084600E-1,-1.512443724E-1,-8.611557019E-1,9.569700021E-1
2.653381013E1,-4.107304276E-1,-2.055141351E-1,-7.860944098E-1,9.104284513E-1
2.654379713E1,-4.343715245E-1,-2.746731015E-1,-6.425926280E-1,8.228300064E-1
2.655378413E1,-4.430118819E-1,-3.739285639E-1,-5.047053427E-1,7.686413867E-1
2.656377113E1,-4.275476776E-1,-5.056971766E-1,-3.905712014E-1,7.688124052E-1
2.657375813E1,-3.365475700E-1,-5.531400226E-1,-2.855055070E-1,7.076309391E-1
2.658374513E1,-2.389355589E-1,-5.218441164E-1,-2.242980230E-1,6.162151299E-1
2.659373213E1,-1.676316694E-1,-5.273869845E-1,-1.402238327E-1,5.708766340E-1
2.660371913E1,-1.738688943E-1,-5.132937330E-1,-1.731711388E-2,5.422183427E-1
2.661370613E1,-1.868111214E-1,-4.580599107E-1,1.018929952E-1,5.050737167E-1
2.662369313E1,-2.094407596E-1,-4.447667044E-1,2.416151369E-1,5.477779911E-1
2.663368013E1,-2.044446245E-1,-4.483845229E-1,3.612053150E-1,6.109955519E-1
2.664366713E1,-2.031889532E-1,-3.801757291E-1,3.856729889E-1,5.784142029E-1
2.665365513E1,-1.879823553E-1,-3.068304487E-1,2.874882978E-1,4.605776932E-1
2.666364213E1,-2.073377354E-1,-2.225311406E-1,2.725913465E-2,3.053720771E-1
2.667362913E1,-2.353223999E-1,-7.906575769E-2,-2.876362324E-1,3.799508233E-1
2.668361613E1,-2.256748595E-1,9.628449216E-2,-5.428660262E-1,5.957376671E-1
2.669360313E1,-2.161003363E-1,2.350510526E-1,-7.091877365E-1,7.777503444E-1
2.670359013E1,-2.041337354E-1,3.603384653E-1,-8.284767830E-1,9.262225281E-1
2.671357713E1,-1.342607326E-1,5.181654869E-1,-8.974786055E-1,1.044982901E0
2.672356413E1,-8.719726123E-2,6.142957588E-1,-9.110488236E-1,1.102257956E0
2.673355113E1,-7.039567991E-2,6.232475536E-1,-9.133649057E-1,1.107983987E0
2.674353813E1,-7.490786660E-2,6.218127930E-1,-8.931136590E-1,1.090831951E0
2.675352513E1,-1.522341781E-1,6.185496081E-1,-8.710965532E-1,1.079160816E0
2.676351213E1,-2.318643018E-1,5.581904089E-1,-8.475661880E-1,1.041012022E0
2.677349913E1,-3.212469416E-1,5.045875213E-1,-7.857763213E-1,9.875487791E-1
2.678348613E1,-3.504611293E-1,4.616566792E-1,-6.937791538E-1,9.040350695E-1
2.679347313E1,-4.397491356E-1,4.467626515E-1,-5.143269360E-1,8.108688958E-1
2.680346013E1,-5.173445013E-1,4.204298620E-1,-3.525976288E-1,7.541430168E-1
2.681344713E1,-5.308977624E-1,4.218187219E-1,-1.901684099E-1,7.042353956E-1
2.682343413E1,-5.331472594E-1,4.191711026E-1,-6.653897524E-2,6.814527487E-1
2.683342113E1,-5.826401392E-1,4.324862359E-1,-5.302839875E-2,7.275478590E-1
2.684340812E1,-6.055714937E-1,4.517571969E-1,-1.403033549E-1,7.684311488E-1
2.685339513E1,-5.546682655E-1,5.199197978E-1,-2.724568605E-1,8.075928564E-1
2.686338213E1,-5.183890698E-1,5.641824894E-1,-3.998495632E-1,8.642388456E-1
2.687336913E1,-4.911168886E-1,6.038412295E-1,-4.885582566E-1,9.189718161E-1
2.688335613E1,-4.604469634E-1,6.302200659E-1,-4.898002052E-1,9.214624130E-1
2.689334313E1,-4.293426266E-1,6.068466984E-1,-3.737037385E-1,8.320171215E-1
2.690333013E1,-4.078215474E-1,5.804859884E-1,-1.769624734E-1,7.311621669E-1
2.691331713E1,-4.115833536E-1,5.536751890E-1,6.068357348E-2,6.925601548E-1
2.692330413E1,-4.721588998E-1,5.514162634E-1,3.249660265E-1,7.953595669E-1
2.693329113E1,-5.361097147E-1,5.892937955E-1,5.478835219E-1,9.668801152E-1
2.694327813E1,-5.693824182E-1,5.680385819E-1,6.977581841E-1,1.064767887E0
2.695326513E1,-5.263305754E-1,5.601407477E-1,7.859961766E-1,1.099350500E0
2.696325213E1,-4.495758566E-1,5.462077099E-1,8.191995907E-1,1.082381302E0
2.697323913E1,-3.556838623E-1,5.221120651E-1,8.410670078E-1,1.051905761E0
2.698322613E1,-2.670524253E-1,4.826402897E-1,8.760029519E-1,1.035200376E0
2.699321313E1,-1.982671325E-1,4.281870706E-1,9.037731332E-1,1.019539062E0
2.700320013E1,-1.396791280E-1,4.131511018E-1,8.966576564E-1,9.970953036E-1
2.701318713E1,-9.966854995E-2,3.716035648E-1,8.877938622E-1,9.675747883E-1
2.702317413E1,-1.957167232E-2,2.935185313E-1,9.045215768E-1,9.511548041E-1
2.703316213E1,8.321636718E-2,2.176020840E-1,8.869711590E-1,9.170569598E-1
2.704314913E1,1.356639730E-1,1.020166638E-1,9.100366706E-1,9.257315243E-1
2.705313613E1,8.160032468E-2,-1.225155401E-1,1.068514341E0,1.078606308E0
2.706312313E1,-3.188718757E-2,-3.893330535E-1,1.355838332E0,1.410990646E0
2.707311013E1,-7.889034122E-2,-6.189653452E-1,1.644967359E0,1.759334930E0
2.708309713E1,-5.788016248E-2,-8.599144842E-1,1.875576282E0,2.064119527E0
2.709308413E1,-2.340585608E-2,-1.059520154E0,1.965875418E0,2.233337625E0
2.710307113E1,-5.385921501E-2,-1.124453776E0,1.894357538E0,2.203607858E0
2.711305813E1,-1.529097691E-1,-1.162051227E0,1.652771053E0,2.026177831E0
2.712304513E1,-2.133238956E-1,-1.209719921E0,1.295690364E0,1.785425129E0
2.713303213E1,-1.091386456E-1,-1.184972166E0,8.972382849E-1,1.490337820E0
2.714301913E1,8.338893313E-2,-1.117459922E0,5.980631572E-1,1.270177126E0
2.715300613E1,2.659608232E-1,-1.042943005E0,3.185668337E-1,1.122474988E0
2.716299313E1,3.475032787E-1,-9.368771446E-1,1.914144516E-2,9.994316924E-1
2.717298013E1,3.681137272E-1,-8.119237541E-1,-2.949546075E-1,9.390027258E-1
2.718296713E1,3.289183423E-1,-6.428098521E-1,-6.285762674E-1,9.573400157E-1
2.719295413E1,3.319632068E-1,-5.091373859E-1,-9.244915724E-1,1.106392840E0
2.720294113E1,3.625969158E-1,-4.328338529E-1,-1.166952217E0,1.296379244E0
2.721292813E1,4.122039259E-1,-3.903283958E-1,-1.251880685E0,1.374581239E0
2.722291513E1,4.436068361E-1,-4.574143781E-1,-1.250529978E0,1.403509945E0
2.723290212E1,5.845384743E-1,-6.311009489E-1,-1.145485334E0,1.432518860E0
2.724288913E1,6.382035618E-1,-4.809250090E-1,-9.593678749E-1,1.248590954E0
2.725287613E1,5.515321479E-1,-6.086501259E-1,-7.879257578E-1,1.138187017E0
2.726286313E1,5.711693273E-1,-5.722098394E-1,-5.147999758E-1,9.584766642E-1
2.727285013E1,5.843398517E-1,-5.325639631E-1,-2.906077874E-1,8.423362293E-1
2.728283675E1,4.911577825E-1,-5.150144224E-1,-1.230657631E-1,7.222333450E-1
2.729282375E1,3.254953823E-1,-4.682301190E-1,-5.123388827E-2,5.725483382E-1
2.730281075E1,1.153936680E-1,-4.130359116E-1,-6.147294760E-2,4.332358321E-1
2.731279775E1,-9.258506846E-2,-3.821694835E-1,-1.247813362E-1,4.125480467E-1
2.732278475E1,-2.170742631E-1,-3.823950398E-1,-2.013810307E-1,4.836336648E-1
2.733277175E1,-2.772604213E-1,-4.651262708E-1,-1.801182157E-1,5.706648409E-1
2.734275875E1,-3.058656946E-1,-5.893556298E-1,-5.621220767E-2,6.663735393E-1
2.735274675E1,-3.058903991E-1,-6.856901157E-1,1.710222870E-1,7.700574613E-1
2.736273375E1,-2.885942987E-1,-7.159851247E-1,4.107616371E-1,8.744406730E-1
2.737272075E1,-3.474614346E-1,-7.177110766E-1,5.596621531E-1,9.741972919E-1
2.738270775E1,-4.083463716E-1,-7.163461903E-1,5.510135365E-1,9.917230162E-1
2.739269475E1,-3.786429546E-1,-6.887942563E-1,4.480499160E-1,9.047412568E-1
2.740268175E1,-2.594935834E-1,-6.277654047E-1,2.548497248E-1,7.255168540E-1
2.741266875E1,-1.382337694E-1,-4.868163711E-1,1.763227880E-2,5.063690862E-1
2.742265575E1,-1.380692068E-1,-3.504046306E-1,-2.873608285E-1,4.737327905E-1
2.743264275E1,-1.480947332E-1,-1.782691799E-1,-5.684815085E-1,6.139081169E-1
2.744262975E1,-1.317238084E-1,-2.458885744E-2,-7.932297671E-1,8.044682946E-1
2.745261675E1,-7.117541526E-2,5.116035953E-2,-9.823392463E-1,9.862422202E-1
2.746260375E1,-1.003758620E-2,8.503693432E-2,-1.124673924E0,1.127928840E0
2.747259075E1,5.614651786E-2,1.167629032E-1,-1.125914118E0,1.133343994E0
2.748257775E1,7.824148301E-2,1.409985888E-1,-1.054165859E0,1.066427676E0
2.749256475E1,1.229894752E-1,1.327008051E-1,-8.734635061E-1,8.920058358E-1
2.750255175E1,1.309477550E-1,1.793884832E-1,-6.588987583E-1,6.953237491E-1
2.751253875E1,5.799237421E-2,2.039959055E-1,-4.453110802E-1,4.932336192E-1
2.752252575E1,-2.722633542E-2,2.528281961E-1,-2.456748587E-1,3.535809756E-1
2.753251275E1,-7.493753208E-2,3.085043603E-1,-8.560148299E-2,3.288133026E-1
2.754249975E1,-1.362475982E-1,3.539041892E-1,4.927682519E-2,3.824131125E-1
2.755248675E1,-1.405717603E-1,3.984194805E-1,7.817902744E-2,4.296631966E-1
2.756247375E1,-1.456343527E-1,4.321703401E-1,6.556132078E-2,4.607372943E-1
2.757246075E1,-1.690561790E-1,4.516770901E-1,5.457966506E-2,4.853566989E-1
2.758244775E1,-1.599858867E-1,4.874579568E-1,3.109256923E-2,5.139819953E-1
2.759243475E1,-1.251193601E-1,5.173983322E-1,1.652364671E-2,5.325682297E-1
2.760242175E1,-1.013576826E-1,5.176734437E-1,4.940078616E-2,5.298109208E-1
2.761240875E1,-7.923806783E-2,4.952565345E-1,1.104515648E-1,5.135730275E-1
2.762239575E1,-4.560641829E-2,5.027222595E-1,1.708819538E-1,5.329261278E-1
2.763238275E1,-1.531329134E-2,5.125024585E-1,1.852655196E-1,5.451757328E-1
2.764236975E1,2.772707636E-2,5.435174060E-1,1.773770410E-1,5.724007128E-1
2.765235775E1,4.787773266E-2,5.586938542E-1,1.492495948E-1,5.802641998E-1
2.766234475E1,1.048189968E-1,6.072742760E-1,8.795206368E-2,6.224987019E-1
2.767233175E1,1.256180545E-1,6.564117913E-1,5.988308966E-2,6.710009834E-1
2.768231875E1,1.577897456E-1,6.840790616E-1,3.205385149E-2,7.027725206E-1
2.769230575E1,2.127807989E-1,7.245795085E-1,2.396598279E-2,7.555564180E-1
2.770229275E1,2.263287062E-1,7.628204450E-1,3.040259778E-2,7.962688192E-1
2.771227975E1,2.468594315E-1,7.727039936E-1,1.042967856E-1,8.178562589E-1
2.772226675E1,2.300118856E-1,7.541610110E-1,2.290921551E-1,8.210648656E-1
2.773225375E1,1.971385834E-1,7.657838139E-1,3.125319225E-1,8.502732933E-1
2.774224075E1,1.685253797E-1,7.637098065E-1,3.763414174E-1,8.679206961E-1
2.775222775E1,1.501606641E-1,7.879542629E-1,3.718776530E-1,8.841454260E-1
2.776221475E1,1.217611762E-1,8.200541613E-1,3.462574929E-1,8.984480301E-1
2.777220175E1,1.122334672E-1,8.422854213E-1,3.294262826E-1,9.113521591E-1
2.778218875E1,1.121621677E-1,9.075514577E-1,2.932805496E-1,9.603350879E-1
2.779217575E1,5.731762379E-2,9.576632653E-1,2.926683462E-1,1.003024925E0
2.780216275E1,-4.619004350E-2,9.313326685E-1,2.427500814E-1,9.635567765E-1
2.781214975E1,-1.629078866E-1,7.566494398E-1,1.968517774E-1,7.986288102E-1
2.782213675E1,-6.085833214E-2,6.129931453E-1,1.815946376E-1,6.422156532E-1
2.783212375E1,1.240979794E-1,6.605878727E-1,2.993125373E-1,7.357748576E-1
2.784211075E1,1.251113019E-1,4.815255180E-1,5.217037833E-1,7.208983977E-1
2.785209775E1,5.538358413E-2,2.315826304E-1,6.799323624E-1,7.204206227E-1
2.786208475E1,9.352387547E-2,9.396387845E-2,7.742052662E-1,7.854742007E-1
2.787207175E1,1.179090305E-1,7.552380681E-2,8.647511548E-1,8.760142377E-1
2.788205875E1,9.186743237E-2,5.945039570E-2,9.316982657E-1,9.381021442E-1
2.789204575E1,3.181400601E-2,-9.109815806E-2,9.408649457E-1,9.458001117E-1
2.790203275E1,-3.903608479E-2,-3.367222922E-1,9.382763833E-1,9.976313394E-1
2.791201975E1,-8.554681152E-2,-6.004071598E-1,9.796156132E-1,1.152151797E0
2.792200775E1,-6.663063034E-2,-8.267582864E-1,1.101171625E0,1.378603588E0
2.793199475E1,-5.559854239E-2,-9.734943093E-1,1.214869564E0,1.557783819E0
2.794198175E1,-1.234225164E-1,-1.079961874E0,1.302850864E0,1.696753117E0
2.795196875E1,-2.178815078E-1,-1.141063816E0,1.278339336E0,1.727324648E0
2.796195575E1,-2.040931886E-1,-1.116918616E0,1.205697037E0,1.656160188E0
2.797194275E1,-9.322793327E-2,-1.100764805E0,1.045821297E0,1.521222137E0
2.798192975E1,-3.456851967E-2,-9.336643919E-1,7.898366278E-1,1.223423916E0
2.799191675E1,-6.983366199E-2,-9.213329065E-1,2.978671056E-1,9.708016674E-1
2.800190375E1,6.245389111E-2,-1.026957595E0,5.513456583E-2,1.030331117E0
2.801189075E1,2.527471391E-1,-7.719600816E-1,-1.137558264E-1,8.202096512E-1
2.802187775E1,2.377398216E-1,-8.190148187E-1,-4.899522328E-1,9.835439423E-1
2.803186475E1,2.738851161E-1,-8.433595549E-1,-6.415769666E-1,1.094481338E0
2.804185175E1,3.867729232E-1,-7.164583106E-1,-7.170779693E-1,1.084945445E0
2.805183875E1,5.444803693E-1,-6.576515472E-1,-8.298415232E-1,1.190630666E0
2.806182575E1,6.428403307E-1,-5.815384872E-1,-8.947678363E-1,1.245809048E0
2.807181275E1,5.703556873E-1,-4.682538003E-1,-8.857794964E-1,1.152897458E0
2.808179975E1,3.135327465E-1,-4.389548644E-1,-8.027507883E-1,9.671571663E-1
2.809178675E1,2.634389922E-2,-4.494095398E-1,-6.742231411E-1,8.107032623E-1
2.810177375E1,-9.406715490E-2,-5.801459728E-1,-5.729142827E-1,8.207610826E-1
2.811176075E1,-1.168554354E-1,-3.636824879E-1,-7.139590645E-1,8.097269234E-1
2.812174775E1,6.251740649E-2,-4.870457281E-1,-1.183776995E0,1.281581032E0
2.813173475E1,2.671817219E-1,-7.134794466E-1,-1.010253854E0,1.265326773E0
2.814172175E1,5.528046117E-1,-6.370760724E-1,-7.076276994E-1,1.100997648E0
2.815170875E1,4.878228231E-1,-7.488384368E-1,-2.730620474E-1,9.345014675E-1
2.816169675E1,3.462433134E-1,-8.794453539E-1,2.491305631E-1,9.774326576E-1
2.817168375E1,3.351966074E-1,-8.887764868E-1,6.761059445E-1,1.165932956E0
2.818167075E1,4.487151830E-1,-8.192865680E-1,9.832537508E-1,1.356231446E0
2.819165775E1,5.200520179E-1,-7.796795757E-1,1.073743506E0,1.425229616E0
2.820164475E1,5.944759635E-1,-7.365939286E-1,9.584095162E-1,1.347041606E0
2.821163175E1,6.478608962E-1,-6.447609217E-1,5.995588750E-1,1.093119953E0
2.822161875E1,6.489177804E-1,-5.343564270E-1,1.676922977E-1,8.571766350E-1
2.823160575E1,6.157847522E-1,-4.320463791E-1,-2.450837052E-1,7.911516652E-1
2.824159275E1,5.801124975E-1,-3.291232507E-1,-5.618174368E-1,8.720616126E-1
2.825157975E1,6.057713223E-1,-2.324461180E-1,-7.843952090E-1,1.017971481E0
2.826156675E1,6.581541154E-1,-1.120680276E-1,-8.961290681E-1,1.117485297E0
2.827155375E1,6.411422262E-1,-2.562016010E-2,-9.639199322E-1,1.157955691E0
2.828154033E1,6.212108222E-1,5.917820781E-2,-9.029901910E-1,1.097632102E0
2.829152733E1,5.962729590E-1,1.223326685E-1,-7.899401236E-1,9.972522862E-1
2.830151433E1,5.592184956E-1,1.374800268E-1,-6.120286471E-1,8.403601302E-1
2.831150133E1,5.184206448E-1,1.574625939E-1,-3.862267202E-1,6.653762190E-1
2.832148833E1,5.019920884E-1,1.720908657E-1,-1.701335102E-1,5.572761741E-1
2.833147533E1,5.060751991E-1,1.329149593E-1,-1.701130450E-2,5.235149263E-1
2.834146233E1,4.488555162E-1,1.325882462E-1,5.224487185E-2,4.709357112E-1
2.835144933E1,3.977987254E-1,1.753870873E-1,3.105456233E-2,4.358541524E-1
2.836143633E1,3.419089186E-1,2.202608129E-1,-6.464857042E-2,4.118203152E-1
2.837142333E1,2.220371971E-1,3.029024354E-1,-1.867536360E-1,4.194369116E-1
2.838141033E1,1.364667409E-1,3.944286096E-1,-3.000036782E-1,5.140032163E-1
2.839139833E1,4.932195839E-2,4.603379859E-1,-3.643955559E-1,5.891755579E-1
2.840138533E1,-5.587306917E-2,5.232338534E-1,-3.756584626E-1,6.465405987E-1
2.841137233E1,-1.261370131E-1,5.753261130E-1,-3.412733263E-1,6.807188594E-1
2.842135933E1,-1.579751024E-1,6.136800469E-1,-2.305405104E-1,6.743205914E-1
2.843134633E1,-1.028545333E-1,6.209191923E-1,-1.397730124E-1,6.447140400E-1
2.844133333E1,-4.747902565E-2,6.296657498E-1,-7.173656523E-2,6.355150267E-1
2.845132033E1,-5.052019905E-2,6.508059195E-1,-7.525658906E-2,6.570876574E-1
2.846130733E1,-4.521396048E-2,6.574780311E-1,-8.562136352E-2,6.645695460E-1
2.847129433E1,-3.152076814E-2,6.709957704E-1,-1.203462231E-1,6.824310193E-1
2.848128133E1,-4.024141520E-2,6.975620100E-1,-9.082421601E-2,7.046000053E-1
2.849126833E1,-5.479122464E-2,7.314178272E-1,-2.150781333E-2,7.337824625E-1
2.850125533E1,-7.894724194E-2,7.689106125E-1,3.044294357E-2,7.735521765E-1
2.851124233E1,-1.239276792E-1,7.902655211E-1,3.490203023E-3,7.999311502E-1
2.852122933E1,-1.258181937E-1,7.498292474E-1,-3.535226583E-2,7.611333003E-1
2.853121633E1,-8.938178100E-2,7.244669496E-1,-1.167133480E-1,7.392316750E-1
2.854120333E1,-9.247408099E-2,6.986164092E-1,-1.616357517E-1,7.230093077E-1
2.855119033E1,-1.079416109E-1,6.289276850E-1,-2.117569149E-1,6.723409963E-1
2.856117733E1,-1.203350769E-1,5.914072716E-1,-1.881481969E-1,6.321731058E-1
2.857116433E1,-1.234441145E-1,5.277771400E-1,-9.612939477E-2,5.504798084E-1
2.858115133E1,-1.286567245E-1,4.657611322E-1,7.228737295E-2,4.885810571E-1
2.859113833E1,-1.275668035E-1,3.812026463E-1,2.787993354E-1,4.892012023E-1
2.860112633E1,-1.011247076E-1,3.589279707E-1,4.384265685E-1,5.755635070E-1
2.861111333E1,4.819033943E-2,4.193223993E-1,4.093711692E-1,5.879951850E-1
2.862110033E1,1.626473931E-1,4.368387571E-1,2.708377665E-1,5.391060842E-1
2.863108733E1,1.502056146E-1,3.048210530E-1,1.483625722E-1,3.707951642E-1
2.864107433E1,8.851014387E-2,1.979960775E-1,1.713052922E-1,2.763729282E-1
2.865106133E1,1.807381667E-2,1.583475700E-1,4.179186291E-1,4.472768676E-1
2.866104833E1,-1.230201914E-1,1.341577850E-1,7.804670495E-1,8.014119378E-1
2.867103533E1,-2.215642304E-1,1.231414846E-1,1.031423113E0,1.062114952E0
2.868102233E1,-2.284867856E-1,1.483021997E-1,1.117770701E0,1.150482983E0
2.869100933E1,-1.788451672E-1,2.117770877E-1,9.374519259E-1,9.775741619E-1
2.870099633E1,-1.431066928E-1,1.851466750E-1,7.239279824E-1,7.608091354E-1
2.871098333E1,-1.757097074E-1,1.336677884E-1,8.304350156E-1,8.592806841E-1
2.872097033E1,-2.848613996E-1,6.975655183E-2,1.105890328E0,1.144117744E0
2.873095733E1,-4.033721452E-1,-4.586132035E-2,1.440945141E0,1.497042166E0
2.874094433E1,-4.955379318E-1,-1.904100461E-1,1.704105513E0,1.784877987E0
2.875093133E1,-5.875560030E-1,-3.363926554E-1,1.796121976E0,1.919488533E0
2.876091833E1,-6.006876799E-1,-5.169349404E-1,1.671021967E0,1.849422027E0
2.877090533E1,-5.247107139E-1,-6.501905000E-1,1.370901344E0,1.605440599E0
2.878089233E1,-4.581038744E-1,-8.394366579E-1,9.384792817E-1,1.339871794E0
2.879087933E1,-2.302569205E-1,-9.256072211E-1,4.604132688E-1,1.059125750E0
2.880086633E1,-4.639363624E-2,-9.255592740E-1,-2.596163750E-4,9.267213208E-1
2.881085433E1,-6.361003183E-3,-9.589147156E-1,-4.501192456E-1,1.059323005E0
2.882084133E1,-1.719138778E-1,-9.555915968E-1,-4.295990270E-1,1.061727369E0
2.883082833E1,-4.080074889E-1,-9.558953597E-1,-2.265562177E-1,1.063735761E0
2.884081533E1,-2.676640441E-1,-9.086881565E-1,-4.868760127E-1,1.065085188E0
2.885080233E1,-1.598194238E-1,-8.807238476E-1,-7.731375647E-1,1.182775734E0
2.886078933E1,-5.469057944E-2,-9.230828319E-1,-1.003091015E0,1.364281700E0
2.887077633E1,-2.419541292E-3,-9.999010661E-1,-1.099132116E0,1.485900200E0
2.888076333E1,7.461123917E-2,-9.941557382E-1,-1.098673695E0,1.483575531E0
2.889075033E1,1.269393973E-3,-1.097565647E0,-8.468270999E-1,1.386278507E0
2.890073733E1,-6.333714958E-2,-1.174742462E0,-4.989739019E-1,1.277891389E0
2.891072433E1,-2.123225599E-1,-1.129695805E0,-2.012927377E-1,1.166967115E0
2.892071133E1,-3.930021814E-1,-1.139363591E0,-1.624414980E-2,1.205348074E0
2.893069833E1,-5.251800261E-1,-1.112752328E0,4.185787797E-2,1.231171753E0
2.894068533E1,-6.436125286E-1,-1.069868995E0,-3.838755548E-2,1.249131841E0
2.895067233E1,-6.912138341E-1,-1.014569976E0,-4.786723691E-1,1.317670686E0
2.896065933E1,-7.335557154E-1,-1.041347885E0,-3.287386501E-1,1.315514540E0
2.897064633E1,-7.411452551E-1,-1.141654823E0,1.487256843E-1,1.369230204E0
2.898063333E1,-6.912495022E-1,-1.201830273E0,3.185054380E-1,1.422556710E0
2.899062033E1,-7.716355611E-1,-1.233837201E0,4.661470485E-1,1.528093174E0
2.900060733E1,-9.010902113E-1,-1.245687753E0,4.884185082E-1,1.613150392E0